period_raw,specialty_code,specialty_name,total_waiting,waiting_0_18w,waiting_18_52w,waiting_52w_plus,date,pct_within_18w,pct_over_52w
RTT-FEBRUARY-2019,C_120,"Ear, Nose & Throat (ENT)",293344.0,248840.0,44355.0,149.0,2019-02-01,84.83,0.05
RTT-FEBRUARY-2019,C_320,Cardiology,201406.0,180899.0,20420.0,87.0,2019-02-01,89.82,0.04
RTT-FEBRUARY-2019,C_130,Ophthalmology,423742.0,364896.0,58705.0,141.0,2019-02-01,86.11,0.03
RTT-FEBRUARY-2019,C_300,General Medicine,42002.0,38481.0,3517.0,4.0,2019-02-01,91.62,0.01
RTT-FEBRUARY-2019,C_999,Total,4144110.0,3604256.0,537892.0,1962.0,2019-02-01,86.97,0.05
RTT-FEBRUARY-2019,C_110,Trauma & Orthopaedics,493564.0,411804.0,81264.0,496.0,2019-02-01,83.43,0.1
RTT-FEBRUARY-2019,C_410,Rheumatology,87475.0,79038.0,8433.0,4.0,2019-02-01,90.35,0.0
RTT-FEBRUARY-2019,X01,Other,864153.0,774122.0,89768.0,263.0,2019-02-01,89.58,0.03
RTT-FEBRUARY-2019,C_340,Thoracic Medicine,97285.0,88315.0,8962.0,8.0,2019-02-01,90.78,0.01
RTT-FEBRUARY-2019,C_301,Gastroenterology,219774.0,195090.0,24654.0,30.0,2019-02-01,88.77,0.01
RTT-FEBRUARY-2019,C_330,Dermatology,196691.0,175652.0,21017.0,22.0,2019-02-01,89.3,0.01
RTT-FEBRUARY-2019,C_100,General Surgery,317920.0,268842.0,48689.0,389.0,2019-02-01,84.56,0.12
RTT-FEBRUARY-2019,C_400,Neurology,126174.0,108429.0,17723.0,22.0,2019-02-01,85.94,0.02
RTT-FEBRUARY-2019,C_170,Cardiothoracic Surgery,8698.0,7272.0,1422.0,4.0,2019-02-01,83.61,0.05
RTT-FEBRUARY-2019,C_430,Geriatric Medicine,19938.0,19081.0,857.0,0.0,2019-02-01,95.7,0.0
RTT-FEBRUARY-2019,C_140,Oral Surgery,169379.0,141747.0,27554.0,78.0,2019-02-01,83.69,0.05
RTT-FEBRUARY-2019,C_502,Gynaecology,263720.0,231972.0,31684.0,64.0,2019-02-01,87.96,0.02
RTT-FEBRUARY-2019,C_101,Urology,233013.0,199351.0,33570.0,92.0,2019-02-01,85.55,0.04
RTT-FEBRUARY-2019,C_150,Neurosurgery,33140.0,27164.0,5953.0,23.0,2019-02-01,81.97,0.07
RTT-FEBRUARY-2019,C_160,Plastic Surgery,52692.0,43261.0,9345.0,86.0,2019-02-01,82.1,0.16
RTT-January-2024,C_150,Neurosurgical Service,61364.0,33011.0,24393.0,3960.0,2024-01-01,53.8,6.45
RTT-January-2024,X05,Other - Surgical Services,493185.0,282268.0,188720.0,22197.0,2024-01-01,57.23,4.5
RTT-January-2024,C_400,Neurology Service,234198.0,125348.0,101133.0,7717.0,2024-01-01,53.52,3.3
RTT-January-2024,C_170,Cardiothoracic Surgery Service,9611.0,6196.0,3110.0,305.0,2024-01-01,64.47,3.17
RTT-January-2024,C_999,Total,7575914.0,4321271.0,2933249.0,321394.0,2024-01-01,57.04,4.24
RTT-January-2024,C_160,Plastic Surgery Service,107761.0,55450.0,44704.0,7607.0,2024-01-01,51.46,7.06
RTT-January-2024,C_301,Gastroenterology Service,384402.0,227656.0,142204.0,14542.0,2024-01-01,59.22,3.78
RTT-January-2024,C_410,Rheumatology Service,124542.0,79163.0,43332.0,2047.0,2024-01-01,63.56,1.64
RTT-January-2024,X04,Other - Paediatric Services,412394.0,232869.0,161611.0,17914.0,2024-01-01,56.47,4.34
RTT-January-2024,C_100,General Surgery Service,424169.0,233202.0,168216.0,22751.0,2024-01-01,54.98,5.36
RTT-January-2024,C_502,Gynaecology Service,591081.0,309973.0,249628.0,31480.0,2024-01-01,52.44,5.33
RTT-January-2024,C_340,Respiratory Medicine Service,221959.0,135523.0,80004.0,6432.0,2024-01-01,61.06,2.9
RTT-January-2024,X02,Other - Medical Services,632670.0,403748.0,216140.0,12782.0,2024-01-01,63.82,2.02
RTT-January-2024,X03,Other - Mental Health Services,12424.0,8448.0,3092.0,884.0,2024-01-01,68.0,7.12
RTT-January-2024,C_330,Dermatology Service,408571.0,234243.0,160706.0,13622.0,2024-01-01,57.33,3.33
RTT-January-2024,C_110,Trauma and Orthopaedic Service,849406.0,462703.0,339801.0,46902.0,2024-01-01,54.47,5.52
RTT-January-2024,C_300,General Internal Medicine Service,40831.0,26981.0,13200.0,650.0,2024-01-01,66.08,1.59
RTT-January-2024,C_101,Urology Service,413969.0,236604.0,157112.0,20253.0,2024-01-01,57.16,4.89
RTT-January-2024,C_320,Cardiology Service,398450.0,238590.0,149861.0,9999.0,2024-01-01,59.88,2.51
RTT-January-2024,X06,Other - Other Services,179176.0,124900.0,48922.0,5354.0,2024-01-01,69.71,2.99
RTT-January-2024,C_140,Oral Surgery Service,323723.0,160187.0,142966.0,20570.0,2024-01-01,49.48,6.35
RTT-January-2024,C_430,Elderly Medicine Service,25343.0,19610.0,5600.0,133.0,2024-01-01,77.38,0.52
RTT-January-2024,C_120,Ear Nose and Throat Service,621169.0,300003.0,282392.0,38774.0,2024-01-01,48.3,6.24
RTT-January-2024,C_130,Ophthalmology Service,605516.0,384595.0,206402.0,14519.0,2024-01-01,63.52,2.4
RTT-February-2024,X05,Other - Surgical Services,493683.0,284930.0,187572.0,21181.0,2024-02-01,57.72,4.29
RTT-February-2024,C_340,Respiratory Medicine Service,225076.0,139633.0,79004.0,6439.0,2024-02-01,62.04,2.86
RTT-February-2024,C_300,General Internal Medicine Service,36982.0,24454.0,11858.0,670.0,2024-02-01,66.12,1.81
RTT-February-2024,C_410,Rheumatology Service,124452.0,79515.0,42926.0,2011.0,2024-02-01,63.89,1.62
RTT-February-2024,X03,Other - Mental Health Services,12214.0,8278.0,3001.0,935.0,2024-02-01,67.77,7.66
RTT-February-2024,C_330,Dermatology Service,408938.0,237524.0,159789.0,11625.0,2024-02-01,58.08,2.84
RTT-February-2024,C_320,Cardiology Service,399094.0,239037.0,150172.0,9885.0,2024-02-01,59.89,2.48
RTT-February-2024,C_400,Neurology Service,233760.0,125156.0,101105.0,7499.0,2024-02-01,53.54,3.21
RTT-February-2024,C_301,Gastroenterology Service,390450.0,233718.0,142865.0,13867.0,2024-02-01,59.86,3.55
RTT-February-2024,X02,Other - Medical Services,634165.0,406062.0,215220.0,12883.0,2024-02-01,64.03,2.03
RTT-February-2024,C_140,Oral Surgery Service,325201.0,162961.0,142161.0,20079.0,2024-02-01,50.11,6.17
RTT-February-2024,X04,Other - Paediatric Services,367154.0,215901.0,137322.0,13931.0,2024-02-01,58.8,3.79
RTT-February-2024,C_160,Plastic Surgery Service,107403.0,54953.0,45218.0,7232.0,2024-02-01,51.17,6.73
RTT-February-2024,C_170,Cardiothoracic Surgery Service,9454.0,6059.0,3068.0,327.0,2024-02-01,64.09,3.46
RTT-February-2024,C_430,Elderly Medicine Service,25131.0,19308.0,5691.0,132.0,2024-02-01,76.83,0.53
RTT-February-2024,C_120,Ear Nose and Throat Service,627870.0,308825.0,279855.0,39190.0,2024-02-01,49.19,6.24
RTT-February-2024,C_150,Neurosurgical Service,60423.0,33042.0,23998.0,3383.0,2024-02-01,54.68,5.6
RTT-February-2024,X06,Other - Other Services,173170.0,122862.0,47295.0,3013.0,2024-02-01,70.95,1.74
RTT-February-2024,C_502,Gynaecology Service,592406.0,315483.0,246801.0,30122.0,2024-02-01,53.25,5.08
RTT-February-2024,C_130,Ophthalmology Service,607752.0,389735.0,203481.0,14536.0,2024-02-01,64.13,2.39
RTT-February-2024,C_999,Total,7536907.0,4338109.0,2893879.0,304919.0,2024-02-01,57.56,4.05
RTT-February-2024,C_101,Urology Service,417869.0,239825.0,158483.0,19561.0,2024-02-01,57.39,4.68
RTT-February-2024,C_100,General Surgery Service,421906.0,233699.0,166491.0,21716.0,2024-02-01,55.39,5.15
RTT-February-2024,C_110,Trauma and Orthopaedic Service,842354.0,457149.0,340503.0,44702.0,2024-02-01,54.27,5.31
RTT-March-2024,X04,Other - Paediatric Services,364323.0,215391.0,134607.0,14325.0,2024-03-01,59.12,3.93
RTT-March-2024,X02,Other - Medical Services,639202.0,405448.0,220238.0,13516.0,2024-03-01,63.43,2.11
RTT-March-2024,C_140,Oral Surgery Service,327578.0,161911.0,144482.0,21185.0,2024-03-01,49.43,6.47
RTT-March-2024,C_400,Neurology Service,231781.0,122187.0,102403.0,7191.0,2024-03-01,52.72,3.1
RTT-March-2024,C_320,Cardiology Service,405304.0,240196.0,154556.0,10552.0,2024-03-01,59.26,2.6
RTT-March-2024,C_502,Gynaecology Service,591351.0,311929.0,248684.0,30738.0,2024-03-01,52.75,5.2
RTT-March-2024,C_340,Respiratory Medicine Service,225989.0,141010.0,78484.0,6495.0,2024-03-01,62.4,2.87
RTT-March-2024,C_160,Plastic Surgery Service,105730.0,53307.0,45316.0,7107.0,2024-03-01,50.42,6.72
RTT-March-2024,C_430,Elderly Medicine Service,24422.0,18512.0,5770.0,140.0,2024-03-01,75.8,0.57
RTT-March-2024,C_170,Cardiothoracic Surgery Service,9292.0,5997.0,2954.0,341.0,2024-03-01,64.54,3.67
RTT-March-2024,C_410,Rheumatology Service,122749.0,78756.0,41932.0,2061.0,2024-03-01,64.16,1.68
RTT-March-2024,C_330,Dermatology Service,406523.0,235590.0,159729.0,11204.0,2024-03-01,57.95,2.76
RTT-March-2024,C_301,Gastroenterology Service,390454.0,231005.0,145345.0,14104.0,2024-03-01,59.16,3.61
RTT-March-2024,C_300,General Internal Medicine Service,36541.0,24443.0,11272.0,826.0,2024-03-01,66.89,2.26
RTT-March-2024,C_150,Neurosurgical Service,59945.0,33157.0,23849.0,2939.0,2024-03-01,55.31,4.9
RTT-March-2024,X05,Other - Surgical Services,488941.0,280924.0,187030.0,20987.0,2024-03-01,57.46,4.29
RTT-March-2024,C_110,Trauma and Orthopaedic Service,835449.0,448436.0,343897.0,43116.0,2024-03-01,53.68,5.16
RTT-March-2024,X03,Other - Mental Health Services,4548.0,3380.0,1127.0,41.0,2024-03-01,74.32,0.9
RTT-March-2024,C_100,General Surgery Service,421329.0,233438.0,166896.0,20995.0,2024-03-01,55.41,4.98
RTT-March-2024,C_101,Urology Service,418750.0,238554.0,160781.0,19415.0,2024-03-01,56.97,4.64
RTT-March-2024,C_120,Ear Nose and Throat Service,639365.0,313073.0,283224.0,43068.0,2024-03-01,48.97,6.74
RTT-March-2024,X06,Other - Other Services,177922.0,124725.0,49681.0,3516.0,2024-03-01,70.1,1.98
RTT-March-2024,C_999,Total,7538830.0,4312728.0,2916803.0,309299.0,2024-03-01,57.21,4.1
RTT-March-2024,C_130,Ophthalmology Service,611342.0,391359.0,204546.0,15437.0,2024-03-01,64.02,2.53
RTT-April-2024,X04,Other - Paediatric Services,365215.0,219898.0,131643.0,13674.0,2024-04-01,60.21,3.74
RTT-April-2024,C_160,Plastic Surgery Service,104865.0,53852.0,44046.0,6967.0,2024-04-01,51.35,6.64
RTT-April-2024,C_301,Gastroenterology Service,392168.0,237712.0,141300.0,13156.0,2024-04-01,60.61,3.35
RTT-April-2024,C_400,Neurology Service,234119.0,124840.0,102034.0,7245.0,2024-04-01,53.32,3.09
RTT-April-2024,C_300,General Internal Medicine Service,37184.0,25159.0,11229.0,796.0,2024-04-01,67.66,2.14
RTT-April-2024,X06,Other - Other Services,172816.0,122117.0,47169.0,3530.0,2024-04-01,70.66,2.04
RTT-April-2024,C_100,General Surgery Service,424237.0,240288.0,164022.0,19927.0,2024-04-01,56.64,4.7
RTT-April-2024,C_120,Ear Nose and Throat Service,652244.0,327399.0,280362.0,44483.0,2024-04-01,50.2,6.82
RTT-April-2024,C_170,Cardiothoracic Surgery Service,8890.0,5809.0,2759.0,322.0,2024-04-01,65.34,3.62
RTT-April-2024,C_150,Neurosurgical Service,59305.0,32930.0,23505.0,2870.0,2024-04-01,55.53,4.84
RTT-April-2024,C_340,Respiratory Medicine Service,226651.0,144067.0,76268.0,6316.0,2024-04-01,63.56,2.79
RTT-April-2024,C_320,Cardiology Service,410149.0,246974.0,152969.0,10206.0,2024-04-01,60.22,2.49
RTT-April-2024,C_330,Dermatology Service,408453.0,245178.0,152419.0,10856.0,2024-04-01,60.03,2.66
RTT-April-2024,C_999,Total,7570371.0,4408948.0,2858834.0,302589.0,2024-04-01,58.24,4.0
RTT-April-2024,C_502,Gynaecology Service,594596.0,319772.0,245164.0,29660.0,2024-04-01,53.78,4.99
RTT-April-2024,C_430,Elderly Medicine Service,24017.0,18672.0,5198.0,147.0,2024-04-01,77.74,0.61
RTT-April-2024,X02,Other - Medical Services,641086.0,410999.0,216450.0,13637.0,2024-04-01,64.11,2.13
RTT-April-2024,X05,Other - Surgical Services,492790.0,288267.0,183972.0,20551.0,2024-04-01,58.5,4.17
RTT-April-2024,C_140,Oral Surgery Service,329714.0,164745.0,143917.0,21052.0,2024-04-01,49.97,6.38
RTT-April-2024,C_130,Ophthalmology Service,613214.0,400974.0,197181.0,15059.0,2024-04-01,65.39,2.46
RTT-April-2024,C_110,Trauma and Orthopaedic Service,832905.0,455785.0,335781.0,41339.0,2024-04-01,54.72,4.96
RTT-April-2024,X03,Other - Mental Health Services,4203.0,3072.0,1108.0,23.0,2024-04-01,73.09,0.55
RTT-April-2024,C_101,Urology Service,418444.0,239848.0,159775.0,18821.0,2024-04-01,57.32,4.5
RTT-April-2024,C_410,Rheumatology Service,123106.0,80591.0,40563.0,1952.0,2024-04-01,65.46,1.59
RTT-May-2024,X02,Other - Medical Services,644264.0,417316.0,212586.0,14362.0,2024-05-01,64.77,2.23
RTT-May-2024,C_120,Ear Nose and Throat Service,656628.0,333974.0,277262.0,45392.0,2024-05-01,50.86,6.91
RTT-May-2024,C_140,Oral Surgery Service,329608.0,167102.0,141363.0,21143.0,2024-05-01,50.7,6.41
RTT-May-2024,C_410,Rheumatology Service,123904.0,82740.0,39109.0,2055.0,2024-05-01,66.78,1.66
RTT-May-2024,X05,Other - Surgical Services,491002.0,292017.0,178087.0,20898.0,2024-05-01,59.47,4.26
RTT-May-2024,C_130,Ophthalmology Service,613435.0,407490.0,190517.0,15428.0,2024-05-01,66.43,2.52
RTT-May-2024,X03,Other - Mental Health Services,2904.0,2231.0,663.0,10.0,2024-05-01,76.83,0.34
RTT-May-2024,C_160,Plastic Surgery Service,105426.0,55929.0,42533.0,6964.0,2024-05-01,53.05,6.61
RTT-May-2024,C_502,Gynaecology Service,597021.0,324685.0,242147.0,30189.0,2024-05-01,54.38,5.06
RTT-May-2024,C_100,General Surgery Service,423275.0,241452.0,161903.0,19920.0,2024-05-01,57.04,4.71
RTT-May-2024,C_320,Cardiology Service,412379.0,250004.0,151665.0,10710.0,2024-05-01,60.62,2.6
RTT-May-2024,C_430,Elderly Medicine Service,23913.0,18856.0,4913.0,144.0,2024-05-01,78.85,0.6
RTT-May-2024,C_150,Neurosurgical Service,59298.0,34015.0,22727.0,2556.0,2024-05-01,57.36,4.31
RTT-May-2024,X06,Other - Other Services,177033.0,126284.0,46802.0,3947.0,2024-05-01,71.33,2.23
RTT-May-2024,C_300,General Internal Medicine Service,38132.0,25804.0,11568.0,760.0,2024-05-01,67.67,1.99
RTT-May-2024,C_301,Gastroenterology Service,390517.0,238399.0,139227.0,12891.0,2024-05-01,61.05,3.3
RTT-May-2024,C_999,Total,7601650.0,4491807.0,2802343.0,307500.0,2024-05-01,59.09,4.05
RTT-May-2024,C_330,Dermatology Service,423898.0,262569.0,149670.0,11659.0,2024-05-01,61.94,2.75
RTT-May-2024,C_110,Trauma and Orthopaedic Service,837731.0,469098.0,326220.0,42413.0,2024-05-01,56.0,5.06
RTT-May-2024,C_400,Neurology Service,234234.0,125936.0,100447.0,7851.0,2024-05-01,53.77,3.35
RTT-May-2024,X04,Other - Paediatric Services,362921.0,222837.0,126422.0,13662.0,2024-05-01,61.4,3.76
RTT-May-2024,C_101,Urology Service,417276.0,240855.0,158109.0,18312.0,2024-05-01,57.72,4.39
RTT-May-2024,C_340,Respiratory Medicine Service,227797.0,146137.0,75733.0,5927.0,2024-05-01,64.15,2.6
RTT-May-2024,C_170,Cardiothoracic Surgery Service,9054.0,6077.0,2670.0,307.0,2024-05-01,67.12,3.39
RTT-June-2024,C_430,Elderly Medicine Service,24474.0,19418.0,4926.0,130.0,2024-06-01,79.34,0.53
RTT-June-2024,C_120,Ear Nose and Throat Service,658437.0,329861.0,283743.0,44833.0,2024-06-01,50.1,6.81
RTT-June-2024,C_340,Respiratory Medicine Service,230131.0,146433.0,78104.0,5594.0,2024-06-01,63.63,2.43
RTT-June-2024,C_300,General Internal Medicine Service,37846.0,25694.0,11526.0,626.0,2024-06-01,67.89,1.65
RTT-June-2024,X03,Other - Mental Health Services,2800.0,2137.0,647.0,16.0,2024-06-01,76.32,0.57
RTT-June-2024,X04,Other - Paediatric Services,362968.0,221260.0,128219.0,13489.0,2024-06-01,60.96,3.72
RTT-June-2024,C_330,Dermatology Service,435109.0,272673.0,151504.0,10932.0,2024-06-01,62.67,2.51
RTT-June-2024,C_170,Cardiothoracic Surgery Service,9148.0,6170.0,2667.0,311.0,2024-06-01,67.45,3.4
RTT-June-2024,C_400,Neurology Service,234156.0,125101.0,100733.0,8322.0,2024-06-01,53.43,3.55
RTT-June-2024,C_100,General Surgery Service,423728.0,240583.0,162755.0,20390.0,2024-06-01,56.78,4.81
RTT-June-2024,C_502,Gynaecology Service,595965.0,323304.0,243600.0,29061.0,2024-06-01,54.25,4.88
RTT-June-2024,C_320,Cardiology Service,417312.0,251224.0,155862.0,10226.0,2024-06-01,60.2,2.45
RTT-June-2024,C_160,Plastic Surgery Service,107667.0,58064.0,42364.0,7239.0,2024-06-01,53.93,6.72
RTT-June-2024,C_410,Rheumatology Service,126016.0,84459.0,39217.0,2340.0,2024-06-01,67.02,1.86
RTT-June-2024,C_110,Trauma and Orthopaedic Service,840043.0,471570.0,325815.0,42658.0,2024-06-01,56.14,5.08
RTT-June-2024,C_999,Total,7621297.0,4487082.0,2831522.0,302693.0,2024-06-01,58.88,3.97
RTT-June-2024,C_101,Urology Service,414127.0,236224.0,160485.0,17418.0,2024-06-01,57.04,4.21
RTT-June-2024,X02,Other - Medical Services,646386.0,418215.0,213778.0,14393.0,2024-06-01,64.7,2.23
RTT-June-2024,C_301,Gastroenterology Service,390983.0,237239.0,141769.0,11975.0,2024-06-01,60.68,3.06
RTT-June-2024,X05,Other - Surgical Services,489801.0,289836.0,178788.0,21177.0,2024-06-01,59.17,4.32
RTT-June-2024,C_150,Neurosurgical Service,58596.0,33664.0,22309.0,2623.0,2024-06-01,57.45,4.48
RTT-June-2024,X06,Other - Other Services,177934.0,126451.0,47432.0,4051.0,2024-06-01,71.07,2.28
RTT-June-2024,C_130,Ophthalmology Service,610276.0,403453.0,191918.0,14905.0,2024-06-01,66.11,2.44
RTT-June-2024,C_140,Oral Surgery Service,327394.0,164049.0,143361.0,19984.0,2024-06-01,50.11,6.1
RTT-July-2024,C_330,Dermatology Service,441116.0,276296.0,153136.0,11684.0,2024-07-01,62.64,2.65
RTT-July-2024,C_120,Ear Nose and Throat Service,657441.0,324733.0,290574.0,42134.0,2024-07-01,49.39,6.41
RTT-July-2024,C_170,Cardiothoracic Surgery Service,9290.0,6301.0,2676.0,313.0,2024-07-01,67.83,3.37
RTT-July-2024,C_300,General Internal Medicine Service,39414.0,26838.0,12084.0,492.0,2024-07-01,68.09,1.25
RTT-July-2024,X04,Other - Paediatric Services,360170.0,216057.0,131628.0,12485.0,2024-07-01,59.99,3.47
RTT-July-2024,X02,Other - Medical Services,648193.0,418291.0,215778.0,14124.0,2024-07-01,64.53,2.18
RTT-July-2024,C_301,Gastroenterology Service,389622.0,237948.0,141189.0,10485.0,2024-07-01,61.07,2.69
RTT-July-2024,C_101,Urology Service,411030.0,232783.0,161857.0,16390.0,2024-07-01,56.63,3.99
RTT-July-2024,X03,Other - Mental Health Services,2493.0,1934.0,547.0,12.0,2024-07-01,77.58,0.48
RTT-July-2024,C_400,Neurology Service,235455.0,126389.0,100759.0,8307.0,2024-07-01,53.68,3.53
RTT-July-2024,X06,Other - Other Services,176762.0,124223.0,48388.0,4151.0,2024-07-01,70.28,2.35
RTT-July-2024,C_100,General Surgery Service,419781.0,240220.0,159366.0,20195.0,2024-07-01,57.23,4.81
RTT-July-2024,C_160,Plastic Surgery Service,107628.0,58234.0,42227.0,7167.0,2024-07-01,54.11,6.66
RTT-July-2024,C_410,Rheumatology Service,128190.0,85624.0,40155.0,2411.0,2024-07-01,66.79,1.88
RTT-July-2024,C_130,Ophthalmology Service,606819.0,398903.0,194158.0,13758.0,2024-07-01,65.74,2.27
RTT-July-2024,C_140,Oral Surgery Service,324993.0,160236.0,146068.0,18689.0,2024-07-01,49.3,5.75
RTT-July-2024,C_340,Respiratory Medicine Service,230439.0,146140.0,79354.0,4945.0,2024-07-01,63.42,2.15
RTT-July-2024,C_150,Neurosurgical Service,57745.0,33555.0,21820.0,2370.0,2024-07-01,58.11,4.1
RTT-July-2024,X05,Other - Surgical Services,490881.0,291422.0,178478.0,20981.0,2024-07-01,59.37,4.27
RTT-July-2024,C_320,Cardiology Service,417864.0,250335.0,157725.0,9804.0,2024-07-01,59.91,2.35
RTT-July-2024,C_502,Gynaecology Service,591491.0,322018.0,241802.0,27671.0,2024-07-01,54.44,4.68
RTT-July-2024,C_110,Trauma and Orthopaedic Service,850977.0,485146.0,324223.0,41608.0,2024-07-01,57.01,4.89
RTT-July-2024,C_430,Elderly Medicine Service,25287.0,20383.0,4754.0,150.0,2024-07-01,80.61,0.59
RTT-July-2024,C_999,Total,7623081.0,4484009.0,2848746.0,290326.0,2024-07-01,58.82,3.81
RTT-August-2024,C_150,Neurosurgical Service,60250.0,35400.0,22587.0,2263.0,2024-08-01,58.76,3.76
RTT-August-2024,C_410,Rheumatology Service,130556.0,86157.0,41824.0,2575.0,2024-08-01,65.99,1.97
RTT-August-2024,X05,Other - Surgical Services,489491.0,287237.0,181425.0,20829.0,2024-08-01,58.68,4.26
RTT-August-2024,C_400,Neurology Service,236621.0,125671.0,101924.0,9026.0,2024-08-01,53.11,3.81
RTT-August-2024,C_320,Cardiology Service,418669.0,246265.0,162277.0,10127.0,2024-08-01,58.82,2.42
RTT-August-2024,C_300,General Internal Medicine Service,40846.0,27680.0,12619.0,547.0,2024-08-01,67.77,1.34
RTT-August-2024,C_101,Urology Service,408622.0,229536.0,163229.0,15857.0,2024-08-01,56.17,3.88
RTT-August-2024,C_430,Elderly Medicine Service,25699.0,20628.0,4899.0,172.0,2024-08-01,80.27,0.67
RTT-August-2024,X04,Other - Paediatric Services,355940.0,208435.0,135955.0,11550.0,2024-08-01,58.56,3.24
RTT-August-2024,C_170,Cardiothoracic Surgery Service,9398.0,6480.0,2652.0,266.0,2024-08-01,68.95,2.83
RTT-August-2024,X06,Other - Other Services,177695.0,125360.0,48360.0,3975.0,2024-08-01,70.55,2.24
RTT-August-2024,C_140,Oral Surgery Service,324884.0,159081.0,148218.0,17585.0,2024-08-01,48.97,5.41
RTT-August-2024,C_120,Ear Nose and Throat Service,651027.0,314918.0,297425.0,38684.0,2024-08-01,48.37,5.94
RTT-August-2024,X02,Other - Medical Services,652957.0,416627.0,221859.0,14471.0,2024-08-01,63.81,2.22
RTT-August-2024,C_999,Total,7641774.0,4452245.0,2906865.0,282664.0,2024-08-01,58.26,3.7
RTT-August-2024,C_502,Gynaecology Service,592640.0,319942.0,246138.0,26560.0,2024-08-01,53.99,4.48
RTT-August-2024,C_330,Dermatology Service,449619.0,275772.0,160737.0,13110.0,2024-08-01,61.33,2.92
RTT-August-2024,C_340,Respiratory Medicine Service,231349.0,144682.0,82103.0,4564.0,2024-08-01,62.54,1.97
RTT-August-2024,X03,Other - Mental Health Services,2243.0,1646.0,587.0,10.0,2024-08-01,73.38,0.45
RTT-August-2024,C_301,Gastroenterology Service,390702.0,237748.0,142910.0,10044.0,2024-08-01,60.85,2.57
RTT-August-2024,C_130,Ophthalmology Service,608212.0,397342.0,197536.0,13334.0,2024-08-01,65.33,2.19
RTT-August-2024,C_160,Plastic Surgery Service,108718.0,59102.0,42487.0,7129.0,2024-08-01,54.36,6.56
RTT-August-2024,C_110,Trauma and Orthopaedic Service,853954.0,486868.0,326972.0,40114.0,2024-08-01,57.01,4.7
RTT-August-2024,C_100,General Surgery Service,421682.0,239668.0,162142.0,19872.0,2024-08-01,56.84,4.71
RTT-September-2024,C_160,Plastic Surgery Service,108226.0,59455.0,42604.0,6167.0,2024-09-01,54.94,5.7
RTT-September-2024,C_130,Ophthalmology Service,600374.0,392350.0,195730.0,12294.0,2024-09-01,65.35,2.05
RTT-September-2024,X05,Other - Surgical Services,489190.0,289870.0,180976.0,18344.0,2024-09-01,59.26,3.75
RTT-September-2024,C_999,Total,7571549.0,4429902.0,2892623.0,249024.0,2024-09-01,58.51,3.29
RTT-September-2024,C_100,General Surgery Service,413805.0,238376.0,158368.0,17061.0,2024-09-01,57.61,4.12
RTT-September-2024,C_120,Ear Nose and Throat Service,639967.0,310934.0,297472.0,31561.0,2024-09-01,48.59,4.93
RTT-September-2024,C_150,Neurosurgical Service,60565.0,35964.0,22619.0,1982.0,2024-09-01,59.38,3.27
RTT-September-2024,C_101,Urology Service,403522.0,228265.0,161191.0,14066.0,2024-09-01,56.57,3.49
RTT-September-2024,C_170,Cardiothoracic Surgery Service,9160.0,6294.0,2646.0,220.0,2024-09-01,68.71,2.4
RTT-September-2024,C_330,Dermatology Service,447259.0,271163.0,162710.0,13386.0,2024-09-01,60.63,2.99
RTT-September-2024,X03,Other - Mental Health Services,2012.0,1484.0,520.0,8.0,2024-09-01,73.76,0.4
RTT-September-2024,X02,Other - Medical Services,645924.0,412789.0,220638.0,12497.0,2024-09-01,63.91,1.93
RTT-September-2024,C_502,Gynaecology Service,587887.0,321196.0,244068.0,22623.0,2024-09-01,54.64,3.85
RTT-September-2024,X06,Other - Other Services,179496.0,126660.0,49045.0,3791.0,2024-09-01,70.56,2.11
RTT-September-2024,C_140,Oral Surgery Service,325426.0,161681.0,147917.0,15828.0,2024-09-01,49.68,4.86
RTT-September-2024,C_410,Rheumatology Service,127147.0,83453.0,41498.0,2196.0,2024-09-01,65.64,1.73
RTT-September-2024,C_340,Respiratory Medicine Service,229453.0,142051.0,83750.0,3652.0,2024-09-01,61.91,1.59
RTT-September-2024,C_110,Trauma and Orthopaedic Service,851887.0,489898.0,325610.0,36379.0,2024-09-01,57.51,4.27
RTT-September-2024,X04,Other - Paediatric Services,347863.0,202097.0,135919.0,9847.0,2024-09-01,58.1,2.83
RTT-September-2024,C_400,Neurology Service,234720.0,126698.0,99519.0,8503.0,2024-09-01,53.98,3.62
RTT-September-2024,C_300,General Internal Medicine Service,39878.0,27290.0,12031.0,557.0,2024-09-01,68.43,1.4
RTT-September-2024,C_430,Elderly Medicine Service,25373.0,20449.0,4725.0,199.0,2024-09-01,80.59,0.78
RTT-September-2024,C_320,Cardiology Service,412164.0,242201.0,160822.0,9141.0,2024-09-01,58.76,2.22
RTT-September-2024,C_301,Gastroenterology Service,390251.0,239284.0,142245.0,8722.0,2024-09-01,61.32,2.23
RTT-October-2024,C_130,Ophthalmology Service,593842.0,392659.0,190267.0,10916.0,2024-10-01,66.12,1.84
RTT-October-2024,X04,Other - Paediatric Services,343753.0,199840.0,134788.0,9125.0,2024-10-01,58.13,2.65
RTT-October-2024,C_430,Elderly Medicine Service,24458.0,19943.0,4431.0,84.0,2024-10-01,81.54,0.34
RTT-October-2024,C_120,Ear Nose and Throat Service,637647.0,310467.0,298068.0,29112.0,2024-10-01,48.69,4.57
RTT-October-2024,C_160,Plastic Surgery Service,108465.0,59865.0,42823.0,5777.0,2024-10-01,55.19,5.33
RTT-October-2024,X03,Other - Mental Health Services,3001.0,2185.0,807.0,9.0,2024-10-01,72.81,0.3
RTT-October-2024,C_110,Trauma and Orthopaedic Service,855660.0,497788.0,323243.0,34629.0,2024-10-01,58.18,4.05
RTT-October-2024,C_300,General Internal Medicine Service,39204.0,27284.0,11467.0,453.0,2024-10-01,69.59,1.16
RTT-October-2024,C_410,Rheumatology Service,125910.0,82905.0,40844.0,2161.0,2024-10-01,65.84,1.72
RTT-October-2024,C_150,Neurosurgical Service,60662.0,36549.0,22343.0,1770.0,2024-10-01,60.25,2.92
RTT-October-2024,C_101,Urology Service,404218.0,232760.0,157816.0,13642.0,2024-10-01,57.58,3.37
RTT-October-2024,C_330,Dermatology Service,436787.0,260783.0,163146.0,12858.0,2024-10-01,59.7,2.94
RTT-October-2024,C_502,Gynaecology Service,590381.0,326801.0,241498.0,22082.0,2024-10-01,55.35,3.74
RTT-October-2024,X06,Other - Other Services,175693.0,123864.0,48228.0,3601.0,2024-10-01,70.5,2.05
RTT-October-2024,C_140,Oral Surgery Service,326403.0,164383.0,146848.0,15172.0,2024-10-01,50.36,4.65
RTT-October-2024,C_999,Total,7541371.0,4444500.0,2861957.0,234914.0,2024-10-01,58.93,3.12
RTT-October-2024,C_340,Respiratory Medicine Service,226162.0,139374.0,83306.0,3482.0,2024-10-01,61.63,1.54
RTT-October-2024,X05,Other - Surgical Services,485436.0,291478.0,177188.0,16770.0,2024-10-01,60.04,3.45
RTT-October-2024,C_400,Neurology Service,234414.0,127401.0,98515.0,8498.0,2024-10-01,54.35,3.63
RTT-October-2024,C_320,Cardiology Service,412017.0,245532.0,157291.0,9194.0,2024-10-01,59.59,2.23
RTT-October-2024,X02,Other - Medical Services,643077.0,412832.0,218644.0,11601.0,2024-10-01,64.2,1.8
RTT-October-2024,C_170,Cardiothoracic Surgery Service,8928.0,6133.0,2593.0,202.0,2024-10-01,68.69,2.26
RTT-October-2024,C_301,Gastroenterology Service,392609.0,243903.0,140759.0,7947.0,2024-10-01,62.12,2.02
RTT-October-2024,C_100,General Surgery Service,412644.0,239771.0,157044.0,15829.0,2024-10-01,58.11,3.84
RTT-November-2024,C_410,Rheumatology Service,124909.0,81754.0,41170.0,1985.0,2024-11-01,65.45,1.59
RTT-November-2024,C_130,Ophthalmology Service,583645.0,388707.0,184994.0,9944.0,2024-11-01,66.6,1.7
RTT-November-2024,C_430,Elderly Medicine Service,24331.0,19951.0,4294.0,86.0,2024-11-01,82.0,0.35
RTT-November-2024,C_320,Cardiology Service,411612.0,244919.0,157039.0,9654.0,2024-11-01,59.5,2.35
RTT-November-2024,C_330,Dermatology Service,420136.0,248673.0,160092.0,11371.0,2024-11-01,59.19,2.71
RTT-November-2024,C_120,Ear Nose and Throat Service,633270.0,311915.0,293203.0,28152.0,2024-11-01,49.25,4.45
RTT-November-2024,C_160,Plastic Surgery Service,106025.0,57967.0,42973.0,5085.0,2024-11-01,54.67,4.8
RTT-November-2024,C_301,Gastroenterology Service,392808.0,246015.0,139158.0,7635.0,2024-11-01,62.63,1.94
RTT-November-2024,C_101,Urology Service,406608.0,237545.0,155925.0,13138.0,2024-11-01,58.42,3.23
RTT-November-2024,X06,Other - Other Services,174363.0,122585.0,48261.0,3517.0,2024-11-01,70.3,2.02
RTT-November-2024,C_340,Respiratory Medicine Service,223739.0,137737.0,82881.0,3121.0,2024-11-01,61.56,1.39
RTT-November-2024,C_300,General Internal Medicine Service,39777.0,27628.0,11717.0,432.0,2024-11-01,69.46,1.09
RTT-November-2024,X03,Other - Mental Health Services,3088.0,2294.0,789.0,5.0,2024-11-01,74.29,0.16
RTT-November-2024,C_150,Neurosurgical Service,59830.0,36244.0,21867.0,1719.0,2024-11-01,60.58,2.87
RTT-November-2024,C_999,Total,7479867.0,4424701.0,2833599.0,221567.0,2024-11-01,59.15,2.96
RTT-November-2024,C_110,Trauma and Orthopaedic Service,853875.0,497556.0,324334.0,31985.0,2024-11-01,58.27,3.75
RTT-November-2024,C_400,Neurology Service,234563.0,127977.0,98503.0,8083.0,2024-11-01,54.56,3.45
RTT-November-2024,C_140,Oral Surgery Service,328381.0,167942.0,145243.0,15196.0,2024-11-01,51.14,4.63
RTT-November-2024,X05,Other - Surgical Services,482367.0,290950.0,176595.0,14822.0,2024-11-01,60.32,3.07
RTT-November-2024,X02,Other - Medical Services,636871.0,408722.0,217078.0,11071.0,2024-11-01,64.18,1.74
RTT-November-2024,C_100,General Surgery Service,409066.0,237867.0,156502.0,14697.0,2024-11-01,58.15,3.59
RTT-November-2024,C_502,Gynaecology Service,584820.0,326037.0,237995.0,20788.0,2024-11-01,55.75,3.55
RTT-November-2024,C_170,Cardiothoracic Surgery Service,8977.0,6163.0,2630.0,184.0,2024-11-01,68.65,2.05
RTT-November-2024,X04,Other - Paediatric Services,336806.0,197553.0,130356.0,8897.0,2024-11-01,58.65,2.64
RTT-December-2024,C_999,Total,7463085.0,4398544.0,2864139.0,200402.0,2024-12-01,58.94,2.69
RTT-December-2024,X02,Other - Medical Services,641604.0,411589.0,219992.0,10023.0,2024-12-01,64.15,1.56
RTT-December-2024,C_150,Neurosurgical Service,59873.0,36467.0,21810.0,1596.0,2024-12-01,60.91,2.67
RTT-December-2024,C_340,Respiratory Medicine Service,219618.0,137220.0,79862.0,2536.0,2024-12-01,62.48,1.15
RTT-December-2024,C_410,Rheumatology Service,124071.0,80467.0,41908.0,1696.0,2024-12-01,64.86,1.37
RTT-December-2024,C_130,Ophthalmology Service,589336.0,393427.0,186423.0,9486.0,2024-12-01,66.76,1.61
RTT-December-2024,C_160,Plastic Surgery Service,105251.0,56586.0,44354.0,4311.0,2024-12-01,53.76,4.1
RTT-December-2024,X04,Other - Paediatric Services,337769.0,200325.0,128880.0,8564.0,2024-12-01,59.31,2.54
RTT-December-2024,C_101,Urology Service,410468.0,241215.0,157425.0,11828.0,2024-12-01,58.77,2.88
RTT-December-2024,C_301,Gastroenterology Service,396642.0,248013.0,141594.0,7035.0,2024-12-01,62.53,1.77
RTT-December-2024,C_400,Neurology Service,233555.0,126510.0,99960.0,7085.0,2024-12-01,54.17,3.03
RTT-December-2024,C_502,Gynaecology Service,586202.0,324934.0,242409.0,18859.0,2024-12-01,55.43,3.22
RTT-December-2024,C_140,Oral Surgery Service,325770.0,164481.0,147393.0,13896.0,2024-12-01,50.49,4.27
RTT-December-2024,C_300,General Internal Medicine Service,39745.0,27108.0,12258.0,379.0,2024-12-01,68.2,0.95
RTT-December-2024,X03,Other - Mental Health Services,3088.0,2336.0,745.0,7.0,2024-12-01,75.65,0.23
RTT-December-2024,C_430,Elderly Medicine Service,24582.0,20167.0,4356.0,59.0,2024-12-01,82.04,0.24
RTT-December-2024,X05,Other - Surgical Services,477532.0,285913.0,179173.0,12446.0,2024-12-01,59.87,2.61
RTT-December-2024,C_170,Cardiothoracic Surgery Service,10292.0,7029.0,3073.0,190.0,2024-12-01,68.3,1.85
RTT-December-2024,C_120,Ear Nose and Throat Service,633387.0,311845.0,295393.0,26149.0,2024-12-01,49.23,4.13
RTT-December-2024,C_100,General Surgery Service,407980.0,235553.0,158689.0,13738.0,2024-12-01,57.74,3.37
RTT-December-2024,C_110,Trauma and Orthopaedic Service,853202.0,489190.0,334808.0,29204.0,2024-12-01,57.34,3.42
RTT-December-2024,X06,Other - Other Services,166250.0,118240.0,45047.0,2963.0,2024-12-01,71.12,1.78
RTT-December-2024,C_320,Cardiology Service,412953.0,247292.0,156842.0,8819.0,2024-12-01,59.88,2.14
RTT-December-2024,C_330,Dermatology Service,403915.0,232637.0,161745.0,9533.0,2024-12-01,57.6,2.36
RTT-January-2025,C_101,Urology Service,411866.0,243912.0,156151.0,11803.0,2025-01-01,59.22,2.87
RTT-January-2025,X02,Other - Medical Services,631833.0,404521.0,217022.0,10290.0,2025-01-01,64.02,1.63
RTT-January-2025,C_320,Cardiology Service,415196.0,250129.0,156241.0,8826.0,2025-01-01,60.24,2.13
RTT-January-2025,C_330,Dermatology Service,400119.0,228718.0,162311.0,9090.0,2025-01-01,57.16,2.27
RTT-January-2025,C_400,Neurology Service,232985.0,125291.0,100422.0,7272.0,2025-01-01,53.78,3.12
RTT-January-2025,C_150,Neurosurgical Service,59655.0,35992.0,22041.0,1622.0,2025-01-01,60.33,2.72
RTT-January-2025,C_430,Elderly Medicine Service,24159.0,19680.0,4437.0,42.0,2025-01-01,81.46,0.17
RTT-January-2025,C_300,General Internal Medicine Service,39415.0,27110.0,12020.0,285.0,2025-01-01,68.78,0.72
RTT-January-2025,C_502,Gynaecology Service,582922.0,321489.0,242628.0,18805.0,2025-01-01,55.15,3.23
RTT-January-2025,C_110,Trauma and Orthopaedic Service,847963.0,479617.0,339895.0,28451.0,2025-01-01,56.56,3.36
RTT-January-2025,C_170,Cardiothoracic Surgery Service,10173.0,6972.0,3012.0,189.0,2025-01-01,68.53,1.86
RTT-January-2025,C_100,General Surgery Service,406921.0,234847.0,158945.0,13129.0,2025-01-01,57.71,3.23
RTT-January-2025,C_410,Rheumatology Service,122534.0,79155.0,41722.0,1657.0,2025-01-01,64.6,1.35
RTT-January-2025,C_120,Ear Nose and Throat Service,637631.0,315556.0,295431.0,26644.0,2025-01-01,49.49,4.18
RTT-January-2025,C_999,Total,7427669.0,4371844.0,2856997.0,198828.0,2025-01-01,58.86,2.68
RTT-January-2025,X03,Other - Mental Health Services,3005.0,2303.0,697.0,5.0,2025-01-01,76.64,0.17
RTT-January-2025,X05,Other - Surgical Services,480582.0,288424.0,180116.0,12042.0,2025-01-01,60.02,2.51
RTT-January-2025,C_340,Respiratory Medicine Service,219832.0,139054.0,78035.0,2743.0,2025-01-01,63.25,1.25
RTT-January-2025,X04,Other - Paediatric Services,331749.0,198334.0,124912.0,8503.0,2025-01-01,59.78,2.56
RTT-January-2025,C_301,Gastroenterology Service,395862.0,247323.0,141442.0,7097.0,2025-01-01,62.48,1.79
RTT-January-2025,C_130,Ophthalmology Service,579892.0,387020.0,183671.0,9201.0,2025-01-01,66.74,1.59
RTT-January-2025,C_140,Oral Surgery Service,325158.0,164500.0,146807.0,13851.0,2025-01-01,50.59,4.26
RTT-January-2025,X06,Other - Other Services,163723.0,116619.0,44012.0,3092.0,2025-01-01,71.23,1.89
RTT-January-2025,C_160,Plastic Surgery Service,104494.0,55278.0,45027.0,4189.0,2025-01-01,52.9,4.01
RTT-February-2025,C_160,Plastic Surgery Service,102844.0,54823.0,44223.0,3798.0,2025-02-01,53.31,3.69
RTT-February-2025,C_330,Dermatology Service,389749.0,225935.0,155200.0,8614.0,2025-02-01,57.97,2.21
RTT-February-2025,X03,Other - Mental Health Services,2974.0,2258.0,708.0,8.0,2025-02-01,75.92,0.27
RTT-February-2025,C_130,Ophthalmology Service,582395.0,392636.0,180533.0,9226.0,2025-02-01,67.42,1.58
RTT-February-2025,C_110,Trauma and Orthopaedic Service,841700.0,473041.0,342011.0,26648.0,2025-02-01,56.2,3.17
RTT-February-2025,C_502,Gynaecology Service,581573.0,322797.0,240608.0,18168.0,2025-02-01,55.5,3.12
RTT-February-2025,C_300,General Internal Medicine Service,42178.0,29260.0,12608.0,310.0,2025-02-01,69.37,0.73
RTT-February-2025,C_150,Neurosurgical Service,59364.0,35493.0,22330.0,1541.0,2025-02-01,59.79,2.6
RTT-February-2025,C_100,General Surgery Service,407640.0,237157.0,157824.0,12659.0,2025-02-01,58.18,3.11
RTT-February-2025,C_320,Cardiology Service,411581.0,248491.0,154918.0,8172.0,2025-02-01,60.37,1.99
RTT-February-2025,C_410,Rheumatology Service,121539.0,78844.0,41106.0,1589.0,2025-02-01,64.87,1.31
RTT-February-2025,C_999,Total,7401153.0,4379951.0,2827677.0,193525.0,2025-02-01,59.18,2.61
RTT-February-2025,C_101,Urology Service,412747.0,245271.0,155233.0,12243.0,2025-02-01,59.42,2.97
RTT-February-2025,X02,Other - Medical Services,629526.0,404183.0,215350.0,9993.0,2025-02-01,64.2,1.59
RTT-February-2025,C_430,Elderly Medicine Service,23950.0,19512.0,4388.0,50.0,2025-02-01,81.47,0.21
RTT-February-2025,X04,Other - Paediatric Services,332249.0,201190.0,122431.0,8628.0,2025-02-01,60.55,2.6
RTT-February-2025,C_120,Ear Nose and Throat Service,634084.0,318084.0,289610.0,26390.0,2025-02-01,50.16,4.16
RTT-February-2025,C_340,Respiratory Medicine Service,216816.0,137794.0,76088.0,2934.0,2025-02-01,63.55,1.35
RTT-February-2025,C_301,Gastroenterology Service,394200.0,246268.0,141490.0,6442.0,2025-02-01,62.47,1.63
RTT-February-2025,C_400,Neurology Service,229775.0,123341.0,99211.0,7223.0,2025-02-01,53.68,3.14
RTT-February-2025,X05,Other - Surgical Services,483017.0,292890.0,178354.0,11773.0,2025-02-01,60.64,2.44
RTT-February-2025,X06,Other - Other Services,163840.0,117827.0,43126.0,2887.0,2025-02-01,71.92,1.76
RTT-February-2025,C_140,Oral Surgery Service,327310.0,166045.0,147206.0,14059.0,2025-02-01,50.73,4.3
RTT-February-2025,C_170,Cardiothoracic Surgery Service,10102.0,6811.0,3121.0,170.0,2025-02-01,67.42,1.68
RTT-March-2025,X02,Other - Medical Services,629580.0,408919.0,211098.0,9563.0,2025-03-01,64.95,1.52
RTT-March-2025,X05,Other - Surgical Services,484335.0,295105.0,177895.0,11335.0,2025-03-01,60.93,2.34
RTT-March-2025,C_400,Neurology Service,226120.0,122232.0,97643.0,6245.0,2025-03-01,54.06,2.76
RTT-March-2025,C_110,Trauma and Orthopaedic Service,843066.0,478393.0,341038.0,23635.0,2025-03-01,56.74,2.8
RTT-March-2025,C_120,Ear Nose and Throat Service,637737.0,324966.0,287664.0,25107.0,2025-03-01,50.96,3.94
RTT-March-2025,C_430,Elderly Medicine Service,23987.0,19505.0,4438.0,44.0,2025-03-01,81.31,0.18
RTT-March-2025,C_320,Cardiology Service,415194.0,252962.0,154383.0,7849.0,2025-03-01,60.93,1.89
RTT-March-2025,C_301,Gastroenterology Service,395202.0,247353.0,141540.0,6309.0,2025-03-01,62.59,1.6
RTT-March-2025,C_170,Cardiothoracic Surgery Service,10178.0,6852.0,3147.0,179.0,2025-03-01,67.32,1.76
RTT-March-2025,C_100,General Surgery Service,403986.0,238183.0,154420.0,11383.0,2025-03-01,58.96,2.82
RTT-March-2025,C_101,Urology Service,414585.0,248123.0,154619.0,11843.0,2025-03-01,59.85,2.86
RTT-March-2025,C_410,Rheumatology Service,122137.0,80432.0,40173.0,1532.0,2025-03-01,65.85,1.25
RTT-March-2025,C_502,Gynaecology Service,582709.0,325212.0,240667.0,16830.0,2025-03-01,55.81,2.89
RTT-March-2025,C_140,Oral Surgery Service,328829.0,166642.0,148869.0,13318.0,2025-03-01,50.68,4.05
RTT-March-2025,C_130,Ophthalmology Service,586084.0,399949.0,177650.0,8485.0,2025-03-01,68.24,1.45
RTT-March-2025,C_340,Respiratory Medicine Service,216131.0,138767.0,74460.0,2904.0,2025-03-01,64.21,1.34
RTT-March-2025,C_330,Dermatology Service,395257.0,235157.0,152113.0,7987.0,2025-03-01,59.49,2.02
RTT-March-2025,C_160,Plastic Surgery Service,102628.0,55467.0,43741.0,3420.0,2025-03-01,54.05,3.33
RTT-March-2025,C_300,General Internal Medicine Service,40538.0,27327.0,12875.0,336.0,2025-03-01,67.41,0.83
RTT-March-2025,C_999,Total,7418598.0,4434722.0,2803633.0,180243.0,2025-03-01,59.78,2.43
RTT-March-2025,X03,Other - Mental Health Services,2802.0,2154.0,644.0,4.0,2025-03-01,76.87,0.14
RTT-March-2025,X06,Other - Other Services,167587.0,122217.0,42563.0,2807.0,2025-03-01,72.93,1.67
RTT-March-2025,C_150,Neurosurgical Service,58423.0,34732.0,22332.0,1359.0,2025-03-01,59.45,2.33
RTT-March-2025,X04,Other - Paediatric Services,331503.0,204073.0,119661.0,7769.0,2025-03-01,61.56,2.34
RTT-April-2025,C_150,Neurosurgical Service,58329.0,34214.0,22717.0,1398.0,2025-04-01,58.66,2.4
RTT-April-2025,C_430,Elderly Medicine Service,23571.0,19262.0,4261.0,48.0,2025-04-01,81.72,0.2
RTT-April-2025,C_110,Trauma and Orthopaedic Service,844120.0,477639.0,341886.0,24595.0,2025-04-01,56.58,2.91
RTT-April-2025,C_410,Rheumatology Service,123675.0,82098.0,39959.0,1618.0,2025-04-01,66.38,1.31
RTT-April-2025,X05,Other - Surgical Services,481133.0,294570.0,174590.0,11973.0,2025-04-01,61.22,2.49
RTT-April-2025,C_300,General Internal Medicine Service,37671.0,25675.0,11718.0,278.0,2025-04-01,68.16,0.74
RTT-April-2025,C_140,Oral Surgery Service,329477.0,165944.0,149804.0,13729.0,2025-04-01,50.37,4.17
RTT-April-2025,X06,Other - Other Services,165090.0,120362.0,41760.0,2968.0,2025-04-01,72.91,1.8
RTT-April-2025,C_320,Cardiology Service,409020.0,247379.0,153940.0,7701.0,2025-04-01,60.48,1.88
RTT-April-2025,C_400,Neurology Service,223699.0,120448.0,96629.0,6622.0,2025-04-01,53.84,2.96
RTT-April-2025,C_502,Gynaecology Service,580003.0,319750.0,242079.0,18174.0,2025-04-01,55.13,3.13
RTT-April-2025,C_999,Total,7389065.0,4413682.0,2785360.0,190023.0,2025-04-01,59.73,2.57
RTT-April-2025,C_301,Gastroenterology Service,387015.0,241934.0,138243.0,6838.0,2025-04-01,62.51,1.77
RTT-April-2025,C_170,Cardiothoracic Surgery Service,9872.0,6594.0,3104.0,174.0,2025-04-01,66.79,1.76
RTT-April-2025,C_340,Respiratory Medicine Service,212881.0,136172.0,73857.0,2852.0,2025-04-01,63.97,1.34
RTT-April-2025,C_160,Plastic Surgery Service,101264.0,54628.0,43038.0,3598.0,2025-04-01,53.95,3.55
RTT-April-2025,C_330,Dermatology Service,401261.0,243019.0,149073.0,9169.0,2025-04-01,60.56,2.29
RTT-April-2025,C_120,Ear Nose and Throat Service,638914.0,325185.0,287060.0,26669.0,2025-04-01,50.9,4.17
RTT-April-2025,X03,Other - Mental Health Services,2502.0,1845.0,652.0,5.0,2025-04-01,73.74,0.2
RTT-April-2025,X04,Other - Paediatric Services,331432.0,202858.0,120065.0,8509.0,2025-04-01,61.21,2.57
RTT-April-2025,C_130,Ophthalmology Service,588639.0,405214.0,174139.0,9286.0,2025-04-01,68.84,1.58
RTT-April-2025,C_100,General Surgery Service,397004.0,234740.0,150529.0,11735.0,2025-04-01,59.13,2.96
RTT-April-2025,X02,Other - Medical Services,633842.0,412167.0,211659.0,10016.0,2025-04-01,65.03,1.58
RTT-April-2025,C_101,Urology Service,408651.0,241985.0,154598.0,12068.0,2025-04-01,59.22,2.95
RTT-May-2025,X05,Other - Surgical Services,480884.0,299253.0,168945.0,12686.0,2025-05-01,62.23,2.64
RTT-May-2025,C_140,Oral Surgery Service,329587.0,170423.0,145464.0,13700.0,2025-05-01,51.71,4.16
RTT-May-2025,C_340,Respiratory Medicine Service,207710.0,134639.0,69971.0,3100.0,2025-05-01,64.82,1.49
RTT-May-2025,C_410,Rheumatology Service,122989.0,83502.0,37846.0,1641.0,2025-05-01,67.89,1.33
RTT-May-2025,X02,Other - Medical Services,638827.0,420640.0,207034.0,11153.0,2025-05-01,65.85,1.75
RTT-May-2025,C_130,Ophthalmology Service,589546.0,414116.0,165881.0,9549.0,2025-05-01,70.24,1.62
RTT-May-2025,C_502,Gynaecology Service,578272.0,326246.0,233623.0,18403.0,2025-05-01,56.42,3.18
RTT-May-2025,C_999,Total,7355950.0,4482076.0,2677035.0,196839.0,2025-05-01,60.93,2.68
RTT-May-2025,C_100,General Surgery Service,394228.0,237313.0,145447.0,11468.0,2025-05-01,60.2,2.91
RTT-May-2025,C_301,Gastroenterology Service,376849.0,240350.0,129956.0,6543.0,2025-05-01,63.78,1.74
RTT-May-2025,X04,Other - Paediatric Services,330317.0,206091.0,115159.0,9067.0,2025-05-01,62.39,2.74
RTT-May-2025,C_300,General Internal Medicine Service,35865.0,25210.0,10394.0,261.0,2025-05-01,70.29,0.73
RTT-May-2025,C_430,Elderly Medicine Service,23599.0,19598.0,3943.0,58.0,2025-05-01,83.05,0.25
RTT-May-2025,C_110,Trauma and Orthopaedic Service,843398.0,489666.0,328571.0,25161.0,2025-05-01,58.06,2.98
RTT-May-2025,C_320,Cardiology Service,400038.0,245882.0,146501.0,7655.0,2025-05-01,61.46,1.91
RTT-May-2025,C_120,Ear Nose and Throat Service,636238.0,328412.0,279296.0,28530.0,2025-05-01,51.62,4.48
RTT-May-2025,C_170,Cardiothoracic Surgery Service,9762.0,6567.0,3003.0,192.0,2025-05-01,67.27,1.97
RTT-May-2025,C_101,Urology Service,400589.0,240125.0,148606.0,11858.0,2025-05-01,59.94,2.96
RTT-May-2025,C_400,Neurology Service,222406.0,123241.0,92414.0,6751.0,2025-05-01,55.41,3.04
RTT-May-2025,C_150,Neurosurgical Service,57858.0,34890.0,21345.0,1623.0,2025-05-01,60.3,2.81
RTT-May-2025,C_160,Plastic Surgery Service,101834.0,56719.0,41191.0,3924.0,2025-05-01,55.7,3.85
RTT-May-2025,X03,Other - Mental Health Services,2428.0,1874.0,550.0,4.0,2025-05-01,77.18,0.16
RTT-May-2025,C_330,Dermatology Service,413232.0,258104.0,144563.0,10565.0,2025-05-01,62.46,2.56
RTT-May-2025,X06,Other - Other Services,159494.0,119215.0,37332.0,2947.0,2025-05-01,74.75,1.85
RTT-June-2025,C_320,Cardiology Service,395307.0,244312.0,143638.0,7357.0,2025-06-01,61.8,1.86
RTT-June-2025,C_150,Neurosurgical Service,57090.0,34464.0,21200.0,1426.0,2025-06-01,60.37,2.5
RTT-June-2025,X05,Other - Surgical Services,485325.0,305744.0,167250.0,12331.0,2025-06-01,63.0,2.54
RTT-June-2025,C_140,Oral Surgery Service,327657.0,169222.0,145276.0,13159.0,2025-06-01,51.65,4.02
RTT-June-2025,X06,Other - Other Services,155400.0,115830.0,36593.0,2977.0,2025-06-01,74.54,1.92
RTT-June-2025,X03,Other - Mental Health Services,2463.0,1829.0,630.0,4.0,2025-06-01,74.26,0.16
RTT-June-2025,C_110,Trauma and Orthopaedic Service,848356.0,499760.0,323064.0,25532.0,2025-06-01,58.91,3.01
RTT-June-2025,C_100,General Surgery Service,394989.0,241189.0,142790.0,11010.0,2025-06-01,61.06,2.79
RTT-June-2025,C_999,Total,7367836.0,4533070.0,2643011.0,191755.0,2025-06-01,61.53,2.6
RTT-June-2025,C_120,Ear Nose and Throat Service,635920.0,329485.0,278606.0,27829.0,2025-06-01,51.81,4.38
RTT-June-2025,C_340,Respiratory Medicine Service,203990.0,134701.0,66718.0,2571.0,2025-06-01,66.03,1.26
RTT-June-2025,C_300,General Internal Medicine Service,35558.0,24857.0,10471.0,230.0,2025-06-01,69.91,0.65
RTT-June-2025,C_400,Neurology Service,222585.0,125636.0,90231.0,6718.0,2025-06-01,56.44,3.02
RTT-June-2025,C_410,Rheumatology Service,124146.0,85401.0,37269.0,1476.0,2025-06-01,68.79,1.19
RTT-June-2025,C_430,Elderly Medicine Service,24341.0,20501.0,3792.0,48.0,2025-06-01,84.22,0.2
RTT-June-2025,C_160,Plastic Surgery Service,102925.0,58667.0,40191.0,4067.0,2025-06-01,57.0,3.95
RTT-June-2025,X02,Other - Medical Services,643170.0,426742.0,205436.0,10992.0,2025-06-01,66.35,1.71
RTT-June-2025,X04,Other - Paediatric Services,328080.0,205333.0,113787.0,8960.0,2025-06-01,62.59,2.73
RTT-June-2025,C_130,Ophthalmology Service,592361.0,418677.0,164878.0,8806.0,2025-06-01,70.68,1.49
RTT-June-2025,C_330,Dermatology Service,428279.0,272606.0,144773.0,10900.0,2025-06-01,63.65,2.55
RTT-June-2025,C_101,Urology Service,395910.0,238451.0,146333.0,11126.0,2025-06-01,60.23,2.81
RTT-June-2025,C_170,Cardiothoracic Surgery Service,10107.0,7194.0,2741.0,172.0,2025-06-01,71.18,1.7
RTT-June-2025,C_301,Gastroenterology Service,373867.0,241376.0,126316.0,6175.0,2025-06-01,64.56,1.65
RTT-June-2025,C_502,Gynaecology Service,580010.0,331093.0,231028.0,17889.0,2025-06-01,57.08,3.08
RTT-July-2025,C_110,Trauma and Orthopaedic Service,847453.0,498780.0,322240.0,26433.0,2025-07-01,58.86,3.12
RTT-July-2025,X05,Other - Surgical Services,476584.0,299073.0,165104.0,12407.0,2025-07-01,62.75,2.6
RTT-July-2025,C_330,Dermatology Service,436979.0,280075.0,145702.0,11202.0,2025-07-01,64.09,2.56
RTT-July-2025,C_999,Total,7299023.0,4468469.0,2641138.0,189416.0,2025-07-01,61.22,2.6
RTT-July-2025,C_170,Cardiothoracic Surgery Service,9034.0,6376.0,2483.0,175.0,2025-07-01,70.58,1.94
RTT-July-2025,X04,Other - Paediatric Services,329526.0,203907.0,116886.0,8733.0,2025-07-01,61.88,2.65
RTT-July-2025,X02,Other - Medical Services,628175.0,416156.0,201408.0,10611.0,2025-07-01,66.25,1.69
RTT-July-2025,C_100,General Surgery Service,395120.0,241466.0,142547.0,11107.0,2025-07-01,61.11,2.81
RTT-July-2025,C_340,Respiratory Medicine Service,199887.0,131432.0,65959.0,2496.0,2025-07-01,65.75,1.25
RTT-July-2025,C_320,Cardiology Service,388296.0,239231.0,142128.0,6937.0,2025-07-01,61.61,1.79
RTT-July-2025,C_502,Gynaecology Service,574663.0,324250.0,232408.0,18005.0,2025-07-01,56.42,3.13
RTT-July-2025,X06,Other - Other Services,151789.0,112670.0,36503.0,2616.0,2025-07-01,74.23,1.72
RTT-July-2025,C_410,Rheumatology Service,123212.0,83782.0,37957.0,1473.0,2025-07-01,68.0,1.2
RTT-July-2025,C_400,Neurology Service,218289.0,122110.0,89526.0,6653.0,2025-07-01,55.94,3.05
RTT-July-2025,C_300,General Internal Medicine Service,32845.0,22352.0,10211.0,282.0,2025-07-01,68.05,0.86
RTT-July-2025,C_120,Ear Nose and Throat Service,628560.0,320013.0,281560.0,26987.0,2025-07-01,50.91,4.29
RTT-July-2025,C_101,Urology Service,389366.0,234116.0,145190.0,10060.0,2025-07-01,60.13,2.58
RTT-July-2025,C_160,Plastic Surgery Service,101766.0,58918.0,38687.0,4161.0,2025-07-01,57.9,4.09
RTT-July-2025,X03,Other - Mental Health Services,2628.0,1932.0,693.0,3.0,2025-07-01,73.52,0.11
RTT-July-2025,C_140,Oral Surgery Service,322308.0,164794.0,144544.0,12970.0,2025-07-01,51.13,4.02
RTT-July-2025,C_150,Neurosurgical Service,56894.0,33921.0,21556.0,1417.0,2025-07-01,59.62,2.49
RTT-July-2025,C_301,Gastroenterology Service,374892.0,241775.0,126655.0,6462.0,2025-07-01,64.49,1.72
RTT-July-2025,C_130,Ophthalmology Service,585619.0,410068.0,167353.0,8198.0,2025-07-01,70.02,1.4
RTT-July-2025,C_430,Elderly Medicine Service,25138.0,21272.0,3838.0,28.0,2025-07-01,84.62,0.11
RTT-August-2025,C_300,General Internal Medicine Service,32547.0,22077.0,10156.0,314.0,2025-08-01,67.83,0.96
RTT-August-2025,C_140,Oral Surgery Service,321005.0,162193.0,145731.0,13081.0,2025-08-01,50.53,4.08
RTT-August-2025,C_101,Urology Service,386948.0,231899.0,145225.0,9824.0,2025-08-01,59.93,2.54
RTT-August-2025,C_502,Gynaecology Service,575444.0,323933.0,233178.0,18333.0,2025-08-01,56.29,3.19
RTT-August-2025,C_999,Total,7312356.0,4458454.0,2665200.0,188702.0,2025-08-01,60.97,2.58
RTT-August-2025,C_100,General Surgery Service,395490.0,241613.0,142507.0,11370.0,2025-08-01,61.09,2.87
RTT-August-2025,C_170,Cardiothoracic Surgery Service,9073.0,6295.0,2623.0,155.0,2025-08-01,69.38,1.71
RTT-August-2025,C_410,Rheumatology Service,123777.0,83141.0,39243.0,1393.0,2025-08-01,67.17,1.13
RTT-August-2025,C_120,Ear Nose and Throat Service,623636.0,312981.0,284501.0,26154.0,2025-08-01,50.19,4.19
RTT-August-2025,C_340,Respiratory Medicine Service,196465.0,128988.0,64878.0,2599.0,2025-08-01,65.65,1.32
RTT-August-2025,X02,Other - Medical Services,639710.0,423625.0,205350.0,10735.0,2025-08-01,66.22,1.68
RTT-August-2025,C_430,Elderly Medicine Service,25895.0,21645.0,4213.0,37.0,2025-08-01,83.59,0.14
RTT-August-2025,C_400,Neurology Service,219135.0,122715.0,89720.0,6700.0,2025-08-01,56.0,3.06
RTT-August-2025,C_160,Plastic Surgery Service,102301.0,59251.0,38849.0,4201.0,2025-08-01,57.92,4.11
RTT-August-2025,C_150,Neurosurgical Service,57492.0,34173.0,21834.0,1485.0,2025-08-01,59.44,2.58
RTT-August-2025,X04,Other - Paediatric Services,327767.0,198758.0,120854.0,8155.0,2025-08-01,60.64,2.49
RTT-August-2025,X03,Other - Mental Health Services,2752.0,1948.0,802.0,2.0,2025-08-01,70.78,0.07
RTT-August-2025,X06,Other - Other Services,150226.0,111242.0,36721.0,2263.0,2025-08-01,74.05,1.51
RTT-August-2025,C_301,Gastroenterology Service,377569.0,241754.0,128863.0,6952.0,2025-08-01,64.03,1.84
RTT-August-2025,C_320,Cardiology Service,386717.0,236366.0,143425.0,6926.0,2025-08-01,61.12,1.79
RTT-August-2025,C_130,Ophthalmology Service,587377.0,410068.0,169210.0,8099.0,2025-08-01,69.81,1.38
RTT-August-2025,C_330,Dermatology Service,439693.0,282299.0,146916.0,10478.0,2025-08-01,64.2,2.38
RTT-August-2025,C_110,Trauma and Orthopaedic Service,856471.0,504071.0,325607.0,26793.0,2025-08-01,58.85,3.13
RTT-August-2025,X05,Other - Surgical Services,474866.0,297419.0,164794.0,12653.0,2025-08-01,62.63,2.66
RTT-September-2025,C_140,Oral Surgery Service,318417.0,162163.0,143434.0,12820.0,2025-09-01,50.93,4.03
RTT-September-2025,C_330,Dermatology Service,436209.0,279158.0,147410.0,9641.0,2025-09-01,64.0,2.21
RTT-September-2025,X04,Other - Paediatric Services,321000.0,195500.0,118379.0,7121.0,2025-09-01,60.9,2.22
RTT-September-2025,X02,Other - Medical Services,635537.0,423954.0,201780.0,9803.0,2025-09-01,66.71,1.54
RTT-September-2025,C_100,General Surgery Service,393730.0,243483.0,139321.0,10926.0,2025-09-01,61.84,2.77
RTT-September-2025,C_130,Ophthalmology Service,589819.0,416582.0,166129.0,7108.0,2025-09-01,70.63,1.21
RTT-September-2025,C_101,Urology Service,388133.0,238155.0,140763.0,9215.0,2025-09-01,61.36,2.37
RTT-September-2025,C_999,Total,7296893.0,4505684.0,2612677.0,178532.0,2025-09-01,61.75,2.45
RTT-September-2025,C_430,Elderly Medicine Service,26027.0,21893.0,4108.0,26.0,2025-09-01,84.12,0.1
RTT-September-2025,X06,Other - Other Services,150541.0,112734.0,35783.0,2024.0,2025-09-01,74.89,1.34
RTT-September-2025,C_400,Neurology Service,219221.0,125336.0,88091.0,5794.0,2025-09-01,57.17,2.64
RTT-September-2025,C_340,Respiratory Medicine Service,191905.0,127596.0,62114.0,2195.0,2025-09-01,66.49,1.14
RTT-September-2025,C_170,Cardiothoracic Surgery Service,9024.0,6322.0,2543.0,159.0,2025-09-01,70.06,1.76
RTT-September-2025,X03,Other - Mental Health Services,2662.0,1790.0,871.0,1.0,2025-09-01,67.24,0.04
RTT-September-2025,C_160,Plastic Surgery Service,104001.0,61083.0,38732.0,4186.0,2025-09-01,58.73,4.02
RTT-September-2025,X05,Other - Surgical Services,475473.0,301035.0,162258.0,12180.0,2025-09-01,63.31,2.56
RTT-September-2025,C_150,Neurosurgical Service,57571.0,35061.0,21060.0,1450.0,2025-09-01,60.9,2.52
RTT-September-2025,C_502,Gynaecology Service,575642.0,328733.0,228521.0,18388.0,2025-09-01,57.11,3.19
RTT-September-2025,C_320,Cardiology Service,388454.0,242334.0,139232.0,6888.0,2025-09-01,62.38,1.77
RTT-September-2025,C_110,Trauma and Orthopaedic Service,860865.0,514085.0,320190.0,26590.0,2025-09-01,59.72,3.09
RTT-September-2025,C_300,General Internal Medicine Service,33263.0,22912.0,10030.0,321.0,2025-09-01,68.88,0.97
RTT-September-2025,C_120,Ear Nose and Throat Service,617531.0,316223.0,277471.0,23837.0,2025-09-01,51.21,3.86
RTT-September-2025,C_410,Rheumatology Service,122269.0,82445.0,38579.0,1245.0,2025-09-01,67.43,1.02
RTT-September-2025,C_301,Gastroenterology Service,379599.0,247107.0,125878.0,6614.0,2025-09-01,65.1,1.74
RTT-October-2025,C_400,Neurology Service,221595.0,127668.0,88512.0,5415.0,2025-10-01,57.61,2.44
RTT-October-2025,C_140,Oral Surgery Service,317188.0,161623.0,142894.0,12671.0,2025-10-01,50.95,3.99
RTT-October-2025,C_120,Ear Nose and Throat Service,613974.0,314759.0,277179.0,22036.0,2025-10-01,51.27,3.59
RTT-October-2025,X03,Other - Mental Health Services,2891.0,2040.0,849.0,2.0,2025-10-01,70.56,0.07
RTT-October-2025,X04,Other - Paediatric Services,319175.0,194393.0,118459.0,6323.0,2025-10-01,60.9,1.98
RTT-October-2025,X06,Other - Other Services,153683.0,115151.0,36617.0,1915.0,2025-10-01,74.93,1.25
RTT-October-2025,C_999,Total,7304189.0,4506981.0,2626449.0,170759.0,2025-10-01,61.7,2.34
RTT-October-2025,C_301,Gastroenterology Service,382448.0,249914.0,126253.0,6281.0,2025-10-01,65.35,1.64
RTT-October-2025,C_100,General Surgery Service,391493.0,239706.0,141573.0,10214.0,2025-10-01,61.23,2.61
RTT-October-2025,C_150,Neurosurgical Service,57349.0,35294.0,20901.0,1154.0,2025-10-01,61.54,2.01
RTT-October-2025,C_340,Respiratory Medicine Service,188514.0,125810.0,60652.0,2052.0,2025-10-01,66.74,1.09
RTT-October-2025,C_170,Cardiothoracic Surgery Service,9077.0,6376.0,2559.0,142.0,2025-10-01,70.24,1.56
RTT-October-2025,C_430,Elderly Medicine Service,26082.0,21822.0,4199.0,61.0,2025-10-01,83.67,0.23
RTT-October-2025,C_130,Ophthalmology Service,598593.0,424765.0,167483.0,6345.0,2025-10-01,70.96,1.06
RTT-October-2025,C_502,Gynaecology Service,576162.0,330765.0,227329.0,18068.0,2025-10-01,57.41,3.14
RTT-October-2025,C_110,Trauma and Orthopaedic Service,858898.0,509729.0,322728.0,26441.0,2025-10-01,59.35,3.08
RTT-October-2025,C_101,Urology Service,389088.0,240659.0,139433.0,8996.0,2025-10-01,61.85,2.31
RTT-October-2025,C_410,Rheumatology Service,121183.0,80963.0,39102.0,1118.0,2025-10-01,66.81,0.92
RTT-October-2025,X05,Other - Surgical Services,481945.0,304508.0,165946.0,11491.0,2025-10-01,63.18,2.38
RTT-October-2025,C_160,Plastic Surgery Service,104469.0,59973.0,40233.0,4263.0,2025-10-01,57.41,4.08
RTT-October-2025,C_320,Cardiology Service,387527.0,243128.0,137874.0,6525.0,2025-10-01,62.74,1.68
RTT-October-2025,X02,Other - Medical Services,634279.0,420804.0,204010.0,9465.0,2025-10-01,66.34,1.49
RTT-October-2025,C_330,Dermatology Service,433743.0,272966.0,151237.0,9540.0,2025-10-01,62.93,2.2
RTT-October-2025,C_300,General Internal Medicine Service,34833.0,24165.0,10427.0,241.0,2025-10-01,69.37,0.69
RTT-November-2025,C_110,Trauma and Orthopaedic Service,845411.0,500392.0,320045.0,24974.0,2025-11-01,59.19,2.95
RTT-November-2025,X05,Other - Surgical Services,477953.0,300594.0,166971.0,10388.0,2025-11-01,62.89,2.17
RTT-November-2025,C_140,Oral Surgery Service,313766.0,162066.0,140057.0,11643.0,2025-11-01,51.65,3.71
RTT-November-2025,C_160,Plastic Surgery Service,105054.0,59861.0,41251.0,3942.0,2025-11-01,56.98,3.75
RTT-November-2025,C_130,Ophthalmology Service,597880.0,422995.0,169249.0,5636.0,2025-11-01,70.75,0.94
RTT-November-2025,C_340,Respiratory Medicine Service,184413.0,123694.0,59014.0,1705.0,2025-11-01,67.07,0.92
RTT-November-2025,C_330,Dermatology Service,414017.0,255769.0,149822.0,8426.0,2025-11-01,61.78,2.04
RTT-November-2025,C_430,Elderly Medicine Service,25871.0,21175.0,4595.0,101.0,2025-11-01,81.85,0.39
RTT-November-2025,X03,Other - Mental Health Services,2779.0,1972.0,805.0,2.0,2025-11-01,70.96,0.07
RTT-November-2025,C_100,General Surgery Service,381272.0,232483.0,139109.0,9680.0,2025-11-01,60.98,2.54
RTT-November-2025,C_150,Neurosurgical Service,54383.0,32924.0,20356.0,1103.0,2025-11-01,60.54,2.03
RTT-November-2025,C_999,Total,7159010.0,4412862.0,2592027.0,154121.0,2025-11-01,61.64,2.15
RTT-November-2025,C_170,Cardiothoracic Surgery Service,9032.0,6414.0,2471.0,147.0,2025-11-01,71.01,1.63
RTT-November-2025,C_101,Urology Service,383637.0,238991.0,136057.0,8589.0,2025-11-01,62.3,2.24
RTT-November-2025,C_320,Cardiology Service,383624.0,241441.0,136653.0,5530.0,2025-11-01,62.94,1.44
RTT-November-2025,C_300,General Internal Medicine Service,34233.0,23397.0,10622.0,214.0,2025-11-01,68.35,0.63
RTT-November-2025,C_502,Gynaecology Service,563359.0,323702.0,223109.0,16548.0,2025-11-01,57.46,2.94
RTT-November-2025,C_301,Gastroenterology Service,375368.0,243220.0,126323.0,5825.0,2025-11-01,64.8,1.55
RTT-November-2025,C_410,Rheumatology Service,118214.0,78877.0,38349.0,988.0,2025-11-01,66.72,0.84
RTT-November-2025,X04,Other - Paediatric Services,315702.0,193106.0,116851.0,5745.0,2025-11-01,61.17,1.82
RTT-November-2025,X06,Other - Other Services,152218.0,113568.0,36912.0,1738.0,2025-11-01,74.61,1.14
RTT-November-2025,C_120,Ear Nose and Throat Service,588429.0,305981.0,264086.0,18362.0,2025-11-01,52.0,3.12
RTT-November-2025,X02,Other - Medical Services,616151.0,406139.0,201960.0,8052.0,2025-11-01,65.92,1.31
RTT-November-2025,C_400,Neurology Service,216244.0,124101.0,87360.0,4783.0,2025-11-01,57.39,2.21
RTT-December-2025,X03,Other - Mental Health Services,2775.0,2034.0,737.0,4.0,2025-12-01,73.3,0.14
RTT-December-2025,C_101,Urology Service,390402.0,245396.0,136956.0,8050.0,2025-12-01,62.86,2.06
RTT-December-2025,C_300,General Internal Medicine Service,34971.0,23698.0,11039.0,234.0,2025-12-01,67.76,0.67
RTT-December-2025,C_410,Rheumatology Service,117622.0,78526.0,38228.0,868.0,2025-12-01,66.76,0.74
RTT-December-2025,C_502,Gynaecology Service,570739.0,326873.0,228653.0,15213.0,2025-12-01,57.27,2.67
RTT-December-2025,C_110,Trauma and Orthopaedic Service,844356.0,494157.0,327253.0,22946.0,2025-12-01,58.52,2.72
RTT-December-2025,X04,Other - Paediatric Services,316447.0,197605.0,113720.0,5122.0,2025-12-01,62.44,1.62
RTT-December-2025,C_330,Dermatology Service,404954.0,242384.0,155483.0,7087.0,2025-12-01,59.85,1.75
RTT-December-2025,C_301,Gastroenterology Service,381239.0,246799.0,129324.0,5116.0,2025-12-01,64.74,1.34
RTT-December-2025,C_160,Plastic Surgery Service,104240.0,57634.0,43040.0,3566.0,2025-12-01,55.29,3.42
RTT-December-2025,C_140,Oral Surgery Service,317918.0,164587.0,142769.0,10562.0,2025-12-01,51.77,3.32
RTT-December-2025,X02,Other - Medical Services,620008.0,409572.0,203397.0,7039.0,2025-12-01,66.06,1.14
RTT-December-2025,C_430,Elderly Medicine Service,26691.0,21597.0,4968.0,126.0,2025-12-01,80.91,0.47
RTT-December-2025,C_170,Cardiothoracic Surgery Service,9122.0,6567.0,2432.0,123.0,2025-12-01,71.99,1.35
RTT-December-2025,C_130,Ophthalmology Service,601191.0,422184.0,174041.0,4966.0,2025-12-01,70.22,0.83
RTT-December-2025,C_150,Neurosurgical Service,58455.0,35322.0,22032.0,1101.0,2025-12-01,60.43,1.88
RTT-December-2025,X05,Other - Surgical Services,479810.0,299232.0,171435.0,9143.0,2025-12-01,62.36,1.91
RTT-December-2025,C_320,Cardiology Service,386709.0,244374.0,137331.0,5004.0,2025-12-01,63.19,1.29
RTT-December-2025,C_340,Respiratory Medicine Service,184436.0,125039.0,58027.0,1370.0,2025-12-01,67.8,0.74
RTT-December-2025,C_400,Neurology Service,219866.0,125405.0,90319.0,4142.0,2025-12-01,57.04,1.88
RTT-December-2025,X06,Other - Other Services,152523.0,114350.0,36620.0,1553.0,2025-12-01,74.97,1.02
RTT-December-2025,C_999,Total,7199624.0,4424207.0,2636706.0,138711.0,2025-12-01,61.45,1.93
RTT-December-2025,C_120,Ear Nose and Throat Service,589602.0,309289.0,264157.0,16156.0,2025-12-01,52.46,2.74
RTT-December-2025,C_100,General Surgery Service,385548.0,231583.0,144745.0,9220.0,2025-12-01,60.07,2.39
RTT-January-2026,C_300,General Internal Medicine Service,34818.0,23195.0,11325.0,298.0,2026-01-01,66.62,0.86
RTT-January-2026,C_999,Total,7155958.0,4395958.0,2626140.0,133860.0,2026-01-01,61.43,1.87
RTT-January-2026,C_100,General Surgery Service,386068.0,229920.0,147206.0,8942.0,2026-01-01,59.55,2.32
RTT-January-2026,C_330,Dermatology Service,396171.0,236768.0,153093.0,6310.0,2026-01-01,59.76,1.59
RTT-January-2026,C_160,Plastic Surgery Service,103068.0,55941.0,43728.0,3399.0,2026-01-01,54.28,3.3
RTT-January-2026,C_320,Cardiology Service,383680.0,245067.0,134041.0,4572.0,2026-01-01,63.87,1.19
RTT-January-2026,X02,Other - Medical Services,616287.0,407365.0,202292.0,6630.0,2026-01-01,66.1,1.08
RTT-January-2026,C_150,Neurosurgical Service,57289.0,34549.0,21693.0,1047.0,2026-01-01,60.31,1.83
RTT-January-2026,C_140,Oral Surgery Service,317724.0,166598.0,141141.0,9985.0,2026-01-01,52.43,3.14
RTT-January-2026,X06,Other - Other Services,150913.0,111509.0,37618.0,1786.0,2026-01-01,73.89,1.18
RTT-January-2026,C_430,Elderly Medicine Service,26332.0,20891.0,5298.0,143.0,2026-01-01,79.34,0.54
RTT-January-2026,C_502,Gynaecology Service,565134.0,321282.0,229187.0,14665.0,2026-01-01,56.85,2.59
RTT-January-2026,C_110,Trauma and Orthopaedic Service,836764.0,484588.0,329908.0,22268.0,2026-01-01,57.91,2.66
RTT-January-2026,C_130,Ophthalmology Service,596635.0,415835.0,175605.0,5195.0,2026-01-01,69.7,0.87
RTT-January-2026,C_400,Neurology Service,216423.0,123462.0,89335.0,3626.0,2026-01-01,57.05,1.68
RTT-January-2026,C_101,Urology Service,389052.0,244485.0,136728.0,7839.0,2026-01-01,62.84,2.01
RTT-January-2026,C_410,Rheumatology Service,115918.0,76815.0,38247.0,856.0,2026-01-01,66.27,0.74
RTT-January-2026,C_120,Ear Nose and Throat Service,587673.0,313528.0,258060.0,16085.0,2026-01-01,53.35,2.74
RTT-January-2026,C_170,Cardiothoracic Surgery Service,9041.0,6457.0,2454.0,130.0,2026-01-01,71.42,1.44
RTT-January-2026,X03,Other - Mental Health Services,2969.0,2287.0,680.0,2.0,2026-01-01,77.03,0.07
RTT-January-2026,X04,Other - Paediatric Services,314575.0,199237.0,110452.0,4886.0,2026-01-01,63.34,1.55
RTT-January-2026,C_301,Gastroenterology Service,383007.0,248354.0,129910.0,4743.0,2026-01-01,64.84,1.24
RTT-January-2026,X05,Other - Surgical Services,481591.0,299560.0,172881.0,9150.0,2026-01-01,62.2,1.9
RTT-January-2026,C_340,Respiratory Medicine Service,184826.0,128265.0,55258.0,1303.0,2026-01-01,69.4,0.7
RTT-February-2026,X04,Other - Paediatric Services,315129.0,204088.0,106392.0,4649.0,2026-02-01,64.76,1.48
RTT-February-2026,C_170,Cardiothoracic Surgery Service,9056.0,6488.0,2418.0,150.0,2026-02-01,71.64,1.66
RTT-February-2026,C_120,Ear Nose and Throat Service,586374.0,323252.0,247678.0,15444.0,2026-02-01,55.13,2.63
RTT-February-2026,C_301,Gastroenterology Service,378852.0,249708.0,125169.0,3975.0,2026-02-01,65.91,1.05
RTT-February-2026,C_150,Neurosurgical Service,55893.0,33760.0,21219.0,914.0,2026-02-01,60.4,1.64
RTT-February-2026,C_400,Neurology Service,213567.0,123044.0,87679.0,2844.0,2026-02-01,57.61,1.33
RTT-February-2026,C_160,Plastic Surgery Service,102692.0,56251.0,43426.0,3015.0,2026-02-01,54.78,2.94
RTT-February-2026,X02,Other - Medical Services,622846.0,420065.0,196861.0,5920.0,2026-02-01,67.44,0.95
RTT-February-2026,X06,Other - Other Services,152866.0,114363.0,36762.0,1741.0,2026-02-01,74.81,1.14
RTT-February-2026,C_999,Total,7124952.0,4456261.0,2547820.0,120871.0,2026-02-01,62.54,1.7
RTT-February-2026,C_430,Elderly Medicine Service,26508.0,21325.0,5015.0,168.0,2026-02-01,80.45,0.63
RTT-February-2026,C_140,Oral Surgery Service,322205.0,172654.0,140454.0,9097.0,2026-02-01,53.59,2.82
RTT-February-2026,C_410,Rheumatology Service,113997.0,76751.0,36471.0,775.0,2026-02-01,67.33,0.68
RTT-February-2026,C_130,Ophthalmology Service,600584.0,423939.0,171503.0,5142.0,2026-02-01,70.59,0.86
RTT-February-2026,X05,Other - Surgical Services,474835.0,301538.0,165408.0,7889.0,2026-02-01,63.5,1.66
RTT-February-2026,C_110,Trauma and Orthopaedic Service,829478.0,480436.0,328743.0,20299.0,2026-02-01,57.92,2.45
RTT-February-2026,X03,Other - Mental Health Services,3028.0,2432.0,594.0,2.0,2026-02-01,80.32,0.07
RTT-February-2026,C_340,Respiratory Medicine Service,184441.0,132294.0,51135.0,1012.0,2026-02-01,71.73,0.55
RTT-February-2026,C_101,Urology Service,385949.0,246524.0,132626.0,6799.0,2026-02-01,63.87,1.76
RTT-February-2026,C_502,Gynaecology Service,564193.0,326747.0,224354.0,13092.0,2026-02-01,57.91,2.32
RTT-February-2026,C_300,General Internal Medicine Service,35394.0,24102.0,10960.0,332.0,2026-02-01,68.1,0.94
RTT-February-2026,C_100,General Surgery Service,384999.0,232154.0,144653.0,8192.0,2026-02-01,60.3,2.13
RTT-February-2026,C_320,Cardiology Service,381409.0,251158.0,126112.0,4139.0,2026-02-01,65.85,1.09
RTT-February-2026,C_330,Dermatology Service,380657.0,233188.0,142188.0,5281.0,2026-02-01,61.26,1.39
RTT-March-2026,C_330,Dermatology Service,371498.0,241635.0,126213.0,3650.0,2026-03-01,65.04,0.98
RTT-March-2026,C_110,Trauma and Orthopaedic Service,818003.0,485558.0,316115.0,16330.0,2026-03-01,59.36,2.0
RTT-March-2026,C_400,Neurology Service,205988.0,124959.0,79045.0,1984.0,2026-03-01,60.66,0.96
RTT-March-2026,C_140,Oral Surgery Service,319889.0,177707.0,135104.0,7078.0,2026-03-01,55.55,2.21
RTT-March-2026,X04,Other - Paediatric Services,314879.0,213157.0,97887.0,3835.0,2026-03-01,67.69,1.22
RTT-March-2026,X03,Other - Mental Health Services,3165.0,2590.0,572.0,3.0,2026-03-01,81.83,0.09
RTT-March-2026,C_410,Rheumatology Service,112126.0,78859.0,32514.0,753.0,2026-03-01,70.33,0.67
RTT-March-2026,X05,Other - Surgical Services,466144.0,308003.0,152529.0,5612.0,2026-03-01,66.07,1.2
RTT-March-2026,C_301,Gastroenterology Service,366257.0,255655.0,107701.0,2901.0,2026-03-01,69.8,0.79
RTT-March-2026,C_101,Urology Service,377265.0,250029.0,122144.0,5092.0,2026-03-01,66.27,1.35
RTT-March-2026,X06,Other - Other Services,152444.0,117597.0,33568.0,1279.0,2026-03-01,77.14,0.84
RTT-March-2026,C_320,Cardiology Service,374433.0,259367.0,112185.0,2881.0,2026-03-01,69.27,0.77
RTT-March-2026,C_430,Elderly Medicine Service,26002.0,21529.0,4317.0,156.0,2026-03-01,82.8,0.6
RTT-March-2026,C_170,Cardiothoracic Surgery Service,8879.0,6535.0,2229.0,115.0,2026-03-01,73.6,1.3
RTT-March-2026,C_150,Neurosurgical Service,55495.0,34465.0,20272.0,758.0,2026-03-01,62.1,1.37
RTT-March-2026,C_130,Ophthalmology Service,602030.0,438207.0,159429.0,4394.0,2026-03-01,72.79,0.73
RTT-March-2026,C_100,General Surgery Service,376204.0,236728.0,133561.0,5915.0,2026-03-01,62.93,1.57
RTT-March-2026,C_340,Respiratory Medicine Service,183209.0,137484.0,45122.0,603.0,2026-03-01,75.04,0.33
RTT-March-2026,X02,Other - Medical Services,612400.0,432590.0,175938.0,3872.0,2026-03-01,70.64,0.63
RTT-March-2026,C_160,Plastic Surgery Service,100357.0,56911.0,41020.0,2426.0,2026-03-01,56.71,2.42
RTT-March-2026,C_502,Gynaecology Service,554370.0,337314.0,207066.0,9990.0,2026-03-01,60.85,1.8
RTT-March-2026,C_120,Ear Nose and Throat Service,579154.0,338334.0,228246.0,12574.0,2026-03-01,58.42,2.17
RTT-March-2026,C_300,General Internal Medicine Service,34644.0,25107.0,9131.0,406.0,2026-03-01,72.47,1.17
RTT-March-2026,C_999,Total,7014835.0,4580320.0,2341908.0,92607.0,2026-03-01,65.29,1.32
RTT-April-2026,C_999,Total,7093502.0,4607182.0,2388932.0,97388.0,2026-04-01,64.95,1.37
RTT-April-2026,C_301,Gastroenterology Service,371537.0,256351.0,112018.0,3168.0,2026-04-01,69.0,0.85
RTT-April-2026,C_320,Cardiology Service,377359.0,258123.0,116338.0,2898.0,2026-04-01,68.4,0.77
RTT-April-2026,X05,Other - Surgical Services,464243.0,304172.0,154083.0,5988.0,2026-04-01,65.52,1.29
RTT-April-2026,C_410,Rheumatology Service,115224.0,80194.0,34094.0,936.0,2026-04-01,69.6,0.81
RTT-April-2026,C_100,General Surgery Service,381808.0,239298.0,136112.0,6398.0,2026-04-01,62.67,1.68
RTT-April-2026,C_101,Urology Service,377509.0,244898.0,127473.0,5138.0,2026-04-01,64.87,1.36
RTT-April-2026,C_400,Neurology Service,206659.0,124314.0,80396.0,1949.0,2026-04-01,60.15,0.94
RTT-April-2026,C_430,Elderly Medicine Service,26474.0,21804.0,4511.0,159.0,2026-04-01,82.36,0.6
RTT-April-2026,C_502,Gynaecology Service,563494.0,339060.0,213783.0,10651.0,2026-04-01,60.17,1.89
RTT-April-2026,C_340,Respiratory Medicine Service,187683.0,140291.0,46804.0,588.0,2026-04-01,74.75,0.31
RTT-April-2026,C_170,Cardiothoracic Surgery Service,8849.0,6387.0,2326.0,136.0,2026-04-01,72.18,1.54
RTT-April-2026,X03,Other - Mental Health Services,3040.0,2409.0,628.0,3.0,2026-04-01,79.24,0.1
RTT-April-2026,X06,Other - Other Services,158855.0,120971.0,36493.0,1391.0,2026-04-01,76.15,0.88
RTT-April-2026,X04,Other - Paediatric Services,319213.0,215815.0,99291.0,4107.0,2026-04-01,67.61,1.29
RTT-April-2026,C_140,Oral Surgery Service,320804.0,176242.0,137130.0,7432.0,2026-04-01,54.94,2.32
RTT-April-2026,C_300,General Internal Medicine Service,35221.0,25196.0,9529.0,496.0,2026-04-01,71.54,1.41
RTT-April-2026,C_120,Ear Nose and Throat Service,588278.0,342859.0,232657.0,12762.0,2026-04-01,58.28,2.17
RTT-April-2026,X02,Other - Medical Services,618974.0,435986.0,178787.0,4201.0,2026-04-01,70.44,0.68
RTT-April-2026,C_150,Neurosurgical Service,56456.0,35106.0,20526.0,824.0,2026-04-01,62.18,1.46
RTT-April-2026,C_160,Plastic Surgery Service,101458.0,57502.0,41373.0,2583.0,2026-04-01,56.68,2.55
RTT-April-2026,C_330,Dermatology Service,379705.0,249616.0,125881.0,4208.0,2026-04-01,65.74,1.11
RTT-April-2026,C_110,Trauma and Orthopaedic Service,819951.0,483984.0,319127.0,16840.0,2026-04-01,59.03,2.05
RTT-April-2026,C_130,Ophthalmology Service,610708.0,446604.0,159572.0,4532.0,2026-04-01,73.13,0.74
RTT-May-2026,C_300,General Internal Medicine Service,35365.0,25468.0,9435.0,462.0,2026-05-01,72.01,1.31
RTT-May-2026,X04,Other - Paediatric Services,322761.0,220516.0,98097.0,4148.0,2026-05-01,68.32,1.29
RTT-May-2026,C_140,Oral Surgery Service,321311.0,177993.0,135904.0,7414.0,2026-05-01,55.4,2.31
RTT-May-2026,X06,Other - Other Services,159338.0,122546.0,35280.0,1512.0,2026-05-01,76.91,0.95
RTT-May-2026,C_502,Gynaecology Service,571683.0,347947.0,212558.0,11178.0,2026-05-01,60.86,1.96
RTT-May-2026,C_160,Plastic Surgery Service,102390.0,59516.0,40065.0,2809.0,2026-05-01,58.13,2.74
RTT-May-2026,C_330,Dermatology Service,384201.0,258118.0,121673.0,4410.0,2026-05-01,67.18,1.15
RTT-May-2026,C_999,Total,7153655.0,4689601.0,2361713.0,102341.0,2026-05-01,65.56,1.43
RTT-May-2026,X02,Other - Medical Services,622548.0,441172.0,176645.0,4731.0,2026-05-01,70.87,0.76
RTT-May-2026,C_410,Rheumatology Service,117953.0,83131.0,33715.0,1107.0,2026-05-01,70.48,0.94
RTT-May-2026,C_400,Neurology Service,207581.0,127025.0,78654.0,1902.0,2026-05-01,61.19,0.92
RTT-May-2026,C_301,Gastroenterology Service,370047.0,255472.0,111247.0,3328.0,2026-05-01,69.04,0.9
RTT-May-2026,C_170,Cardiothoracic Surgery Service,8921.0,6422.0,2340.0,159.0,2026-05-01,71.99,1.78
RTT-May-2026,C_120,Ear Nose and Throat Service,594331.0,350147.0,231502.0,12682.0,2026-05-01,58.91,2.13
RTT-May-2026,C_101,Urology Service,378077.0,244660.0,128300.0,5117.0,2026-05-01,64.71,1.35
RTT-May-2026,C_320,Cardiology Service,378421.0,258469.0,117103.0,2849.0,2026-05-01,68.3,0.75
RTT-May-2026,C_430,Elderly Medicine Service,26528.0,21959.0,4434.0,135.0,2026-05-01,82.78,0.51
RTT-May-2026,C_150,Neurosurgical Service,56612.0,35054.0,20557.0,1001.0,2026-05-01,61.92,1.77
RTT-May-2026,C_110,Trauma and Orthopaedic Service,827960.0,497410.0,312261.0,18289.0,2026-05-01,60.08,2.21
RTT-May-2026,C_100,General Surgery Service,381497.0,239233.0,135174.0,7090.0,2026-05-01,62.71,1.86
RTT-May-2026,X05,Other - Surgical Services,467527.0,309009.0,151923.0,6595.0,2026-05-01,66.09,1.41
RTT-May-2026,C_130,Ophthalmology Service,624531.0,462702.0,157081.0,4748.0,2026-05-01,74.09,0.76
RTT-May-2026,X03,Other - Mental Health Services,3411.0,2797.0,605.0,9.0,2026-05-01,82.0,0.26
RTT-May-2026,C_340,Respiratory Medicine Service,190661.0,142835.0,47160.0,666.0,2026-05-01,74.92,0.35
