period,provider_code,provider_name,specialty_code,specialty_name,total_waiting,waiting_0_18w,waiting_18_52w,waiting_52w_plus,pct_within_18w,pct_over_52w
Apr-2026,NTP15,PRACTICE PLUS GROUP HOSPITAL - ILFORD,C_301,Gastroenterology Service,139.0,105.0,6.0,28.0,75.54,20.14
Apr-2026,RJL,NORTHERN LINCOLNSHIRE AND GOOLE NHS FOUNDATION TRUST,C_301,Gastroenterology Service,3966.0,1479.0,2153.0,334.0,37.29,8.42
Apr-2026,RJN,EAST CHESHIRE NHS TRUST,C_301,Gastroenterology Service,1843.0,895.0,865.0,83.0,48.56,4.5
Apr-2026,RAJ,MID AND SOUTH ESSEX NHS FOUNDATION TRUST,C_301,Gastroenterology Service,10461.0,5351.0,4666.0,444.0,51.15,4.24
Apr-2026,RGP,JAMES PAGET UNIVERSITY HOSPITALS NHS FOUNDATION TRUST,C_301,Gastroenterology Service,2340.0,1096.0,1148.0,96.0,46.84,4.1
Apr-2026,RA2,ROYAL SURREY NHS FOUNDATION TRUST,C_301,Gastroenterology Service,1263.0,675.0,540.0,48.0,53.44,3.8
Apr-2026,RWA,HULL UNIVERSITY TEACHING HOSPITALS NHS TRUST,C_301,Gastroenterology Service,3241.0,1628.0,1511.0,102.0,50.23,3.15
Apr-2026,RXL,BLACKPOOL TEACHING HOSPITALS NHS FOUNDATION TRUST,C_301,Gastroenterology Service,3852.0,2317.0,1419.0,116.0,60.15,3.01
Apr-2026,RBT,MID CHESHIRE HOSPITALS NHS FOUNDATION TRUST,C_301,Gastroenterology Service,1603.0,651.0,905.0,47.0,40.61,2.93
Apr-2026,RHU,PORTSMOUTH HOSPITALS UNIVERSITY NHS TRUST,C_301,Gastroenterology Service,3892.0,2537.0,1241.0,114.0,65.18,2.93
Apr-2026,RWE,UNIVERSITY HOSPITALS OF LEICESTER NHS TRUST,C_301,Gastroenterology Service,5313.0,3114.0,2048.0,151.0,58.61,2.84
Apr-2026,RXN,LANCASHIRE TEACHING HOSPITALS NHS FOUNDATION TRUST,C_301,Gastroenterology Service,2016.0,908.0,1052.0,56.0,45.04,2.78
Apr-2026,NVM,EPSOMEDICAL GROUP,C_301,Gastroenterology Service,471.0,264.0,194.0,13.0,56.05,2.76
Apr-2026,RM3,NORTHERN CARE ALLIANCE NHS FOUNDATION TRUST,C_301,Gastroenterology Service,13370.0,7267.0,5753.0,350.0,54.35,2.62
Apr-2026,RYR,UNIVERSITY HOSPITALS SUSSEX NHS FOUNDATION TRUST,C_301,Gastroenterology Service,4939.0,2875.0,1949.0,115.0,58.21,2.33
Apr-2026,RLQ,WYE VALLEY NHS TRUST,C_301,Gastroenterology Service,1139.0,709.0,408.0,22.0,62.25,1.93
Apr-2026,RN5,HAMPSHIRE HOSPITALS NHS FOUNDATION TRUST,C_301,Gastroenterology Service,3853.0,2768.0,1011.0,74.0,71.84,1.92
Apr-2026,RVR,EPSOM AND ST HELIER UNIVERSITY HOSPITALS NHS TRUST,C_301,Gastroenterology Service,3572.0,2203.0,1307.0,62.0,61.67,1.74
Apr-2026,RNN,NORTH CUMBRIA INTEGRATED CARE NHS FOUNDATION TRUST,C_301,Gastroenterology Service,1876.0,1195.0,649.0,32.0,63.7,1.71
Apr-2026,RRF,"WRIGHTINGTON, WIGAN AND LEIGH TEACHING HOSPITALS NHS FOUNDATION TRUST",C_301,Gastroenterology Service,4474.0,2571.0,1838.0,65.0,57.47,1.45
Apr-2026,RFS,CHESTERFIELD ROYAL HOSPITAL NHS FOUNDATION TRUST,C_301,Gastroenterology Service,1540.0,950.0,571.0,19.0,61.69,1.23
Apr-2026,RN3,GREAT WESTERN HOSPITALS NHS FOUNDATION TRUST,C_301,Gastroenterology Service,4313.0,2505.0,1755.0,53.0,58.08,1.23
Apr-2026,RTP,SURREY AND SUSSEX HEALTHCARE NHS TRUST,C_301,Gastroenterology Service,4034.0,2867.0,1120.0,47.0,71.07,1.17
Apr-2026,RTK,ASHFORD AND ST PETER'S HOSPITALS NHS FOUNDATION TRUST,C_301,Gastroenterology Service,1805.0,1202.0,582.0,21.0,66.59,1.16
Apr-2026,RK5,SHERWOOD FOREST HOSPITALS NHS FOUNDATION TRUST,C_301,Gastroenterology Service,3268.0,2005.0,1225.0,38.0,61.35,1.16
Apr-2026,RXK,SANDWELL AND WEST BIRMINGHAM HOSPITALS NHS TRUST,C_301,Gastroenterology Service,2663.0,1373.0,1259.0,31.0,51.56,1.16
Apr-2026,RTG,UNIVERSITY HOSPITALS OF DERBY AND BURTON NHS FOUNDATION TRUST,C_301,Gastroenterology Service,4218.0,2945.0,1227.0,46.0,69.82,1.09
Apr-2026,RQW,THE PRINCESS ALEXANDRA HOSPITAL NHS TRUST,C_301,Gastroenterology Service,2827.0,1748.0,1053.0,26.0,61.83,0.92
Apr-2026,RVV,EAST KENT HOSPITALS UNIVERSITY NHS FOUNDATION TRUST,C_301,Gastroenterology Service,5072.0,3166.0,1860.0,46.0,62.42,0.91
Apr-2026,RNQ,KETTERING GENERAL HOSPITAL NHS FOUNDATION TRUST,C_301,Gastroenterology Service,720.0,459.0,255.0,6.0,63.75,0.83
Apr-2026,Y9S1N,FAIRFIELD INDEPENDENT HOSPITAL,C_301,Gastroenterology Service,125.0,107.0,17.0,1.0,85.6,0.8
Apr-2026,RJ6,CROYDON HEALTH SERVICES NHS TRUST,C_301,Gastroenterology Service,2785.0,2160.0,603.0,22.0,77.56,0.79
Apr-2026,NT416,HENDON HOSPITAL,C_301,Gastroenterology Service,127.0,90.0,36.0,1.0,70.87,0.79
Apr-2026,NVC16,RENACRES HOSPITAL,C_301,Gastroenterology Service,268.0,162.0,104.0,2.0,60.45,0.75
Apr-2026,RJ2,LEWISHAM AND GREENWICH NHS TRUST,C_301,Gastroenterology Service,6042.0,3565.0,2432.0,45.0,59.0,0.74
Apr-2026,RX1,NOTTINGHAM UNIVERSITY HOSPITALS NHS TRUST,C_301,Gastroenterology Service,8331.0,5647.0,2626.0,58.0,67.78,0.7
Apr-2026,NVC27,BOSTON WEST HOSPITAL,C_301,Gastroenterology Service,142.0,110.0,31.0,1.0,77.46,0.7
Apr-2026,RWH,EAST AND NORTH HERTFORDSHIRE TEACHING NHS TRUST,C_301,Gastroenterology Service,2270.0,1366.0,889.0,15.0,60.18,0.66
Apr-2026,NVC23,WOODLAND HOSPITAL,C_301,Gastroenterology Service,155.0,117.0,37.0,1.0,75.48,0.65
Apr-2026,RCF,AIREDALE NHS FOUNDATION TRUST,C_301,Gastroenterology Service,775.0,560.0,210.0,5.0,72.26,0.65
Apr-2026,RWD,UNITED LINCOLNSHIRE TEACHING HOSPITALS NHS TRUST,C_301,Gastroenterology Service,5219.0,3120.0,2068.0,31.0,59.78,0.59
Apr-2026,RWP,WORCESTERSHIRE ACUTE HOSPITALS NHS TRUST,C_301,Gastroenterology Service,2553.0,2044.0,494.0,15.0,80.06,0.59
Apr-2026,RBL,WIRRAL UNIVERSITY TEACHING HOSPITAL NHS FOUNDATION TRUST,C_301,Gastroenterology Service,3040.0,1964.0,1059.0,17.0,64.61,0.56
Apr-2026,RCB,YORK AND SCARBOROUGH TEACHING HOSPITALS NHS FOUNDATION TRUST,C_301,Gastroenterology Service,1606.0,950.0,647.0,9.0,59.15,0.56
Apr-2026,RGR,WEST SUFFOLK NHS FOUNDATION TRUST,C_301,Gastroenterology Service,903.0,644.0,254.0,5.0,71.32,0.55
Apr-2026,RTH,OXFORD UNIVERSITY HOSPITALS NHS FOUNDATION TRUST,C_301,Gastroenterology Service,3713.0,2433.0,1260.0,20.0,65.53,0.54
Apr-2026,NTP16,PRACTICE PLUS GROUP SURGICAL CENTRE - GILLINGHAM,C_301,Gastroenterology Service,184.0,183.0,0.0,1.0,99.46,0.54
Apr-2026,RL4,THE ROYAL WOLVERHAMPTON NHS TRUST,C_301,Gastroenterology Service,4408.0,2939.0,1446.0,23.0,66.67,0.52
Apr-2026,RBD,DORSET COUNTY HOSPITAL NHS FOUNDATION TRUST,C_301,Gastroenterology Service,1084.0,827.0,252.0,5.0,76.29,0.46
Apr-2026,NVC18,SPRINGFIELD HOSPITAL,C_301,Gastroenterology Service,239.0,215.0,23.0,1.0,89.96,0.42
Apr-2026,RWW,NORTH CHESHIRE AND MERSEY NHS FOUNDATION TRUST,C_301,Gastroenterology Service,2679.0,2076.0,592.0,11.0,77.49,0.41
Apr-2026,RCX,"THE QUEEN ELIZABETH HOSPITAL, KING'S LYNN, NHS FOUNDATION TRUST",C_301,Gastroenterology Service,1377.0,783.0,589.0,5.0,56.86,0.36
Apr-2026,RWY,CALDERDALE AND HUDDERSFIELD NHS FOUNDATION TRUST,C_301,Gastroenterology Service,2732.0,1951.0,772.0,9.0,71.41,0.33
Apr-2026,RJZ,KING'S COLLEGE HOSPITAL NHS FOUNDATION TRUST,C_301,Gastroenterology Service,2643.0,1958.0,678.0,7.0,74.08,0.26
Apr-2026,RVJ,NORTH BRISTOL NHS TRUST,C_301,Gastroenterology Service,400.0,332.0,67.0,1.0,83.0,0.25
Apr-2026,R1K,LONDON NORTH WEST UNIVERSITY HEALTHCARE NHS TRUST,C_301,Gastroenterology Service,7325.0,5140.0,2167.0,18.0,70.17,0.25
Apr-2026,RJ7,ST GEORGE'S UNIVERSITY HOSPITALS NHS FOUNDATION TRUST,C_301,Gastroenterology Service,2512.0,1813.0,693.0,6.0,72.17,0.24
Apr-2026,RBN,MERSEY AND WEST LANCASHIRE TEACHING HOSPITALS NHS TRUST,C_301,Gastroenterology Service,7824.0,6212.0,1593.0,19.0,79.4,0.24
Apr-2026,REM,LIVERPOOL UNIVERSITY HOSPITALS NHS FOUNDATION TRUST,C_301,Gastroenterology Service,6183.0,3796.0,2374.0,13.0,61.39,0.21
Apr-2026,RWJ,STOCKPORT NHS FOUNDATION TRUST,C_301,Gastroenterology Service,2886.0,1871.0,1009.0,6.0,64.83,0.21
Apr-2026,RKB,UNIVERSITY HOSPITALS COVENTRY AND WARWICKSHIRE NHS TRUST,C_301,Gastroenterology Service,1919.0,1472.0,443.0,4.0,76.71,0.21
Apr-2026,RTD,THE NEWCASTLE UPON TYNE HOSPITALS NHS FOUNDATION TRUST,C_301,Gastroenterology Service,951.0,862.0,87.0,2.0,90.64,0.21
Apr-2026,RD1,ROYAL UNITED HOSPITALS BATH NHS FOUNDATION TRUST,C_301,Gastroenterology Service,1982.0,1745.0,233.0,4.0,88.04,0.2
Apr-2026,RP5,DONCASTER AND BASSETLAW TEACHING HOSPITALS NHS FOUNDATION TRUST,C_301,Gastroenterology Service,3655.0,2398.0,1250.0,7.0,65.61,0.19
Apr-2026,RH5,SOMERSET NHS FOUNDATION TRUST,C_301,Gastroenterology Service,2125.0,1634.0,487.0,4.0,76.89,0.19
Apr-2026,RNZ,SALISBURY NHS FOUNDATION TRUST,C_301,Gastroenterology Service,1639.0,1152.0,484.0,3.0,70.29,0.18
Apr-2026,RJC,SOUTH WARWICKSHIRE UNIVERSITY NHS FOUNDATION TRUST,C_301,Gastroenterology Service,1778.0,1346.0,429.0,3.0,75.7,0.17
Apr-2026,RDU,FRIMLEY HEALTH NHS FOUNDATION TRUST,C_301,Gastroenterology Service,1839.0,1274.0,562.0,3.0,69.28,0.16
Apr-2026,R1H,BARTS HEALTH NHS TRUST,C_301,Gastroenterology Service,7689.0,5023.0,2654.0,12.0,65.33,0.16
Apr-2026,RM1,NORFOLK AND NORWICH UNIVERSITY HOSPITALS NHS FOUNDATION TRUST,C_301,Gastroenterology Service,3409.0,2189.0,1215.0,5.0,64.21,0.15
Apr-2026,RK9,UNIVERSITY HOSPITALS PLYMOUTH NHS TRUST,C_301,Gastroenterology Service,1310.0,900.0,408.0,2.0,68.7,0.15
Apr-2026,RAL,ROYAL FREE LONDON NHS FOUNDATION TRUST,C_301,Gastroenterology Service,7734.0,5345.0,2378.0,11.0,69.11,0.14
Apr-2026,RTR,SOUTH TEES HOSPITALS NHS FOUNDATION TRUST,C_301,Gastroenterology Service,1570.0,1492.0,76.0,2.0,95.03,0.13
Apr-2026,R0A,MANCHESTER UNIVERSITY NHS FOUNDATION TRUST,C_301,Gastroenterology Service,7818.0,5734.0,2075.0,9.0,73.34,0.12
Apr-2026,RXP,COUNTY DURHAM AND DARLINGTON NHS FOUNDATION TRUST,C_301,Gastroenterology Service,3672.0,2279.0,1389.0,4.0,62.06,0.11
Apr-2026,RA7,UNIVERSITY HOSPITALS BRISTOL AND WESTON NHS FOUNDATION TRUST,C_301,Gastroenterology Service,1043.0,631.0,411.0,1.0,60.5,0.1
Apr-2026,RD8,MILTON KEYNES UNIVERSITY HOSPITAL NHS FOUNDATION TRUST,C_301,Gastroenterology Service,1045.0,988.0,56.0,1.0,94.55,0.1
Apr-2026,RTX,UNIVERSITY HOSPITALS OF MORECAMBE BAY NHS FOUNDATION TRUST,C_301,Gastroenterology Service,2235.0,1817.0,416.0,2.0,81.3,0.09
Apr-2026,RF4,"BARKING, HAVERING AND REDBRIDGE UNIVERSITY HOSPITALS NHS TRUST",C_301,Gastroenterology Service,4310.0,3213.0,1093.0,4.0,74.55,0.09
Apr-2026,RHM,UNIVERSITY HOSPITAL SOUTHAMPTON NHS FOUNDATION TRUST,C_301,Gastroenterology Service,1278.0,1024.0,253.0,1.0,80.13,0.08
Apr-2026,RJE,UNIVERSITY HOSPITALS OF NORTH MIDLANDS NHS TRUST,C_301,Gastroenterology Service,4775.0,3099.0,1672.0,4.0,64.9,0.08
Apr-2026,NVC20,THE YORKSHIRE CLINIC,C_301,Gastroenterology Service,1319.0,911.0,407.0,1.0,69.07,0.08
Apr-2026,RC9,BEDFORDSHIRE HOSPITALS NHS FOUNDATION TRUST,C_301,Gastroenterology Service,3373.0,2155.0,1216.0,2.0,63.89,0.06
Apr-2026,R0D,UNIVERSITY HOSPITALS DORSET NHS FOUNDATION TRUST,C_301,Gastroenterology Service,5420.0,4705.0,712.0,3.0,86.81,0.06
Apr-2026,RHW,ROYAL BERKSHIRE NHS FOUNDATION TRUST,C_301,Gastroenterology Service,4227.0,3496.0,729.0,2.0,82.71,0.05
Apr-2026,RNA,THE DUDLEY GROUP NHS FOUNDATION TRUST,C_301,Gastroenterology Service,2239.0,1345.0,893.0,1.0,60.07,0.04
Apr-2026,RXC,EAST SUSSEX HEALTHCARE NHS TRUST,C_301,Gastroenterology Service,2572.0,1973.0,598.0,1.0,76.71,0.04
Apr-2026,RH8,ROYAL DEVON UNIVERSITY HEALTHCARE NHS FOUNDATION TRUST,C_301,Gastroenterology Service,2608.0,2247.0,360.0,1.0,86.16,0.04
Apr-2026,RN7,DARTFORD AND GRAVESHAM NHS TRUST,C_301,Gastroenterology Service,2650.0,1815.0,834.0,1.0,68.49,0.04
Apr-2026,RR8,LEEDS TEACHING HOSPITALS NHS TRUST,C_301,Gastroenterology Service,3132.0,2304.0,827.0,1.0,73.56,0.03
Apr-2026,RRV,UNIVERSITY COLLEGE LONDON HOSPITALS NHS FOUNDATION TRUST,C_301,Gastroenterology Service,3503.0,2776.0,726.0,1.0,79.25,0.03
Apr-2026,RJ1,GUY'S AND ST THOMAS' NHS FOUNDATION TRUST,C_301,Gastroenterology Service,3065.0,2393.0,671.0,1.0,78.08,0.03
Apr-2026,RGN,NORTH WEST ANGLIA NHS FOUNDATION TRUST,C_301,Gastroenterology Service,5934.0,3650.0,2283.0,1.0,61.51,0.02
Apr-2026,NRP,BEACON MEDICAL SERVICES GROUP LIMITED,C_301,Gastroenterology Service,2018.0,1748.0,270.0,0.0,86.62,0.0
Apr-2026,RPA,MEDWAY NHS FOUNDATION TRUST,C_301,Gastroenterology Service,2838.0,1604.0,1234.0,0.0,56.52,0.0
Apr-2026,NVC29,COBALT HOSPITAL,C_301,Gastroenterology Service,304.0,291.0,13.0,0.0,95.72,0.0
Apr-2026,NT412,DROITWICH SPA HOSPITAL,C_301,Gastroenterology Service,98.0,77.0,21.0,0.0,78.57,0.0
Apr-2026,RVW,NORTH TEES AND HARTLEPOOL NHS FOUNDATION TRUST,C_301,Gastroenterology Service,1223.0,1050.0,173.0,0.0,85.85,0.0
Apr-2026,RDE,EAST SUFFOLK AND NORTH ESSEX NHS FOUNDATION TRUST,C_301,Gastroenterology Service,3916.0,2613.0,1303.0,0.0,66.73,0.0
Apr-2026,NT406,BLACKHEATH HOSPITAL,C_301,Gastroenterology Service,202.0,146.0,56.0,0.0,72.28,0.0
Apr-2026,R0B,SOUTH TYNESIDE AND SUNDERLAND NHS FOUNDATION TRUST,C_301,Gastroenterology Service,1120.0,1089.0,31.0,0.0,97.23,0.0
Apr-2026,AY1,MEDEFER,C_301,Gastroenterology Service,123.0,106.0,17.0,0.0,86.18,0.0
Apr-2026,RR7,GATESHEAD HEALTH NHS FOUNDATION TRUST,C_301,Gastroenterology Service,801.0,704.0,97.0,0.0,87.89,0.0
Apr-2026,NTPH3,PRACTICE PLUS GROUP SURGICAL CENTRE - DEVIZES,C_301,Gastroenterology Service,223.0,223.0,0.0,0.0,100.0,0.0
Apr-2026,RRK,UNIVERSITY HOSPITALS BIRMINGHAM NHS FOUNDATION TRUST,C_301,Gastroenterology Service,6595.0,4245.0,2350.0,0.0,64.37,0.0
Apr-2026,NT436,SHIRLEY OAKS HOSPITAL,C_301,Gastroenterology Service,186.0,153.0,33.0,0.0,82.26,0.0
Apr-2026,REF,ROYAL CORNWALL HOSPITALS NHS TRUST,C_301,Gastroenterology Service,2386.0,2165.0,221.0,0.0,90.74,0.0
Apr-2026,NVC31,BLAKELANDS HOSPITAL,C_301,Gastroenterology Service,223.0,201.0,22.0,0.0,90.13,0.0
Apr-2026,RTF,NORTHUMBRIA HEALTHCARE NHS FOUNDATION TRUST,C_301,Gastroenterology Service,1478.0,1444.0,34.0,0.0,97.7,0.0
Apr-2026,NT422,LONDON INDEPENDENT HOSPITAL,C_301,Gastroenterology Service,152.0,145.0,7.0,0.0,95.39,0.0
Apr-2026,NVC0I,BEACON PARK HOSPITAL,C_301,Gastroenterology Service,124.0,97.0,27.0,0.0,78.23,0.0
Apr-2026,RPY,THE ROYAL MARSDEN NHS FOUNDATION TRUST,C_301,Gastroenterology Service,67.0,62.0,5.0,0.0,92.54,0.0
Apr-2026,RXQ,BUCKINGHAMSHIRE HEALTHCARE NHS TRUST,C_301,Gastroenterology Service,3624.0,2541.0,1083.0,0.0,70.12,0.0
Apr-2026,NVC0R,TEES VALLEY HOSPITAL,C_301,Gastroenterology Service,326.0,288.0,38.0,0.0,88.34,0.0
Apr-2026,NN4,TYNESIDE SURGICAL SERVICES LTD,C_301,Gastroenterology Service,322.0,290.0,32.0,0.0,90.06,0.0
Apr-2026,RWF,MAIDSTONE AND TUNBRIDGE WELLS NHS TRUST,C_301,Gastroenterology Service,2949.0,2002.0,947.0,0.0,67.89,0.0
Apr-2026,RFR,THE ROTHERHAM NHS FOUNDATION TRUST,C_301,Gastroenterology Service,1856.0,1320.0,536.0,0.0,71.12,0.0
Apr-2026,AAV,COMMUNITY HEALTH AND EYECARE LIMITED,C_301,Gastroenterology Service,681.0,656.0,25.0,0.0,96.33,0.0
Apr-2026,RGT,CAMBRIDGE UNIVERSITY HOSPITALS NHS FOUNDATION TRUST,C_301,Gastroenterology Service,1670.0,1409.0,261.0,0.0,84.37,0.0
Apr-2026,RXF,MID YORKSHIRE TEACHING NHS TRUST,C_301,Gastroenterology Service,3428.0,2653.0,775.0,0.0,77.39,0.0
Apr-2026,NWF01,BENENDEN HOSPITAL,C_301,Gastroenterology Service,100.0,79.0,21.0,0.0,79.0,0.0
Apr-2026,NID,THE LIVING CARE GROUP,C_301,Gastroenterology Service,152.0,152.0,0.0,0.0,100.0,0.0
Apr-2026,RW1,HAMPSHIRE AND ISLE OF WIGHT HEALTHCARE NHS FOUNDATION TRUST,C_301,Gastroenterology Service,154.0,143.0,11.0,0.0,92.86,0.0
Apr-2026,G3Z1Q,SULIS HOSPITAL BATH (FOXCOTE AVENUE),C_301,Gastroenterology Service,52.0,51.0,1.0,0.0,98.08,0.0
Apr-2026,NT424,MERIDEN HOSPITAL,C_301,Gastroenterology Service,173.0,151.0,22.0,0.0,87.28,0.0
Apr-2026,RQM,CHELSEA AND WESTMINSTER HOSPITAL NHS FOUNDATION TRUST,C_301,Gastroenterology Service,2041.0,1733.0,308.0,0.0,84.91,0.0
Apr-2026,NVC06,FITZWILLIAM HOSPITAL,C_301,Gastroenterology Service,135.0,87.0,48.0,0.0,64.44,0.0
Apr-2026,NT337,SPIRE LIVERPOOL HOSPITAL,C_301,Gastroenterology Service,69.0,67.0,2.0,0.0,97.1,0.0
Apr-2026,M9U8M,ENDOCARE DIAGNOSTICS LTD,C_301,Gastroenterology Service,78.0,78.0,0.0,0.0,100.0,0.0
Apr-2026,NT427,PARK HOSPITAL,C_301,Gastroenterology Service,93.0,81.0,12.0,0.0,87.1,0.0
Apr-2026,NT409,CHELSFIELD PARK HOSPITAL,C_301,Gastroenterology Service,51.0,47.0,4.0,0.0,92.16,0.0
Apr-2026,NT434,SAXON CLINIC,C_301,Gastroenterology Service,58.0,38.0,20.0,0.0,65.52,0.0
Apr-2026,AJ8,THE GRANGE MEDICAL CENTRE HQ,C_301,Gastroenterology Service,216.0,216.0,0.0,0.0,100.0,0.0
Apr-2026,RWG,WEST HERTFORDSHIRE TEACHING HOSPITALS NHS TRUST,C_301,Gastroenterology Service,3576.0,3123.0,453.0,0.0,87.33,0.0
Apr-2026,RAX,KINGSTON AND RICHMOND NHS FOUNDATION TRUST,C_301,Gastroenterology Service,3214.0,1987.0,1227.0,0.0,61.82,0.0
Apr-2026,RMP,TAMESIDE AND GLOSSOP INTEGRATED CARE NHS FOUNDATION TRUST,C_301,Gastroenterology Service,1041.0,938.0,103.0,0.0,90.11,0.0
Apr-2026,NT451,CAVELL HOSPITAL,C_301,Gastroenterology Service,338.0,256.0,82.0,0.0,75.74,0.0
Apr-2026,NT411,CLEMENTINE CHURCHILL HOSPITAL,C_301,Gastroenterology Service,215.0,214.0,1.0,0.0,99.53,0.0
Apr-2026,RMC,BOLTON NHS FOUNDATION TRUST,C_301,Gastroenterology Service,1478.0,1188.0,290.0,0.0,80.38,0.0
Apr-2026,K8I4X,GLENDON WOOD HOSPITAL,C_301,Gastroenterology Service,165.0,143.0,22.0,0.0,86.67,0.0
Apr-2026,NVC40,WOODTHORPE HOSPITAL,C_301,Gastroenterology Service,169.0,139.0,30.0,0.0,82.25,0.0
Apr-2026,NT457,WOODLANDS HOSPITAL,C_301,Gastroenterology Service,101.0,92.0,9.0,0.0,91.09,0.0
Apr-2026,NTPH5,PRACTICE PLUS GROUP HOSPITAL - PLYMOUTH,C_301,Gastroenterology Service,151.0,146.0,5.0,0.0,96.69,0.0
Apr-2026,RLT,GEORGE ELIOT HOSPITAL NHS TRUST,C_301,Gastroenterology Service,1228.0,951.0,277.0,0.0,77.44,0.0
Apr-2026,RKE,WHITTINGTON HEALTH NHS TRUST,C_301,Gastroenterology Service,1395.0,1146.0,249.0,0.0,82.15,0.0
Apr-2026,NNE,DORKING HEALTHCARE LIMITED (DHC),C_301,Gastroenterology Service,331.0,203.0,128.0,0.0,61.33,0.0
Apr-2026,RXR,EAST LANCASHIRE HOSPITALS NHS TRUST,C_301,Gastroenterology Service,2407.0,2043.0,364.0,0.0,84.88,0.0
Apr-2026,RNS,NORTHAMPTON GENERAL HOSPITAL NHS TRUST,C_301,Gastroenterology Service,3111.0,2055.0,1056.0,0.0,66.06,0.0
Apr-2026,NVC22,WINFIELD HOSPITAL,C_301,Gastroenterology Service,150.0,146.0,4.0,0.0,97.33,0.0
Apr-2026,NTPH2,PRACTICE PLUS GROUP HOSPITAL - EMERSONS GREEN,C_301,Gastroenterology Service,469.0,469.0,0.0,0.0,100.0,0.0
Apr-2026,NTPH1,PRACTICE PLUS GROUP HOSPITAL - SHEPTON MALLET,C_301,Gastroenterology Service,144.0,144.0,0.0,0.0,100.0,0.0
Apr-2026,NT403,BEARDWOOD HOSPITAL,C_301,Gastroenterology Service,52.0,43.0,9.0,0.0,82.69,0.0
Apr-2026,RBK,WALSALL HEALTHCARE NHS TRUST,C_301,Gastroenterology Service,1307.0,1116.0,191.0,0.0,85.39,0.0
Apr-2026,RXW,THE SHREWSBURY AND TELFORD HOSPITAL NHS TRUST,C_301,Gastroenterology Service,1824.0,1526.0,298.0,0.0,83.66,0.0
Apr-2026,RFF,BARNSLEY HOSPITAL NHS FOUNDATION TRUST,C_301,Gastroenterology Service,1212.0,1140.0,72.0,0.0,94.06,0.0
Apr-2026,NEQ,PHOENIX HEALTH SOLUTIONS LIMITED HQ,C_301,Gastroenterology Service,368.0,350.0,18.0,0.0,95.11,0.0
Apr-2026,NVC19,RIVERS HOSPITAL,C_301,Gastroenterology Service,627.0,508.0,119.0,0.0,81.02,0.0
Apr-2026,NTP11,PRACTICE PLUS GROUP HOSPITAL - SOUTHAMPTON,C_301,Gastroenterology Service,456.0,456.0,0.0,0.0,100.0,0.0
Apr-2026,NVC17,ROWLEY HALL HOSPITAL,C_301,Gastroenterology Service,108.0,58.0,50.0,0.0,53.7,0.0
Apr-2026,RYJ,IMPERIAL COLLEGE HEALTHCARE NHS TRUST,C_301,Gastroenterology Service,3471.0,3261.0,210.0,0.0,93.95,0.0
Apr-2026,RAE,BRADFORD TEACHING HOSPITALS NHS FOUNDATION TRUST,C_301,Gastroenterology Service,1241.0,982.0,259.0,0.0,79.13,0.0
Apr-2026,RTE,GLOUCESTERSHIRE HOSPITALS NHS FOUNDATION TRUST,C_301,Gastroenterology Service,4840.0,4347.0,493.0,0.0,89.81,0.0
Apr-2026,NTPAD,PRACTICE PLUS GROUP SURGICAL CENTRE - ST MARYS PORTSMOUTH,C_301,Gastroenterology Service,388.0,387.0,1.0,0.0,99.74,0.0
Apr-2026,R1F,ISLE OF WIGHT NHS TRUST,C_301,Gastroenterology Service,800.0,573.0,227.0,0.0,71.63,0.0
Apr-2026,RCD,HARROGATE AND DISTRICT NHS FOUNDATION TRUST,C_301,Gastroenterology Service,777.0,690.0,87.0,0.0,88.8,0.0
Apr-2026,NVC01,ASHTEAD HOSPITAL,C_301,Gastroenterology Service,106.0,82.0,24.0,0.0,77.36,0.0
Apr-2026,RAS,THE HILLINGDON HOSPITALS NHS FOUNDATION TRUST,C_301,Gastroenterology Service,1177.0,771.0,406.0,0.0,65.51,0.0
Apr-2026,RJR,COUNTESS OF CHESTER HOSPITAL NHS FOUNDATION TRUST,C_301,Gastroenterology Service,686.0,625.0,61.0,0.0,91.11,0.0
Apr-2026,RQX,HOMERTON HEALTHCARE NHS FOUNDATION TRUST,C_301,Gastroenterology Service,913.0,845.0,68.0,0.0,92.55,0.0
