n,pathways,mean_pct,sd_pct,min_pct,min_provider,min_provider_name,q1_pct,median_pct,q3_pct,iqr_pp,max_pct,max_provider,max_provider_name,range_pp,specialty_code,specialty,floor,period,panel
110,357554,62.1187347028296,15.0100363869065,19.63963963963964,RD8,MILTON KEYNES UNIVERSITY HOSPITAL NHS FOUNDATION TRUST,52.63388970628636,59.68596830867706,71.65543830309701,19.021548596810653,96.25748502994011,RJ1,GUY'S AND ST THOMAS' NHS FOUNDATION TRUST,76.61784539030047,C_301,Gastroenterology,500,2024-01,balanced
110,359777,62.54030109073081,14.567286532272176,23.535062439961575,RD8,MILTON KEYNES UNIVERSITY HOSPITAL NHS FOUNDATION TRUST,53.064616988567835,60.659749430565526,72.37356958287191,19.308952594304074,97.12230215827338,RFF,BARNSLEY HOSPITAL NHS FOUNDATION TRUST,73.5872397183118,C_301,Gastroenterology,500,2024-02,balanced
110,359957,61.93160119017734,14.151564877488996,34.005037783375315,RD8,MILTON KEYNES UNIVERSITY HOSPITAL NHS FOUNDATION TRUST,52.93899257475417,60.649663879992985,71.40220154615379,18.463208971399624,97.48549323017409,RFF,BARNSLEY HOSPITAL NHS FOUNDATION TRUST,63.48045544679877,C_301,Gastroenterology,500,2024-03,balanced
110,361325,63.10695395783559,14.241336040157112,33.980582524271846,RD8,MILTON KEYNES UNIVERSITY HOSPITAL NHS FOUNDATION TRUST,53.956026695943834,59.83421355725311,72.65430485120858,18.698278155264745,96.03833865814697,RTF,NORTHUMBRIA HEALTHCARE NHS FOUNDATION TRUST,62.057756133875124,C_301,Gastroenterology,500,2024-04,balanced
110,360098,63.337142873318435,14.099294391741077,27.25914861837192,RD8,MILTON KEYNES UNIVERSITY HOSPITAL NHS FOUNDATION TRUST,53.81711182029008,61.51022238674222,71.18888687700135,17.37177505671127,95.77804583835947,RTF,NORTHUMBRIA HEALTHCARE NHS FOUNDATION TRUST,68.51889721998755,C_301,Gastroenterology,500,2024-05,balanced
110,360629,63.14983674537331,13.491327408361217,25.254104769351056,RD8,MILTON KEYNES UNIVERSITY HOSPITAL NHS FOUNDATION TRUST,54.47267479634165,60.44975586989301,70.9339409909168,16.461266194575146,96.48197009674583,R0B,SOUTH TYNESIDE AND SUNDERLAND NHS FOUNDATION TRUST,71.22786532739477,C_301,Gastroenterology,500,2024-06,balanced
110,358522,63.701497051453885,13.018424122031677,30.607082630691398,RD8,MILTON KEYNES UNIVERSITY HOSPITAL NHS FOUNDATION TRUST,55.18453422469793,61.33090746019755,70.96903169526026,15.784497470562329,96.59192825112108,R0B,SOUTH TYNESIDE AND SUNDERLAND NHS FOUNDATION TRUST,65.98484562042968,C_301,Gastroenterology,500,2024-07,balanced
110,359886,63.67056766048124,13.168345570371407,31.434830230010952,RD8,MILTON KEYNES UNIVERSITY HOSPITAL NHS FOUNDATION TRUST,54.02327498129742,62.31155153827017,70.41040011333817,16.38712513204075,96.48117839607201,R0B,SOUTH TYNESIDE AND SUNDERLAND NHS FOUNDATION TRUST,65.04634816606105,C_301,Gastroenterology,500,2024-08,balanced
110,359372,64.33485663922664,12.803926844209272,39.42176870748299,RWH,EAST AND NORTH HERTFORDSHIRE TEACHING NHS TRUST,55.04273361711891,62.12572343078326,70.77333934918786,15.730605732068952,96.61016949152543,RTF,NORTHUMBRIA HEALTHCARE NHS FOUNDATION TRUST,57.188400784042436,C_301,Gastroenterology,500,2024-09,balanced
110,360505,64.84079649202579,12.779534680349734,40.532652316672745,RWH,EAST AND NORTH HERTFORDSHIRE TEACHING NHS TRUST,55.511911308060554,61.94233429450854,73.00499638886586,17.493085080805308,95.58823529411765,RTF,NORTHUMBRIA HEALTHCARE NHS FOUNDATION TRUST,55.05558297744491,C_301,Gastroenterology,500,2024-10,balanced
110,361370,64.99657006096795,12.769776615717063,40.41841004184101,RD8,MILTON KEYNES UNIVERSITY HOSPITAL NHS FOUNDATION TRUST,55.151254631375764,62.63076895587342,72.12578262010126,16.974527988725498,96.44772117962466,RTF,NORTHUMBRIA HEALTHCARE NHS FOUNDATION TRUST,56.02931113778366,C_301,Gastroenterology,500,2024-11,balanced
110,364083,64.85424102913724,12.983535263187033,36.903831118060985,RD8,MILTON KEYNES UNIVERSITY HOSPITAL NHS FOUNDATION TRUST,54.65649836678619,63.60798015204625,74.95800424056074,20.301505873774552,95.62243502051983,RTF,NORTHUMBRIA HEALTHCARE NHS FOUNDATION TRUST,58.718603902458845,C_301,Gastroenterology,500,2024-12,balanced
110,367126,64.85411367972793,13.037685661640195,38.15126050420168,RD8,MILTON KEYNES UNIVERSITY HOSPITAL NHS FOUNDATION TRUST,55.522945066810635,63.30444131237685,73.74748737346683,18.22454230665619,96.289592760181,R0B,SOUTH TYNESIDE AND SUNDERLAND NHS FOUNDATION TRUST,58.138332255979314,C_301,Gastroenterology,500,2025-01,balanced
110,366462,64.8302110791587,13.351352814522675,33.68983957219251,RAX,KINGSTON AND RICHMOND NHS FOUNDATION TRUST,54.532984825339284,63.87366423732516,74.29920627743641,19.766221452097128,96.54300168634065,R0B,SOUTH TYNESIDE AND SUNDERLAND NHS FOUNDATION TRUST,62.853162114148134,C_301,Gastroenterology,500,2025-02,balanced
110,367167,65.11858191540156,13.250140244404351,34.99278499278499,RAX,KINGSTON AND RICHMOND NHS FOUNDATION TRUST,54.35933394097106,64.5805156457991,73.75248532825756,19.3931513872865,97.08265802269044,R0B,SOUTH TYNESIDE AND SUNDERLAND NHS FOUNDATION TRUST,62.08987302990545,C_301,Gastroenterology,500,2025-03,balanced
110,360213,64.96414595315268,13.02168490735186,39.007456929802004,RTK,ASHFORD AND ST PETER'S HOSPITALS NHS FOUNDATION TRUST,54.60145035766557,64.19050944413453,73.18375296223363,18.582302604568056,96.6931216931217,RTF,NORTHUMBRIA HEALTHCARE NHS FOUNDATION TRUST,57.68566476331969,C_301,Gastroenterology,500,2025-04,balanced
110,351029,65.93732656119364,12.86734207539992,40.78034139936222,RXR,EAST LANCASHIRE HOSPITALS NHS TRUST,55.67862582324243,66.06597076054163,75.46149303824446,19.782867215002028,96.8833481745325,R0B,SOUTH TYNESIDE AND SUNDERLAND NHS FOUNDATION TRUST,56.10300677517028,C_301,Gastroenterology,500,2025-05,balanced
110,348120,66.40660354773979,13.25709116725304,26.527570789865873,RTK,ASHFORD AND ST PETER'S HOSPITALS NHS FOUNDATION TRUST,57.698815044399225,65.61103659753323,74.81714108800786,17.118326043608633,96.72750157331654,RTF,NORTHUMBRIA HEALTHCARE NHS FOUNDATION TRUST,70.19993078345067,C_301,Gastroenterology,500,2025-06,balanced
110,351241,66.08535127620965,13.381126413582043,24.961479198767336,RTK,ASHFORD AND ST PETER'S HOSPITALS NHS FOUNDATION TRUST,57.12704096625201,65.33225788819803,74.0621183232796,16.935077357027595,97.42222222222222,R0B,SOUTH TYNESIDE AND SUNDERLAND NHS FOUNDATION TRUST,72.46074302345488,C_301,Gastroenterology,500,2025-07,balanced
110,353948,65.65065117143494,13.148975298232807,25.268513284341434,RTK,ASHFORD AND ST PETER'S HOSPITALS NHS FOUNDATION TRUST,56.361580630511945,65.09235497315723,74.15991301641151,17.798332385899563,96.27329192546584,R0B,SOUTH TYNESIDE AND SUNDERLAND NHS FOUNDATION TRUST,71.0047786411244,C_301,Gastroenterology,500,2025-08,balanced
110,355597,66.82008572451706,12.991089350226737,30.878712871287128,RTK,ASHFORD AND ST PETER'S HOSPITALS NHS FOUNDATION TRUST,58.04349807307011,66.69891599522606,74.4494880582113,16.40598998514119,96.71794871794872,RQX,HOMERTON HEALTHCARE NHS FOUNDATION TRUST,65.83923584666158,C_301,Gastroenterology,500,2025-09,balanced
110,358200,67.06320716011176,12.623983174709423,40.51553205551884,RTK,ASHFORD AND ST PETER'S HOSPITALS NHS FOUNDATION TRUST,58.573731968596086,66.60224553653599,73.59104472679027,15.017312758194187,97.25765306122449,RTF,NORTHUMBRIA HEALTHCARE NHS FOUNDATION TRUST,56.74212100570565,C_301,Gastroenterology,500,2025-10,balanced
110,353432,66.89758757920514,12.895264739396483,39.4624713208784,RXK,SANDWELL AND WEST BIRMINGHAM HOSPITALS NHS TRUST,57.92194962639032,65.68102460383815,74.05633041113096,16.134380784740635,98.0123372172721,RTF,NORTHUMBRIA HEALTHCARE NHS FOUNDATION TRUST,58.549865896393705,C_301,Gastroenterology,500,2025-11,balanced
110,354792,66.83236553646688,13.145853885242209,38.72870249017038,RXK,SANDWELL AND WEST BIRMINGHAM HOSPITALS NHS TRUST,58.05105227255869,66.29438924069964,74.9469356241958,16.89588335163711,98.27089337175792,RTF,NORTHUMBRIA HEALTHCARE NHS FOUNDATION TRUST,59.542190881587544,C_301,Gastroenterology,500,2025-12,balanced
110,356507,67.04461562583506,13.360104805620592,34.894613583138174,RXK,SANDWELL AND WEST BIRMINGHAM HOSPITALS NHS TRUST,57.36550200041508,66.75407392717594,75.76355746457743,18.398055464162354,97.83096484667165,RTF,NORTHUMBRIA HEALTHCARE NHS FOUNDATION TRUST,62.936351263533474,C_301,Gastroenterology,500,2026-01,balanced
110,351583,67.85070185596625,13.512346522281758,32.810830067687924,RVV,EAST KENT HOSPITALS UNIVERSITY NHS FOUNDATION TRUST,57.834022372940495,66.72787689328327,76.39151055844148,18.557488185500986,97.58454106280193,RTF,NORTHUMBRIA HEALTHCARE NHS FOUNDATION TRUST,64.77371099511402,C_301,Gastroenterology,500,2026-02,balanced
110,338601,71.69827267071419,12.587037386481347,41.417910447761194,RBT,MID CHESHIRE HOSPITALS NHS FOUNDATION TRUST,62.65780059022634,71.53361502020562,80.64494744023786,17.98714685001152,97.96348314606742,RTF,NORTHUMBRIA HEALTHCARE NHS FOUNDATION TRUST,56.54557269830622,C_301,Gastroenterology,500,2026-03,balanced
110,345097,71.25692488186624,12.77916348555462,40.61135371179039,RBT,MID CHESHIRE HOSPITALS NHS FOUNDATION TRUST,61.825537658136525,69.54830033949119,80.31546669885499,18.489929040718465,97.69959404600812,RTF,NORTHUMBRIA HEALTHCARE NHS FOUNDATION TRUST,57.08824033421772,C_301,Gastroenterology,500,2026-04,balanced
110,343372,71.32909273883541,12.885138398865383,41.550190597204576,RBT,MID CHESHIRE HOSPITALS NHS FOUNDATION TRUST,62.72767392247891,68.95150877997753,79.99000914204372,17.26233521956481,98.26194909993792,RTF,NORTHUMBRIA HEALTHCARE NHS FOUNDATION TRUST,56.711758502733346,C_301,Gastroenterology,500,2026-05,balanced
110,556695,64.7770029404831,13.455460584236027,33.91655450874832,RD8,MILTON KEYNES UNIVERSITY HOSPITAL NHS FOUNDATION TRUST,55.00713022381495,63.23138759187554,72.48363644864182,17.47650622482687,98.85312615612283,AAV,COMMUNITY HEALTH AND EYECARE LIMITED,64.9365716473745,C_130,Ophthalmology,500,2024-01,balanced
110,559740,65.46938220911223,13.281888471608314,34.99176276771005,RD8,MILTON KEYNES UNIVERSITY HOSPITAL NHS FOUNDATION TRUST,56.07964259191452,63.97599503074335,72.57543464014297,16.495792048228452,98.73328641801548,AAV,COMMUNITY HEALTH AND EYECARE LIMITED,63.74152365030543,C_130,Ophthalmology,500,2024-02,balanced
110,562833,65.2120459727106,13.62697924674483,35.470668485675304,RD8,MILTON KEYNES UNIVERSITY HOSPITAL NHS FOUNDATION TRUST,56.39386852771708,63.55410896404825,72.00010061099474,15.606232083277654,98.7232574189096,AAV,COMMUNITY HEALTH AND EYECARE LIMITED,63.25258893323429,C_130,Ophthalmology,500,2024-03,balanced
110,564675,66.61797756283804,13.275324970943453,39.53488372093023,RD8,MILTON KEYNES UNIVERSITY HOSPITAL NHS FOUNDATION TRUST,57.21686873451233,65.15785649328342,72.98456036107792,15.767691626565593,99.18248175182482,AAV,COMMUNITY HEALTH AND EYECARE LIMITED,59.64759803089459,C_130,Ophthalmology,500,2024-04,balanced
110,565046,67.53652079463347,12.961361686096758,41.50015370427298,RD8,MILTON KEYNES UNIVERSITY HOSPITAL NHS FOUNDATION TRUST,58.17385442394594,65.23223721821061,73.99245743317357,15.81860300922763,98.63728616990431,AAV,COMMUNITY HEALTH AND EYECARE LIMITED,57.13713246563133,C_130,Ophthalmology,500,2024-05,balanced
110,562290,67.13367915217827,13.022945511194514,34.17829678154372,RD8,MILTON KEYNES UNIVERSITY HOSPITAL NHS FOUNDATION TRUST,57.59738841324687,65.32237018098058,73.22325207381074,15.625863660563873,98.65771812080537,B5M7B,NEWMEDICA - NORWICH,64.47942133926165,C_130,Ophthalmology,500,2024-06,balanced
110,558787,66.7843835971796,12.764417054860079,35.366882204104584,RD8,MILTON KEYNES UNIVERSITY HOSPITAL NHS FOUNDATION TRUST,58.5469198555743,64.65670135253401,73.95172315680905,15.40480330123475,98.87640449438203,B5M7B,NEWMEDICA - NORWICH,63.509522290277445,C_130,Ophthalmology,500,2024-07,balanced
110,559490,66.29696859265016,12.821051395082973,38.42139595564253,RD8,MILTON KEYNES UNIVERSITY HOSPITAL NHS FOUNDATION TRUST,58.05331471288918,64.10858656258712,72.2028394137673,14.14952470087811,98.93428063943162,B5M7B,NEWMEDICA - NORWICH,60.51288468378909,C_130,Ophthalmology,500,2024-08,balanced
110,553968,66.37989037819884,13.043191530492031,36.844783715012724,RD8,MILTON KEYNES UNIVERSITY HOSPITAL NHS FOUNDATION TRUST,57.24346147126221,65.03876156524575,72.71307680779073,15.46961533652852,99.70457902511079,M4C5R,NEWMEDICA - NORTHAMPTON,62.859795310098065,C_130,Ophthalmology,500,2024-09,balanced
110,547050,67.21278692064597,12.716802995933909,40.685224839400426,RD8,MILTON KEYNES UNIVERSITY HOSPITAL NHS FOUNDATION TRUST,58.59078365370893,66.07937757771585,73.58731440259744,14.99653074888851,98.75776397515529,ACG37,NEWMEDICA - IPSWICH,58.07253913575486,C_130,Ophthalmology,500,2024-10,balanced
110,536966,67.58611479521825,12.498691883563277,38.805577479610626,RD8,MILTON KEYNES UNIVERSITY HOSPITAL NHS FOUNDATION TRUST,58.20252525451353,66.97470766266052,74.53900233303116,16.336477078517632,98.70550161812298,ACG37,NEWMEDICA - IPSWICH,59.899924138512354,C_130,Ophthalmology,500,2024-11,balanced
110,530741,67.38120060529106,12.45079357236606,39.83561643835616,RD8,MILTON KEYNES UNIVERSITY HOSPITAL NHS FOUNDATION TRUST,59.339642724869094,65.76881339739299,73.74191940784509,14.402276682975995,99.0,ACG37,NEWMEDICA - IPSWICH,59.16438356164384,C_130,Ophthalmology,500,2024-12,balanced
110,526988,67.66671077437186,12.566368823007325,38.142857142857146,RD8,MILTON KEYNES UNIVERSITY HOSPITAL NHS FOUNDATION TRUST,58.71334977513807,66.7263341051808,73.986919307649,15.273569532510933,99.43181818181819,ACG37,NEWMEDICA - IPSWICH,61.28896103896104,C_130,Ophthalmology,500,2025-01,balanced
110,527061,68.41284174830503,12.793257168057185,39.0625,RD8,MILTON KEYNES UNIVERSITY HOSPITAL NHS FOUNDATION TRUST,58.78670751481477,67.62537675790122,75.28577226482153,16.49906475000676,99.36143039591316,B5M7B,NEWMEDICA - NORWICH,60.29893039591316,C_130,Ophthalmology,500,2025-02,balanced
110,527650,69.04441702792077,12.469167194154176,43.00751879699248,RD8,MILTON KEYNES UNIVERSITY HOSPITAL NHS FOUNDATION TRUST,59.21976378465655,68.94773409308381,76.46280306118348,17.24303927652693,99.50900163666121,ACG37,NEWMEDICA - IPSWICH,56.50148283966873,C_130,Ophthalmology,500,2025-03,balanced
110,527877,69.59127622673992,12.524507185571572,39.81072555205047,RD8,MILTON KEYNES UNIVERSITY HOSPITAL NHS FOUNDATION TRUST,60.76265523919953,68.93171896878346,77.13064056127271,16.36798532207318,99.64476021314387,ACG37,NEWMEDICA - IPSWICH,59.8340346610934,C_130,Ophthalmology,500,2025-04,balanced
110,525883,70.8468462154032,12.132589789893272,39.17329093799682,RD8,MILTON KEYNES UNIVERSITY HOSPITAL NHS FOUNDATION TRUST,63.280652289220825,69.93766686895057,77.49411698046018,14.213464691239352,99.77349943374858,M4C5R,NEWMEDICA - NORTHAMPTON,60.600208495751765,C_130,Ophthalmology,500,2025-05,balanced
110,525535,70.98375209711774,11.7283644399509,42.69418794133623,RD8,MILTON KEYNES UNIVERSITY HOSPITAL NHS FOUNDATION TRUST,63.18805535896831,71.1517841418838,77.12852793920695,13.940472580238634,100.0,ACG37,NEWMEDICA - IPSWICH,57.30581205866377,C_130,Ophthalmology,500,2025-06,balanced
110,524604,70.35400703550945,11.602227568471953,39.10095429432446,RD8,MILTON KEYNES UNIVERSITY HOSPITAL NHS FOUNDATION TRUST,62.61460389292462,70.83926082043799,76.34695219073143,13.732348297806809,99.15611814345992,ACG37,NEWMEDICA - IPSWICH,60.05516384913546,C_130,Ophthalmology,500,2025-07,balanced
110,525624,69.9481493760925,11.606777195286663,36.51252408477842,RD8,MILTON KEYNES UNIVERSITY HOSPITAL NHS FOUNDATION TRUST,62.19109027466506,69.9895713002182,76.16697318015987,13.975882905494814,99.34296977660972,ACG37,NEWMEDICA - IPSWICH,62.8304456918313,C_130,Ophthalmology,500,2025-08,balanced
110,524708,70.6454016583201,11.45910375748178,38.79558541266795,RD8,MILTON KEYNES UNIVERSITY HOSPITAL NHS FOUNDATION TRUST,63.27530482339434,70.03331311343364,77.37572238544524,14.1004175620509,98.83855981416957,ACG37,NEWMEDICA - IPSWICH,60.042974401501624,C_130,Ophthalmology,500,2025-09,balanced
110,528172,70.7570670339193,11.32194702333484,44.629124286777476,RD8,MILTON KEYNES UNIVERSITY HOSPITAL NHS FOUNDATION TRUST,62.2899405977463,70.5445136804266,77.48013642052601,15.190195822779707,98.52620087336244,AAV,COMMUNITY HEALTH AND EYECARE LIMITED,53.897076586584966,C_130,Ophthalmology,500,2025-10,balanced
110,526514,70.4982328152557,11.378328849273771,45.68563762180483,RM3,NORTHERN CARE ALLIANCE NHS FOUNDATION TRUST,62.39025564602049,69.79074921435128,77.35237221289844,14.962116566877953,97.95698924731182,ACG37,NEWMEDICA - IPSWICH,52.271351625506995,C_130,Ophthalmology,500,2025-11,balanced
110,521100,69.66361872217989,11.483219066756035,43.50583825861323,RM3,NORTHERN CARE ALLIANCE NHS FOUNDATION TRUST,61.454687502541304,69.3489298015241,76.63026359210545,15.175576089564146,97.74358974358974,ACG37,NEWMEDICA - IPSWICH,54.237751484976506,C_130,Ophthalmology,500,2025-12,balanced
110,516369,69.24306110604556,11.398844189663736,41.251840942562595,RM3,NORTHERN CARE ALLIANCE NHS FOUNDATION TRUST,60.10600032117992,68.80294125831315,76.70986459858864,16.603864277408718,97.49759384023099,ACG37,NEWMEDICA - IPSWICH,56.245752897668396,C_130,Ophthalmology,500,2026-01,balanced
110,515395,70.12164135793172,10.827918061655014,43.78559953264203,RM3,NORTHERN CARE ALLIANCE NHS FOUNDATION TRUST,61.686338881717745,70.11199501834957,76.6696199881778,14.983281106460055,95.67567567567568,ACG37,NEWMEDICA - IPSWICH,51.890076143033646,C_130,Ophthalmology,500,2026-02,balanced
110,515028,72.2233094495597,9.938350668278018,50.26985350809561,RM3,NORTHERN CARE ALLIANCE NHS FOUNDATION TRUST,63.772020692833756,72.4301600605342,78.9686499802208,15.196629287387047,94.12532637075718,RBK,WALSALL HEALTHCARE NHS TRUST,43.85547286266157,C_130,Ophthalmology,500,2026-03,balanced
110,523378,72.61625087274597,10.07702813596595,52.361673414304995,RD8,MILTON KEYNES UNIVERSITY HOSPITAL NHS FOUNDATION TRUST,64.57634128516254,72.36075200087112,80.74240652746981,16.16606524230727,94.58128078817734,ACG37,NEWMEDICA - IPSWICH,42.21960737387234,C_130,Ophthalmology,500,2026-04,balanced
110,534329,73.31945309262794,9.918736947746071,51.95402298850575,RD8,MILTON KEYNES UNIVERSITY HOSPITAL NHS FOUNDATION TRUST,65.78899605471656,72.37782521928807,80.95067562943557,15.161679574719003,96.2871287128713,ACG37,NEWMEDICA - IPSWICH,44.333105724365545,C_130,Ophthalmology,500,2026-05,balanced
114,596647,50.9784418564338,12.732189959318587,16.534935188112552,RGP,JAMES PAGET UNIVERSITY HOSPITALS NHS FOUNDATION TRUST,42.952217374836124,49.43030185758514,58.78306771124313,15.830850336407003,94.62025316455696,NNE,DORKING HEALTHCARE LIMITED (DHC),78.0853179764444,C_120,"Ear, Nose and Throat",500,2024-01,balanced
114,603536,52.06518439193339,12.510306840676035,23.223259152907396,RAS,THE HILLINGDON HOSPITALS NHS FOUNDATION TRUST,43.66970009209698,49.76777630844214,60.040900289591974,16.371200197494993,95.03012048192771,NNE,DORKING HEALTHCARE LIMITED (DHC),71.80686132902031,C_120,"Ear, Nose and Throat",500,2024-02,balanced
114,614242,51.76475953899361,12.624553201284979,21.399541860636962,RYR,UNIVERSITY HOSPITALS SUSSEX NHS FOUNDATION TRUST,44.362818983913336,49.5445355052791,58.89609429476077,14.533275310847436,93.54838709677419,NNE,DORKING HEALTHCARE LIMITED (DHC),72.14884523613723,C_120,"Ear, Nose and Throat",500,2024-03,balanced
114,626942,52.97314476178439,12.297482731997459,26.733977172958735,RAS,THE HILLINGDON HOSPITALS NHS FOUNDATION TRUST,45.17431106025054,50.508835980634295,59.16029695297735,13.98598589272681,91.64490861618799,NNE,DORKING HEALTHCARE LIMITED (DHC),64.91093144322926,C_120,"Ear, Nose and Throat",500,2024-04,balanced
114,631942,53.54090124191167,12.028033190563235,30.049138520868322,RYR,UNIVERSITY HOSPITALS SUSSEX NHS FOUNDATION TRUST,46.07059405195596,50.95049067114199,59.86939694238877,13.79880289043281,90.78947368421052,NNE,DORKING HEALTHCARE LIMITED (DHC),60.740335163342195,C_120,"Ear, Nose and Throat",500,2024-05,balanced
114,633735,52.86370955774429,11.701180583743918,28.875340511090933,RYR,UNIVERSITY HOSPITALS SUSSEX NHS FOUNDATION TRUST,44.35150119347364,50.83179910924384,59.418634542717456,15.067133349243818,91.36302294197031,NNE,DORKING HEALTHCARE LIMITED (DHC),62.48768243087938,C_120,"Ear, Nose and Throat",500,2024-06,balanced
114,633789,52.05044323017053,11.644854841136855,28.37624802942722,RYR,UNIVERSITY HOSPITALS SUSSEX NHS FOUNDATION TRUST,43.60359062064936,50.0681097635979,59.13454233894194,15.530951718292577,92.32995658465991,NNE,DORKING HEALTHCARE LIMITED (DHC),63.953708555232694,C_120,"Ear, Nose and Throat",500,2024-07,balanced
114,627741,51.384598779036494,11.933116799192941,24.937027707808564,RYR,UNIVERSITY HOSPITALS SUSSEX NHS FOUNDATION TRUST,43.14046261436802,49.486672853280325,58.03881654803763,14.898353933669611,93.35260115606937,NNE,DORKING HEALTHCARE LIMITED (DHC),68.4155734482608,C_120,"Ear, Nose and Throat",500,2024-08,balanced
114,617031,51.550943645071534,11.63691949377099,29.19873245812585,RYR,UNIVERSITY HOSPITALS SUSSEX NHS FOUNDATION TRUST,43.33993723751915,49.589369573771165,58.097977608719894,14.758040371200742,92.11678832116789,NNE,DORKING HEALTHCARE LIMITED (DHC),62.91805586304204,C_120,"Ear, Nose and Throat",500,2024-09,balanced
114,615546,51.61403029716203,11.906489308891329,30.625941651828516,R1K,LONDON NORTH WEST UNIVERSITY HEALTHCARE NHS TRUST,43.63160229622239,49.158204637176496,59.194338564906225,15.562736268683835,92.090395480226,NNE,DORKING HEALTHCARE LIMITED (DHC),61.46445382839748,C_120,"Ear, Nose and Throat",500,2024-10,balanced
114,607442,51.65000746451103,11.773583740670338,29.545790797455243,R1K,LONDON NORTH WEST UNIVERSITY HEALTHCARE NHS TRUST,43.88638139651725,49.69164866242153,58.50080520192711,14.614423805409857,91.67803547066849,NNE,DORKING HEALTHCARE LIMITED (DHC),62.13224467321325,C_120,"Ear, Nose and Throat",500,2024-11,balanced
114,607329,51.509325656786004,11.60918295278943,30.271718331419823,RLT,GEORGE ELIOT HOSPITAL NHS TRUST,43.585463767949804,50.22055734490968,57.436689993836524,13.85122622588672,90.60205580029368,NNE,DORKING HEALTHCARE LIMITED (DHC),60.330337468873864,C_120,"Ear, Nose and Throat",500,2024-12,balanced
114,610172,51.67585101561481,11.872055577958093,26.733380986418872,RAS,THE HILLINGDON HOSPITALS NHS FOUNDATION TRUST,44.426382748470274,50.307355509716984,58.05728666447413,13.630903916003852,91.23376623376623,NNE,DORKING HEALTHCARE LIMITED (DHC),64.50038524734737,C_120,"Ear, Nose and Throat",500,2025-01,balanced
114,605713,52.24871072372754,11.925284373233616,28.270874424720578,RAS,THE HILLINGDON HOSPITALS NHS FOUNDATION TRUST,44.658160604149856,50.92181340857398,58.698427568668265,14.040266964518409,89.95290423861853,NNE,DORKING HEALTHCARE LIMITED (DHC),61.682029813897955,C_120,"Ear, Nose and Throat",500,2025-02,balanced
114,607943,53.05031953903532,12.28032165171565,22.885990744636096,RAS,THE HILLINGDON HOSPITALS NHS FOUNDATION TRUST,44.95207493464536,51.159860306008326,58.31116342882945,13.359088494184093,91.65402124430956,NNE,DORKING HEALTHCARE LIMITED (DHC),68.76803049967347,C_120,"Ear, Nose and Throat",500,2025-03,balanced
114,607624,52.976453763645885,12.362077528932682,28.19494584837545,RLT,GEORGE ELIOT HOSPITAL NHS TRUST,45.795048159450694,50.76254970259524,58.829913470250126,13.034865310799432,93.57664233576642,NNE,DORKING HEALTHCARE LIMITED (DHC),65.38169648739097,C_120,"Ear, Nose and Throat",500,2025-04,balanced
114,601598,53.53582329221435,12.63653244029404,27.191091954022987,RLT,GEORGE ELIOT HOSPITAL NHS TRUST,45.474604135690385,51.43155241571055,59.874042197211146,14.399438061520762,95.29780564263324,NNE,DORKING HEALTHCARE LIMITED (DHC),68.10671368861026,C_120,"Ear, Nose and Throat",500,2025-05,balanced
114,600761,53.54653040798701,12.255057928735202,21.57908775673513,RAS,THE HILLINGDON HOSPITALS NHS FOUNDATION TRUST,45.12209972918768,51.6095316980072,59.973369531826,14.85126980263832,96.22302158273381,NNE,DORKING HEALTHCARE LIMITED (DHC),74.64393382599867,C_120,"Ear, Nose and Throat",500,2025-06,balanced
114,596647,52.4751105922191,11.872433255309277,14.476789929189614,RAS,THE HILLINGDON HOSPITALS NHS FOUNDATION TRUST,44.78955383955384,51.03379769225597,57.92119224008036,13.13163840052652,93.89763779527559,NNE,DORKING HEALTHCARE LIMITED (DHC),79.42084786608598,C_120,"Ear, Nose and Throat",500,2025-07,balanced
114,592081,51.54314489806156,11.080068688422486,14.045681281176162,RAS,THE HILLINGDON HOSPITALS NHS FOUNDATION TRUST,44.21950501446428,50.6942278118005,56.87554576901151,12.656040754547227,84.19452887537994,NNE,DORKING HEALTHCARE LIMITED (DHC),70.14884759420379,C_120,"Ear, Nose and Throat",500,2025-08,balanced
114,585637,52.53615147550907,10.776818336515428,20.73170731707317,RAS,THE HILLINGDON HOSPITALS NHS FOUNDATION TRUST,45.34503542807762,51.0368042937785,57.79153784556316,12.44650241748554,83.02425106990015,NNE,DORKING HEALTHCARE LIMITED (DHC),62.29254375282697,C_120,"Ear, Nose and Throat",500,2025-09,balanced
114,582262,52.5531563595875,10.713765527745247,24.97906782026235,RAS,THE HILLINGDON HOSPITALS NHS FOUNDATION TRUST,46.28663373814483,51.440093666292555,58.02529145544013,11.738657717295304,85.79881656804734,NNE,DORKING HEALTHCARE LIMITED (DHC),60.81974874778499,C_120,"Ear, Nose and Throat",500,2025-10,balanced
114,572929,52.991999912771135,10.367753225780014,19.456244689889548,RAS,THE HILLINGDON HOSPITALS NHS FOUNDATION TRUST,46.58326792200859,52.62041444636922,57.751996569945604,11.168728647937016,81.90348525469169,NNE,DORKING HEALTHCARE LIMITED (DHC),62.447240564802144,C_120,"Ear, Nose and Throat",500,2025-11,balanced
114,568373,53.30132067185302,10.252017747211402,27.757774140752865,RQW,THE PRINCESS ALEXANDRA HOSPITAL NHS TRUST,46.90948263751179,53.42971677253288,57.98872174260228,11.079239105090487,81.14285714285714,NVC18,SPRINGFIELD HOSPITAL,53.385083002104274,C_120,"Ear, Nose and Throat",500,2025-12,balanced
114,564747,54.14629053058431,9.902072922988399,26.93409742120344,RQW,THE PRINCESS ALEXANDRA HOSPITAL NHS TRUST,47.11365824325728,54.429176635436484,58.541108647394935,11.427450404137659,83.0890642615558,NVC18,SPRINGFIELD HOSPITAL,56.154966840352365,C_120,"Ear, Nose and Throat",500,2026-01,balanced
114,562170,56.07889880209056,9.687830642843426,29.80456026058632,RQW,THE PRINCESS ALEXANDRA HOSPITAL NHS TRUST,49.660800122116655,55.58081191144767,60.77036272678225,11.109562604665598,79.6337291205474,R0B,SOUTH TYNESIDE AND SUNDERLAND NHS FOUNDATION TRUST,49.82916885996108,C_120,"Ear, Nose and Throat",500,2026-02,balanced
114,554230,59.62628635914691,9.106208075232706,37.05617704280156,RAJ,MID AND SOUTH ESSEX NHS FOUNDATION TRUST,54.413222289885155,59.830199246118866,65.40831333111117,10.995091041226019,82.30731943771207,RPA,MEDWAY NHS FOUNDATION TRUST,45.25114239491051,C_120,"Ear, Nose and Throat",500,2026-03,balanced
114,564826,59.59751803614454,9.383044228780586,36.55135264543931,RAJ,MID AND SOUTH ESSEX NHS FOUNDATION TRUST,53.54601962258019,59.22129340155149,65.09479104265111,11.54877142007092,83.34935127342624,RPA,MEDWAY NHS FOUNDATION TRUST,46.79799862798693,C_120,"Ear, Nose and Throat",500,2026-04,balanced
114,571112,60.12561250016414,9.10444891770436,38.58952073503849,RAJ,MID AND SOUTH ESSEX NHS FOUNDATION TRUST,54.190615995248066,60.21236886551749,66.65906584181761,12.468449846569541,83.03262955854127,R0B,SOUTH TYNESIDE AND SUNDERLAND NHS FOUNDATION TRUST,44.44310882350278,C_120,"Ear, Nose and Throat",500,2026-05,balanced
191,770485,57.704156522655055,14.289668445069093,26.666666666666668,REF,ROYAL CORNWALL HOSPITALS NHS TRUST,46.65133218324708,56.11795774647887,65.61275930245542,18.961427119208338,99.74416373520947,RYY,KENT COMMUNITY HEALTH NHS FOUNDATION TRUST,73.0774970685428,C_110,Trauma and Orthopaedics,500,2024-01,balanced
191,765464,57.619447408908975,14.176245734791365,27.285214785214784,REF,ROYAL CORNWALL HOSPITALS NHS TRUST,47.28421906412791,55.73969280517381,66.34777330689174,19.06355424276383,99.67689822294022,RYY,KENT COMMUNITY HEALTH NHS FOUNDATION TRUST,72.39168343772545,C_110,Trauma and Orthopaedics,500,2024-02,balanced
191,761513,57.18036278297786,14.129738546700363,26.855494361395227,REF,ROYAL CORNWALL HOSPITALS NHS TRUST,47.451435559061224,55.110053539559786,64.99676607189187,17.545330512830645,99.361634216406,RYY,KENT COMMUNITY HEALTH NHS FOUNDATION TRUST,72.50613985501077,C_110,Trauma and Orthopaedics,500,2024-03,balanced
191,758113,58.53429953237618,14.423509433615283,28.981507038365994,REF,ROYAL CORNWALL HOSPITALS NHS TRUST,48.23834617309106,56.43059490084986,67.30066099918852,19.062314826097463,99.75404075895995,RYY,KENT COMMUNITY HEALTH NHS FOUNDATION TRUST,70.77253372059396,C_110,Trauma and Orthopaedics,500,2024-04,balanced
191,762339,59.78528929561292,14.360850921907863,31.512915129151292,RXW,THE SHREWSBURY AND TELFORD HOSPITAL NHS TRUST,49.3754741787216,58.13459268004723,68.52431370381068,19.148839525089073,100.0,RYY,KENT COMMUNITY HEALTH NHS FOUNDATION TRUST,68.4870848708487,C_110,Trauma and Orthopaedics,500,2024-05,balanced
191,767289,60.16379581332587,14.551573578172848,28.388928317955997,RXW,THE SHREWSBURY AND TELFORD HOSPITAL NHS TRUST,50.043364843814324,57.96610169491525,67.76682439537329,17.723459551558967,99.91126885536823,RYY,KENT COMMUNITY HEALTH NHS FOUNDATION TRUST,71.52234053741223,C_110,Trauma and Orthopaedics,500,2024-06,balanced
191,776735,61.020965595426695,14.494157047692184,33.07240704500978,RXW,THE SHREWSBURY AND TELFORD HOSPITAL NHS TRUST,50.585820579062144,59.28948029123776,68.38849908224864,17.8026785031865,100.0,NT351,SPIRE HULL AND EAST RIDING HOSPITAL,66.92759295499022,C_110,Trauma and Orthopaedics,500,2024-07,balanced
191,777929,60.93321736174226,14.556885662068467,27.76174232484912,RAS,THE HILLINGDON HOSPITALS NHS FOUNDATION TRUST,50.76934794943824,58.810810810810814,69.41118695186317,18.64183900242493,99.68879668049793,RYY,KENT COMMUNITY HEALTH NHS FOUNDATION TRUST,71.9270543556488,C_110,Trauma and Orthopaedics,500,2024-08,balanced
191,776377,61.346445992479865,14.346465393779196,26.680126910873955,RAS,THE HILLINGDON HOSPITALS NHS FOUNDATION TRUST,50.14225810625443,58.78378378378378,70.12780766491554,19.985549558661106,99.94356659142213,RYY,KENT COMMUNITY HEALTH NHS FOUNDATION TRUST,73.26343968054817,C_110,Trauma and Orthopaedics,500,2024-09,balanced
191,779003,61.75767386268072,13.974976050732254,33.87185104052574,RAS,THE HILLINGDON HOSPITALS NHS FOUNDATION TRUST,50.62109148812971,59.68895020694845,69.93804576845383,19.316954280324126,100.0,NT351,SPIRE HULL AND EAST RIDING HOSPITAL,66.12814895947426,C_110,Trauma and Orthopaedics,500,2024-10,balanced
191,775389,61.79059428873057,13.650670747409944,32.037725064304084,RAS,THE HILLINGDON HOSPITALS NHS FOUNDATION TRUST,51.21657253601851,59.35423588039867,70.87765833963232,19.66108580361381,100.0,NT351,SPIRE HULL AND EAST RIDING HOSPITAL,67.96227493569592,C_110,Trauma and Orthopaedics,500,2024-11,balanced
191,790837,61.087585877071916,13.40395750550135,33.59955935004131,RAS,THE HILLINGDON HOSPITALS NHS FOUNDATION TRUST,51.54420159459779,58.96172792724517,70.08303557383311,18.538833979235328,99.7229916897507,RYY,KENT COMMUNITY HEALTH NHS FOUNDATION TRUST,66.12343233970938,C_110,Trauma and Orthopaedics,500,2024-12,balanced
191,788983,60.50525035575393,12.967664666482841,35.581332613973565,RAS,THE HILLINGDON HOSPITALS NHS FOUNDATION TRUST,51.028910994327134,57.96864029955535,70.022349572016,18.993438577688863,99.93800371977682,RYY,KENT COMMUNITY HEALTH NHS FOUNDATION TRUST,64.35667110580326,C_110,Trauma and Orthopaedics,500,2025-01,balanced
191,784154,60.339415902268534,13.067359481992243,35.264852209540535,RQW,THE PRINCESS ALEXANDRA HOSPITAL NHS TRUST,50.65215054439119,57.82751490086364,69.5649714835813,18.912820939190112,100.0,NT351,SPIRE HULL AND EAST RIDING HOSPITAL,64.73514779045946,C_110,Trauma and Orthopaedics,500,2025-02,balanced
191,786179,60.50387358079777,13.177322805137859,34.3740707701457,RWE,UNIVERSITY HOSPITALS OF LEICESTER NHS TRUST,50.71789018382795,58.447847140426646,69.30658499354797,18.588694809720025,100.0,NT351,SPIRE HULL AND EAST RIDING HOSPITAL,65.62592922985431,C_110,Trauma and Orthopaedics,500,2025-03,balanced
191,787711,60.6266057853471,13.666512007594681,32.910485933503836,RWE,UNIVERSITY HOSPITALS OF LEICESTER NHS TRUST,50.137124312536606,59.08946195479147,70.29601179391682,20.158887481380212,100.0,RYY,KENT COMMUNITY HEALTH NHS FOUNDATION TRUST,67.08951406649616,C_110,Trauma and Orthopaedics,500,2025-04,balanced
191,786168,62.063764183418265,13.836259979887318,36.88516208201248,RWE,UNIVERSITY HOSPITALS OF LEICESTER NHS TRUST,50.667823740481296,60.433639947437584,72.96137180104441,22.29354806056311,100.0,NT351,SPIRE HULL AND EAST RIDING HOSPITAL,63.11483791798752,C_110,Trauma and Orthopaedics,500,2025-05,balanced
191,790696,62.73929656734438,13.576432616413827,35.107376283846875,NT313,SPIRE WELLESLEY HOSPITAL,51.90974667978389,61.82531894013739,73.30513301744345,21.39538633765956,100.0,NT351,SPIRE HULL AND EAST RIDING HOSPITAL,64.89262371615312,C_110,Trauma and Orthopaedics,500,2025-06,balanced
191,798064,62.72469495830714,13.520315388786528,32.208010065003144,RWE,UNIVERSITY HOSPITALS OF LEICESTER NHS TRUST,52.0078384432352,61.56613756613756,72.52467159009215,20.516833146856953,100.0,NT351,SPIRE HULL AND EAST RIDING HOSPITAL,67.79198993499685,C_110,Trauma and Orthopaedics,500,2025-07,balanced
191,807037,62.82878863970297,13.418193966571335,30.695985079022282,RWE,UNIVERSITY HOSPITALS OF LEICESTER NHS TRUST,52.08730302964297,61.605795351645035,72.36001715945746,20.27271412981449,99.96658870698296,RYY,KENT COMMUNITY HEALTH NHS FOUNDATION TRUST,69.27060362796068,C_110,Trauma and Orthopaedics,500,2025-08,balanced
191,810243,63.52925470236251,13.265119940437367,30.39281922594344,RWE,UNIVERSITY HOSPITALS OF LEICESTER NHS TRUST,52.685692189581594,62.535098275170476,73.44723540444916,20.761543214867565,100.0,RYY,KENT COMMUNITY HEALTH NHS FOUNDATION TRUST,69.60718077405656,C_110,Trauma and Orthopaedics,500,2025-09,balanced
191,806905,63.25064436734361,13.156908118438052,25.738758029978587,RWE,UNIVERSITY HOSPITALS OF LEICESTER NHS TRUST,52.334640500515306,61.86317321688501,73.49792681943164,21.163286318916334,99.94033412887828,RYY,KENT COMMUNITY HEALTH NHS FOUNDATION TRUST,74.2015760988997,C_110,Trauma and Orthopaedics,500,2025-10,balanced
191,799104,62.96808929380093,13.032313779842447,28.947642344124077,RWE,UNIVERSITY HOSPITALS OF LEICESTER NHS TRUST,52.35315654856093,61.680672268907564,72.53190852290398,20.178751974343044,99.97114829774956,RYY,KENT COMMUNITY HEALTH NHS FOUNDATION TRUST,71.02350595362549,C_110,Trauma and Orthopaedics,500,2025-11,balanced
191,792596,62.30119821411816,13.009755402603078,28.977571864799412,RWE,UNIVERSITY HOSPITALS OF LEICESTER NHS TRUST,52.23110931438745,61.42857142857143,71.97905771815324,19.74794840376579,99.94108983799705,RYY,KENT COMMUNITY HEALTH NHS FOUNDATION TRUST,70.96351797319764,C_110,Trauma and Orthopaedics,500,2025-12,balanced
191,784609,61.61131172571465,12.611098458135935,25.488226760406203,RWE,UNIVERSITY HOSPITALS OF LEICESTER NHS TRUST,51.734239412908934,60.43313853557924,70.326969105091,18.59272969218206,99.97015816174276,RYY,KENT COMMUNITY HEALTH NHS FOUNDATION TRUST,74.48193140133655,C_110,Trauma and Orthopaedics,500,2026-01,balanced
191,777995,61.23944933044969,11.987454222587525,36.43396905361641,RWE,UNIVERSITY HOSPITALS OF LEICESTER NHS TRUST,52.487476516028835,60.26637069922309,69.2666330878929,16.779156571864064,99.91503823279524,RYY,KENT COMMUNITY HEALTH NHS FOUNDATION TRUST,63.48106917917883,C_110,Trauma and Orthopaedics,500,2026-02,balanced
191,766392,62.08751573862402,11.434831476111427,39.10585217999534,RAJ,MID AND SOUTH ESSEX NHS FOUNDATION TRUST,53.94593466535948,60.364063417498535,70.14918004967527,16.203245384315785,99.8830067271132,RYY,KENT COMMUNITY HEALTH NHS FOUNDATION TRUST,60.77715454711786,C_110,Trauma and Orthopaedics,500,2026-03,balanced
191,770779,61.88797193493568,11.55754668963262,32.992248062015506,RAJ,MID AND SOUTH ESSEX NHS FOUNDATION TRUST,53.08631419515204,60.35225048923679,69.46682859421674,16.380514399064694,99.80978260869566,RYY,KENT COMMUNITY HEALTH NHS FOUNDATION TRUST,66.81753454668015,C_110,Trauma and Orthopaedics,500,2026-04,balanced
191,777992,62.8621529284223,11.591281875292827,31.13625519732806,RAJ,MID AND SOUTH ESSEX NHS FOUNDATION TRUST,54.39912114827021,60.948222083593265,71.55233521337945,17.15321406510924,99.8069498069498,RYY,KENT COMMUNITY HEALTH NHS FOUNDATION TRUST,68.67069460962173,C_110,Trauma and Orthopaedics,500,2026-05,balanced
92,337153,61.033459794350286,14.30732646554448,36.68631303208906,RVV,EAST KENT HOSPITALS UNIVERSITY NHS FOUNDATION TRUST,51.50818937092559,59.62152954989913,68.78300745817376,17.274818087248164,96.25748502994011,RJ1,GUY'S AND ST THOMAS' NHS FOUNDATION TRUST,59.57117199785105,C_301,Gastroenterology,1000,2024-01,balanced
92,339444,61.364325188399036,13.89092228779128,36.93693693693694,RVV,EAST KENT HOSPITALS UNIVERSITY NHS FOUNDATION TRUST,51.25392349854016,59.77929871048277,67.38525563722965,16.131332138689487,95.05347593582887,RTF,NORTHUMBRIA HEALTHCARE NHS FOUNDATION TRUST,58.11653899889193,C_301,Gastroenterology,1000,2024-02,balanced
92,339159,60.61424369426876,13.652591333332662,36.79698662163917,RVV,EAST KENT HOSPITALS UNIVERSITY NHS FOUNDATION TRUST,50.9014757314979,58.40181775026895,69.97298897944597,19.071513247948076,95.71332886805091,RTF,NORTHUMBRIA HEALTHCARE NHS FOUNDATION TRUST,58.91634224641174,C_301,Gastroenterology,1000,2024-03,balanced
92,340691,61.73630019199156,13.575245375616245,34.63126843657817,RGP,JAMES PAGET UNIVERSITY HOSPITALS NHS FOUNDATION TRUST,52.57634223875658,58.653361486050294,70.9309236756129,18.35458143685632,96.03833865814697,RTF,NORTHUMBRIA HEALTHCARE NHS FOUNDATION TRUST,61.4070702215688,C_301,Gastroenterology,1000,2024-04,balanced
92,340049,62.24726799752688,13.378728052430565,35.23002421307506,RGP,JAMES PAGET UNIVERSITY HOSPITALS NHS FOUNDATION TRUST,53.61610410081953,59.03545975796321,70.34091717449553,16.724813073676003,95.77804583835947,RTF,NORTHUMBRIA HEALTHCARE NHS FOUNDATION TRUST,60.54802162528441,C_301,Gastroenterology,1000,2024-05,balanced
92,340101,62.18143151647053,12.788827669604327,37.88379002971278,RXR,EAST LANCASHIRE HOSPITALS NHS TRUST,53.847400062783066,60.00917553004403,70.30183131662244,16.454431253839374,96.48197009674583,R0B,SOUTH TYNESIDE AND SUNDERLAND NHS FOUNDATION TRUST,58.59818006703305,C_301,Gastroenterology,1000,2024-06,balanced
92,338499,62.55449518187862,12.344703340541757,39.62925120420377,RVV,EAST KENT HOSPITALS UNIVERSITY NHS FOUNDATION TRUST,54.41719366128547,60.57358779071531,69.0784416867056,14.661248025420136,96.59192825112108,R0B,SOUTH TYNESIDE AND SUNDERLAND NHS FOUNDATION TRUST,56.96267704691731,C_301,Gastroenterology,1000,2024-07,balanced
92,339967,62.46070594842337,12.583420241868076,37.63077961525481,RWH,EAST AND NORTH HERTFORDSHIRE TEACHING NHS TRUST,52.888787119701405,61.20074434564512,69.55605377215547,16.66726665245406,96.48117839607201,R0B,SOUTH TYNESIDE AND SUNDERLAND NHS FOUNDATION TRUST,58.8503987808172,C_301,Gastroenterology,1000,2024-08,balanced
92,338794,62.886828843849244,12.529279282699889,39.42176870748299,RWH,EAST AND NORTH HERTFORDSHIRE TEACHING NHS TRUST,54.60588221742975,60.78235223269699,69.92591964646299,15.320037429033235,96.61016949152543,RTF,NORTHUMBRIA HEALTHCARE NHS FOUNDATION TRUST,57.188400784042436,C_301,Gastroenterology,1000,2024-09,balanced
92,340326,63.46794812345733,12.349998454457525,40.532652316672745,RWH,EAST AND NORTH HERTFORDSHIRE TEACHING NHS TRUST,54.81570433775228,61.48436492026821,70.81624515835043,16.000540820598147,95.58823529411765,RTF,NORTHUMBRIA HEALTHCARE NHS FOUNDATION TRUST,55.05558297744491,C_301,Gastroenterology,1000,2024-10,balanced
92,341241,63.84859421775455,12.299472186047124,41.546105509279556,RVV,EAST KENT HOSPITALS UNIVERSITY NHS FOUNDATION TRUST,54.15178073015519,61.47667564078468,70.5547694718969,16.402988741741716,96.44772117962466,RTF,NORTHUMBRIA HEALTHCARE NHS FOUNDATION TRUST,54.90161567034511,C_301,Gastroenterology,1000,2024-11,balanced
92,343177,63.6109678350224,12.493302700450606,42.891970135608716,RVV,EAST KENT HOSPITALS UNIVERSITY NHS FOUNDATION TRUST,54.330890254039694,61.559549459933145,71.18864486221497,16.857754608175277,95.62243502051983,RTF,NORTHUMBRIA HEALTHCARE NHS FOUNDATION TRUST,52.730464884911115,C_301,Gastroenterology,1000,2024-12,balanced
92,346192,63.55196042986667,12.668825161631295,38.19806403574088,RAX,KINGSTON AND RICHMOND NHS FOUNDATION TRUST,54.624606889820704,61.932560244685135,72.17858660856378,17.553979718743072,96.289592760181,R0B,SOUTH TYNESIDE AND SUNDERLAND NHS FOUNDATION TRUST,58.09152872444012,C_301,Gastroenterology,1000,2025-01,balanced
92,345108,63.427722206861645,13.258065612414654,33.68983957219251,RAX,KINGSTON AND RICHMOND NHS FOUNDATION TRUST,54.264119275006024,62.20619097754364,73.04259574884792,18.77847647384189,96.54300168634065,R0B,SOUTH TYNESIDE AND SUNDERLAND NHS FOUNDATION TRUST,62.853162114148134,C_301,Gastroenterology,1000,2025-02,balanced
92,344415,63.552126191014,13.199588637633836,34.99278499278499,RAX,KINGSTON AND RICHMOND NHS FOUNDATION TRUST,53.88847508157359,62.26961057693181,72.24788096974116,18.359405888167572,97.08265802269044,R0B,SOUTH TYNESIDE AND SUNDERLAND NHS FOUNDATION TRUST,62.08987302990545,C_301,Gastroenterology,1000,2025-03,balanced
92,337590,63.46244471611084,12.979329795340616,39.007456929802004,RTK,ASHFORD AND ST PETER'S HOSPITALS NHS FOUNDATION TRUST,54.2901027213407,62.61060519071712,71.90126876399616,17.611166042655455,96.6931216931217,RTF,NORTHUMBRIA HEALTHCARE NHS FOUNDATION TRUST,57.68566476331969,C_301,Gastroenterology,1000,2025-04,balanced
92,328641,64.4695446111856,12.864921069831325,40.78034139936222,RXR,EAST LANCASHIRE HOSPITALS NHS TRUST,54.43519780118546,63.540988959089354,73.86752217324603,19.43232437206057,96.8833481745325,R0B,SOUTH TYNESIDE AND SUNDERLAND NHS FOUNDATION TRUST,56.10300677517028,C_301,Gastroenterology,1000,2025-05,balanced
92,326201,64.94365731490886,13.257305040608458,26.527570789865873,RTK,ASHFORD AND ST PETER'S HOSPITALS NHS FOUNDATION TRUST,55.06124000883444,64.35223791882501,73.60385295401889,18.54261294518445,96.72750157331654,RTF,NORTHUMBRIA HEALTHCARE NHS FOUNDATION TRUST,70.19993078345067,C_301,Gastroenterology,1000,2025-06,balanced
92,329239,64.90468095817207,13.482453746274887,24.961479198767336,RTK,ASHFORD AND ST PETER'S HOSPITALS NHS FOUNDATION TRUST,55.06194159921947,64.31070683301294,72.44040008890411,17.37845848968464,97.42222222222222,R0B,SOUTH TYNESIDE AND SUNDERLAND NHS FOUNDATION TRUST,72.46074302345488,C_301,Gastroenterology,1000,2025-07,balanced
92,331136,64.43522297371213,13.241834089097967,25.268513284341434,RTK,ASHFORD AND ST PETER'S HOSPITALS NHS FOUNDATION TRUST,54.9606085955714,64.11411069292907,71.66507628009632,16.704467684524914,96.27329192546584,R0B,SOUTH TYNESIDE AND SUNDERLAND NHS FOUNDATION TRUST,71.0047786411244,C_301,Gastroenterology,1000,2025-08,balanced
92,333277,65.5708179327182,12.922606060017662,30.878712871287128,RTK,ASHFORD AND ST PETER'S HOSPITALS NHS FOUNDATION TRUST,57.67473271295847,65.44722437869125,72.60151128914785,14.926778576189378,96.07843137254902,RTF,NORTHUMBRIA HEALTHCARE NHS FOUNDATION TRUST,65.19971850126188,C_301,Gastroenterology,1000,2025-09,balanced
92,336008,65.98399295198953,12.427539842663633,40.51553205551884,RTK,ASHFORD AND ST PETER'S HOSPITALS NHS FOUNDATION TRUST,57.68025631932262,65.54511752900376,73.1337776450194,15.453521325696784,97.25765306122449,RTF,NORTHUMBRIA HEALTHCARE NHS FOUNDATION TRUST,56.74212100570565,C_301,Gastroenterology,1000,2025-10,balanced
92,331714,65.70036494177995,12.710710687649115,39.4624713208784,RXK,SANDWELL AND WEST BIRMINGHAM HOSPITALS NHS TRUST,57.22727800786819,65.31591040451394,72.21087814101813,14.983600133149935,98.0123372172721,RTF,NORTHUMBRIA HEALTHCARE NHS FOUNDATION TRUST,58.549865896393705,C_301,Gastroenterology,1000,2025-11,balanced
92,333452,65.57318224125494,13.081928648418348,38.72870249017038,RXK,SANDWELL AND WEST BIRMINGHAM HOSPITALS NHS TRUST,56.628651739348626,65.67343315097418,72.78268306395186,16.15403132460324,98.27089337175792,RTF,NORTHUMBRIA HEALTHCARE NHS FOUNDATION TRUST,59.542190881587544,C_301,Gastroenterology,1000,2025-12,balanced
92,335036,65.7151568258984,13.190975200504795,34.894613583138174,RXK,SANDWELL AND WEST BIRMINGHAM HOSPITALS NHS TRUST,55.864926211636906,65.85895965408712,73.89237312533797,18.027446913701063,97.83096484667165,RTF,NORTHUMBRIA HEALTHCARE NHS FOUNDATION TRUST,62.936351263533474,C_301,Gastroenterology,1000,2026-01,balanced
92,330732,66.53373499422108,13.188688841647195,32.810830067687924,RVV,EAST KENT HOSPITALS UNIVERSITY NHS FOUNDATION TRUST,56.71396135229787,65.67788524832199,74.49614076372887,17.782179411431002,97.58454106280193,RTF,NORTHUMBRIA HEALTHCARE NHS FOUNDATION TRUST,64.77371099511402,C_301,Gastroenterology,1000,2026-02,balanced
92,318379,70.49063156965617,12.004916391955218,44.99717354437535,RCX,"THE QUEEN ELIZABETH HOSPITAL, KING'S LYNN, NHS FOUNDATION TRUST",62.02661154736531,70.75941233781842,79.33317231911323,17.306560771747918,97.96348314606742,RTF,NORTHUMBRIA HEALTHCARE NHS FOUNDATION TRUST,52.96630960169207,C_301,Gastroenterology,1000,2026-03,balanced
92,324143,69.93490225382497,12.039617496581434,45.03968253968254,RXN,LANCASHIRE TEACHING HOSPITALS NHS FOUNDATION TRUST,61.63308477991011,67.83519934920537,78.33871410862943,16.705629328719326,97.69959404600812,RTF,NORTHUMBRIA HEALTHCARE NHS FOUNDATION TRUST,52.65991150632558,C_301,Gastroenterology,1000,2026-04,balanced
92,322142,69.99059014772087,12.295011816657725,44.54633204633205,RXN,LANCASHIRE TEACHING HOSPITALS NHS FOUNDATION TRUST,61.820543608227275,67.61718793545828,78.65093680669067,16.83039319846339,98.26194909993792,RTF,NORTHUMBRIA HEALTHCARE NHS FOUNDATION TRUST,53.715617053605875,C_301,Gastroenterology,1000,2026-05,balanced
103,550002,62.90396478020469,11.68723534960524,33.91655450874832,RD8,MILTON KEYNES UNIVERSITY HOSPITAL NHS FOUNDATION TRUST,54.8917015932077,62.87996449966718,69.86153309333537,14.969831500127668,98.85312615612283,AAV,COMMUNITY HEALTH AND EYECARE LIMITED,64.9365716473745,C_130,Ophthalmology,1000,2024-01,balanced
103,553175,63.617943896945505,11.515105745500428,34.99176276771005,RD8,MILTON KEYNES UNIVERSITY HOSPITAL NHS FOUNDATION TRUST,54.690856662273376,62.09075244112579,71.01892007186936,16.328063409595984,98.73328641801548,AAV,COMMUNITY HEALTH AND EYECARE LIMITED,63.74152365030543,C_130,Ophthalmology,1000,2024-02,balanced
103,555933,63.28446408604729,11.751587356186052,35.470668485675304,RD8,MILTON KEYNES UNIVERSITY HOSPITAL NHS FOUNDATION TRUST,55.60337676150097,61.84701492537314,69.82202515665173,14.218648395150765,98.7232574189096,AAV,COMMUNITY HEALTH AND EYECARE LIMITED,63.25258893323429,C_130,Ophthalmology,1000,2024-03,balanced
103,557825,64.76790976129162,11.498217043716464,39.53488372093023,RD8,MILTON KEYNES UNIVERSITY HOSPITAL NHS FOUNDATION TRUST,56.85614903112119,64.15094339622641,71.86133836399097,15.005189332869776,99.18248175182482,AAV,COMMUNITY HEALTH AND EYECARE LIMITED,59.64759803089459,C_130,Ophthalmology,1000,2024-04,balanced
103,558181,65.73856314025439,11.245460727390828,41.50015370427298,RD8,MILTON KEYNES UNIVERSITY HOSPITAL NHS FOUNDATION TRUST,57.304605026911744,64.89698890649763,72.25851728228571,14.953912255373965,98.63728616990431,AAV,COMMUNITY HEALTH AND EYECARE LIMITED,57.13713246563133,C_130,Ophthalmology,1000,2024-05,balanced
103,555497,65.3693308008765,11.379464577435378,34.17829678154372,RD8,MILTON KEYNES UNIVERSITY HOSPITAL NHS FOUNDATION TRUST,57.230085407849025,64.78743068391867,71.6792901233902,14.449204715541178,96.36770047499301,AAV,COMMUNITY HEALTH AND EYECARE LIMITED,62.18940369344929,C_130,Ophthalmology,1000,2024-06,balanced
103,552343,65.07441426692307,11.165593839032585,35.366882204104584,RD8,MILTON KEYNES UNIVERSITY HOSPITAL NHS FOUNDATION TRUST,58.28439349294132,64.39509954058192,71.4358627308298,13.151469237888477,94.71594379963348,AAV,COMMUNITY HEALTH AND EYECARE LIMITED,59.349061595528894,C_130,Ophthalmology,1000,2024-07,balanced
103,553396,64.50740148255805,10.993274116728315,38.42139595564253,RD8,MILTON KEYNES UNIVERSITY HOSPITAL NHS FOUNDATION TRUST,57.58700351087368,63.63298662704309,70.28745517892642,12.700451668052743,94.64903997481902,AAV,COMMUNITY HEALTH AND EYECARE LIMITED,56.22764401917649,C_130,Ophthalmology,1000,2024-08,balanced
103,548058,64.61724247529848,11.345000236142017,36.844783715012724,RD8,MILTON KEYNES UNIVERSITY HOSPITAL NHS FOUNDATION TRUST,56.931527499129906,64.5889306824288,71.1480373580508,14.216509858920894,96.29400864731316,AAV,COMMUNITY HEALTH AND EYECARE LIMITED,59.44922493230044,C_130,Ophthalmology,1000,2024-09,balanced
103,541112,65.47575190977066,10.969397441248272,40.685224839400426,RD8,MILTON KEYNES UNIVERSITY HOSPITAL NHS FOUNDATION TRUST,58.49575676938426,65.39682539682539,71.30165006775684,12.805893298372581,95.52483598875351,AAV,COMMUNITY HEALTH AND EYECARE LIMITED,54.83961114935308,C_130,Ophthalmology,1000,2024-10,balanced
103,531130,65.93660837030659,10.938541948325073,38.805577479610626,RD8,MILTON KEYNES UNIVERSITY HOSPITAL NHS FOUNDATION TRUST,57.8708573293204,66.45519429024584,71.41419780256481,13.543340473244413,96.64791373652133,AAV,COMMUNITY HEALTH AND EYECARE LIMITED,57.842336256910706,C_130,Ophthalmology,1000,2024-11,balanced
103,525067,65.69012957644414,10.783788751362291,39.83561643835616,RD8,MILTON KEYNES UNIVERSITY HOSPITAL NHS FOUNDATION TRUST,58.09990429118211,65.39162112932604,71.30208085102328,13.202176559841163,92.60157671315949,AAV,COMMUNITY HEALTH AND EYECARE LIMITED,52.76596027480333,C_130,Ophthalmology,1000,2024-12,balanced
103,521471,65.94096044780503,10.875603636775525,38.142857142857146,RD8,MILTON KEYNES UNIVERSITY HOSPITAL NHS FOUNDATION TRUST,58.31044562597936,65.90007930214115,71.92529822288131,13.614852596901947,95.2523240371846,AAV,COMMUNITY HEALTH AND EYECARE LIMITED,57.10946689432745,C_130,Ophthalmology,1000,2025-01,balanced
103,521340,66.67496885757573,11.183470091900409,39.0625,RD8,MILTON KEYNES UNIVERSITY HOSPITAL NHS FOUNDATION TRUST,57.97004174441251,66.14866129938214,74.48785731229061,16.517815567878102,95.35736102626757,AAV,COMMUNITY HEALTH AND EYECARE LIMITED,56.29486102626757,C_130,Ophthalmology,1000,2025-02,balanced
103,521825,67.42743429291708,11.097595130766033,43.00751879699248,RD8,MILTON KEYNES UNIVERSITY HOSPITAL NHS FOUNDATION TRUST,58.4043288695056,68.00968355524815,75.25647961460915,16.85215074510355,95.01985945615642,AAV,COMMUNITY HEALTH AND EYECARE LIMITED,52.01234065916395,C_130,Ophthalmology,1000,2025-03,balanced
103,522203,67.87776131734076,10.940494402531709,39.81072555205047,RD8,MILTON KEYNES UNIVERSITY HOSPITAL NHS FOUNDATION TRUST,60.371828785932024,66.84252176206806,75.80304125244217,15.431212466510146,98.81410256410257,AAV,COMMUNITY HEALTH AND EYECARE LIMITED,59.0033770120521,C_130,Ophthalmology,1000,2025-04,balanced
103,520234,69.22470091200537,10.678719974502505,39.17329093799682,RD8,MILTON KEYNES UNIVERSITY HOSPITAL NHS FOUNDATION TRUST,62.899512764078494,68.6069511161345,76.87213022249247,13.972617458413978,97.99134734239803,AAV,COMMUNITY HEALTH AND EYECARE LIMITED,58.81805640440121,C_130,Ophthalmology,1000,2025-05,balanced
103,520035,69.41548056688198,10.31694222043489,42.69418794133623,RD8,MILTON KEYNES UNIVERSITY HOSPITAL NHS FOUNDATION TRUST,62.120049396531506,70.49960348929422,76.27348676662203,14.153437370090522,98.9250522544043,AAV,COMMUNITY HEALTH AND EYECARE LIMITED,56.230864313068075,C_130,Ophthalmology,1000,2025-06,balanced
103,518790,68.76696449665735,10.110043033128651,39.10095429432446,RD8,MILTON KEYNES UNIVERSITY HOSPITAL NHS FOUNDATION TRUST,62.191672986879375,68.93417791242082,75.05669677743714,12.865023790557764,98.98637947418435,AAV,COMMUNITY HEALTH AND EYECARE LIMITED,59.88542517985989,C_130,Ophthalmology,1000,2025-07,balanced
103,519641,68.3381321384921,10.060247645563605,36.51252408477842,RD8,MILTON KEYNES UNIVERSITY HOSPITAL NHS FOUNDATION TRUST,61.79931894205876,68.9407540394973,74.93541054307866,13.1360916010199,98.99623588456713,AAV,COMMUNITY HEALTH AND EYECARE LIMITED,62.48371179978871,C_130,Ophthalmology,1000,2025-08,balanced
103,517924,69.07193414027611,9.998769367926213,38.79558541266795,RD8,MILTON KEYNES UNIVERSITY HOSPITAL NHS FOUNDATION TRUST,62.16243023619857,69.27592954990216,76.60306806611746,14.440637829918892,98.26889786497404,AAV,COMMUNITY HEALTH AND EYECARE LIMITED,59.47331245230609,C_130,Ophthalmology,1000,2025-09,balanced
103,521104,69.18589562277838,9.82720753757261,44.629124286777476,RD8,MILTON KEYNES UNIVERSITY HOSPITAL NHS FOUNDATION TRUST,61.879847729966805,70.0141193081539,75.66129868282067,13.781450952853866,98.52620087336244,AAV,COMMUNITY HEALTH AND EYECARE LIMITED,53.897076586584966,C_130,Ophthalmology,1000,2025-10,balanced
103,519441,68.93780212772666,9.916807375226943,45.68563762180483,RM3,NORTHERN CARE ALLIANCE NHS FOUNDATION TRUST,61.92553635255996,69.25055736580346,76.19343472020353,14.267898367643568,97.47363257297032,AAV,COMMUNITY HEALTH AND EYECARE LIMITED,51.78799495116549,C_130,Ophthalmology,1000,2025-11,balanced
103,513809,68.21770734571571,10.316500073028406,43.50583825861323,RM3,NORTHERN CARE ALLIANCE NHS FOUNDATION TRUST,60.83592216794936,68.47677595628416,76.08063981648476,15.2447176485354,94.05130473241928,AAV,COMMUNITY HEALTH AND EYECARE LIMITED,50.54546647380605,C_130,Ophthalmology,1000,2025-12,balanced
103,508557,67.92172203950847,10.443354895175819,41.251840942562595,RM3,NORTHERN CARE ALLIANCE NHS FOUNDATION TRUST,60.00636816594346,67.63969974979149,75.29220350023044,15.285835334286986,92.69031141868513,AAV,COMMUNITY HEALTH AND EYECARE LIMITED,51.43847047612253,C_130,Ophthalmology,1000,2026-01,balanced
103,507415,68.91302145871649,10.014127204794248,43.78559953264203,RM3,NORTHERN CARE ALLIANCE NHS FOUNDATION TRUST,61.38293174672156,69.29445644348452,75.45837830303984,14.075446556318276,89.92616033755274,RWW,NORTH CHESHIRE AND MERSEY NHS FOUNDATION TRUST,46.14056080491071,C_130,Ophthalmology,1000,2026-02,balanced
103,506658,71.23071197203588,9.39708376579438,50.26985350809561,RM3,NORTHERN CARE ALLIANCE NHS FOUNDATION TRUST,63.63682690693841,71.92462048508114,77.2961023712167,13.659275464278295,91.98036006546644,RVR,EPSOM AND ST HELIER UNIVERSITY HOSPITALS NHS TRUST,41.710506557370834,C_130,Ophthalmology,1000,2026-03,balanced
103,514851,71.59623187414165,9.51329180027981,52.361673414304995,RD8,MILTON KEYNES UNIVERSITY HOSPITAL NHS FOUNDATION TRUST,64.35252177184617,71.84359583409464,78.1627428729735,13.810221101127325,93.1257581884351,RVR,EPSOM AND ST HELIER UNIVERSITY HOSPITALS NHS TRUST,40.764084774130104,C_130,Ophthalmology,1000,2026-04,balanced
103,526113,72.33205726555786,9.381509410532008,51.95402298850575,RD8,MILTON KEYNES UNIVERSITY HOSPITAL NHS FOUNDATION TRUST,65.31356324561781,71.72870140612076,80.08858606302883,14.775022817411013,93.26186830015314,RVR,EPSOM AND ST HELIER UNIVERSITY HOSPITALS NHS TRUST,41.30784531164739,C_130,Ophthalmology,1000,2026-05,balanced
108,590936,50.148140836080245,12.144816683780455,16.534935188112552,RGP,JAMES PAGET UNIVERSITY HOSPITALS NHS FOUNDATION TRUST,42.88647117515143,48.48786630955282,57.802383603192546,14.915912428041118,81.57389635316699,RHW,ROYAL BERKSHIRE NHS FOUNDATION TRUST,65.03896116505443,C_120,"Ear, Nose and Throat",1000,2024-01,balanced
108,597687,51.10225453344659,11.789679741627337,23.223259152907396,RAS,THE HILLINGDON HOSPITALS NHS FOUNDATION TRUST,43.41006313250179,49.662653925939004,58.34237159195825,14.932308459456458,79.87519500780031,RHW,ROYAL BERKSHIRE NHS FOUNDATION TRUST,56.65193585489292,C_120,"Ear, Nose and Throat",1000,2024-02,balanced
108,608653,50.85940374399188,11.994096976349843,21.399541860636962,RYR,UNIVERSITY HOSPITALS SUSSEX NHS FOUNDATION TRUST,43.43924312155157,48.708570052523754,57.65091452829122,14.211671406739647,80.3525641025641,RHW,ROYAL BERKSHIRE NHS FOUNDATION TRUST,58.953022241927144,C_120,"Ear, Nose and Throat",1000,2024-03,balanced
108,621079,52.08352493073398,11.702524387102446,26.733977172958735,RAS,THE HILLINGDON HOSPITALS NHS FOUNDATION TRUST,44.5878809517431,49.87824732781199,58.49621463566709,13.908333683923985,82.64379414732593,DXV,OMNES HEALTHCARE LTD,55.9098169743672,C_120,"Ear, Nose and Throat",1000,2024-04,balanced
108,626179,52.66658792034772,11.430021258033383,30.049138520868322,RYR,UNIVERSITY HOSPITALS SUSSEX NHS FOUNDATION TRUST,45.66549256698399,50.582223295409904,59.44348916584786,13.777996598863865,85.51668022782751,DXV,OMNES HEALTHCARE LTD,55.46754170695918,C_120,"Ear, Nose and Throat",1000,2024-05,balanced
108,627864,51.999059584485074,11.062377685058944,28.875340511090933,RYR,UNIVERSITY HOSPITALS SUSSEX NHS FOUNDATION TRUST,43.992829445374184,50.214403107973204,58.6283173716088,14.635487926234617,86.63650075414782,DXV,OMNES HEALTHCARE LTD,57.761160243056885,C_120,"Ear, Nose and Throat",1000,2024-06,balanced
108,628116,51.236748983462405,10.983696559680473,28.37624802942722,RYR,UNIVERSITY HOSPITALS SUSSEX NHS FOUNDATION TRUST,43.16735512184741,49.75220901909406,57.709719053855586,14.542363932008179,86.2883327458583,DXV,OMNES HEALTHCARE LTD,57.91208471643108,C_120,"Ear, Nose and Throat",1000,2024-07,balanced
108,622173,50.489114088489224,11.236824784876346,24.937027707808564,RYR,UNIVERSITY HOSPITALS SUSSEX NHS FOUNDATION TRUST,42.53971302077684,48.4104149017393,56.82019344765287,14.280480426876032,86.7160951498301,DXV,OMNES HEALTHCARE LTD,61.77906744202153,C_120,"Ear, Nose and Throat",1000,2024-08,balanced
108,611667,50.787912392294366,11.075879175714006,29.19873245812585,RYR,UNIVERSITY HOSPITALS SUSSEX NHS FOUNDATION TRUST,43.030387799259046,49.42284471046841,57.64281146457928,14.612423665320236,87.32833957553059,DXV,OMNES HEALTHCARE LTD,58.129607117404746,C_120,"Ear, Nose and Throat",1000,2024-09,balanced
108,610154,50.83449733017152,11.342495483624427,30.625941651828516,R1K,LONDON NORTH WEST UNIVERSITY HEALTHCARE NHS TRUST,43.31782446201276,48.23362623500747,58.050377334848264,14.732552872835505,85.28347406513872,DXV,OMNES HEALTHCARE LTD,54.65753241331021,C_120,"Ear, Nose and Throat",1000,2024-10,balanced
108,602194,50.907917728791205,11.245751784117052,29.545790797455243,R1K,LONDON NORTH WEST UNIVERSITY HEALTHCARE NHS TRUST,43.57194008130889,48.690211510339765,57.70569083311523,14.133750751806339,88.25714285714285,DXV,OMNES HEALTHCARE LTD,58.71135205968761,C_120,"Ear, Nose and Throat",1000,2024-11,balanced
108,602459,50.81287064397773,11.061326664469837,30.271718331419823,RLT,GEORGE ELIOT HOSPITAL NHS TRUST,43.37237932397231,49.72215090320965,56.462105953762794,13.089726629790484,87.5,DXV,OMNES HEALTHCARE LTD,57.22828166858018,C_120,"Ear, Nose and Throat",1000,2024-12,balanced
108,605314,50.92514731350857,11.2208045161892,26.733380986418872,RAS,THE HILLINGDON HOSPITALS NHS FOUNDATION TRUST,44.03979129678551,49.72370068654341,57.12718422869962,13.08739293191411,86.11604499703967,DXV,OMNES HEALTHCARE LTD,59.38266401062079,C_120,"Ear, Nose and Throat",1000,2025-01,balanced
108,600560,51.559708268032324,11.193171197687853,28.270874424720578,RAS,THE HILLINGDON HOSPITALS NHS FOUNDATION TRUST,44.443138143925545,50.63053846138416,57.567713316875725,13.12457517295018,88.13464235624123,DXV,OMNES HEALTHCARE LTD,59.863767931520655,C_120,"Ear, Nose and Throat",1000,2025-02,balanced
108,602857,52.21568340781938,11.414245851824374,22.885990744636096,RAS,THE HILLINGDON HOSPITALS NHS FOUNDATION TRUST,44.90759955115892,51.009592539664766,57.74146534100061,12.833865789841695,88.69589192169838,DXV,OMNES HEALTHCARE LTD,65.80990117706227,C_120,"Ear, Nose and Throat",1000,2025-03,balanced
108,602618,52.12831848841426,11.421560572389101,28.19494584837545,RLT,GEORGE ELIOT HOSPITAL NHS TRUST,45.78192497285671,50.425829272055495,58.200333956683494,12.418408983826787,88.92886797675062,DXV,OMNES HEALTHCARE LTD,60.73392212837517,C_120,"Ear, Nose and Throat",1000,2025-04,balanced
108,595520,52.56690020790956,11.65402454299669,27.191091954022987,RLT,GEORGE ELIOT HOSPITAL NHS TRUST,45.43905715040883,51.34525147274151,58.49471069853991,13.055653548131083,88.2626538987688,DXV,OMNES HEALTHCARE LTD,61.07156194474582,C_120,"Ear, Nose and Throat",1000,2025-05,balanced
108,594218,52.71656294912013,11.431521968854147,21.57908775673513,RAS,THE HILLINGDON HOSPITALS NHS FOUNDATION TRUST,44.721448671218475,51.37655560391346,58.620307461243165,13.89885879002469,83.17529783612935,DXV,OMNES HEALTHCARE LTD,61.59621007939421,C_120,"Ear, Nose and Throat",1000,2025-06,balanced
108,589937,51.664035236514614,11.121334526878023,14.476789929189614,RAS,THE HILLINGDON HOSPITALS NHS FOUNDATION TRUST,44.71555583395418,50.418314654713285,57.099824769243256,12.384268935289079,82.2676083221989,DXV,OMNES HEALTHCARE LTD,67.79081839300929,C_120,"Ear, Nose and Throat",1000,2025-07,balanced
108,585289,50.864077944516914,10.594266839069574,14.045681281176162,RAS,THE HILLINGDON HOSPITALS NHS FOUNDATION TRUST,43.97908789356051,50.47363957495589,56.32887897117911,12.349791077618598,79.60889186027077,DXV,OMNES HEALTHCARE LTD,65.56321057909462,C_120,"Ear, Nose and Throat",1000,2025-08,balanced
108,578782,51.945265064974095,10.259088784137008,20.73170731707317,RAS,THE HILLINGDON HOSPITALS NHS FOUNDATION TRUST,45.08144720464886,50.81682569997391,57.467768110082574,12.386320905433713,77.90593169562612,DXV,OMNES HEALTHCARE LTD,57.17422437855295,C_120,"Ear, Nose and Throat",1000,2025-09,balanced
108,575435,52.014817306981755,10.136483491505569,24.97906782026235,RAS,THE HILLINGDON HOSPITALS NHS FOUNDATION TRUST,46.22507003250985,50.97890208915938,57.507146252978856,11.282076220469008,78.1547619047619,RHW,ROYAL BERKSHIRE NHS FOUNDATION TRUST,53.17569408449955,C_120,"Ear, Nose and Throat",1000,2025-10,balanced
108,565716,52.38544273703909,9.797044867739233,19.456244689889548,RAS,THE HILLINGDON HOSPITALS NHS FOUNDATION TRUST,46.52065206848251,52.32017513067983,56.308665777186825,9.788013708704312,78.95056111616621,RHW,ROYAL BERKSHIRE NHS FOUNDATION TRUST,59.49431642627667,C_120,"Ear, Nose and Throat",1000,2025-11,balanced
108,561067,52.77387914347561,9.707538590379873,27.757774140752865,RQW,THE PRINCESS ALEXANDRA HOSPITAL NHS TRUST,46.779595136788785,53.420037145957,57.56438889145386,10.784793754665074,79.45371775417298,RHW,ROYAL BERKSHIRE NHS FOUNDATION TRUST,51.69594361342012,C_120,"Ear, Nose and Throat",1000,2025-12,balanced
108,556946,53.71694571698173,9.52983274493301,26.93409742120344,RQW,THE PRINCESS ALEXANDRA HOSPITAL NHS TRUST,47.10723225566452,54.27941785271446,58.376777332256786,11.269545076592266,80.57803468208093,RHW,ROYAL BERKSHIRE NHS FOUNDATION TRUST,53.643937260877486,C_120,"Ear, Nose and Throat",1000,2026-01,balanced
108,554625,55.61264090649606,9.422074319447674,29.80456026058632,RQW,THE PRINCESS ALEXANDRA HOSPITAL NHS TRUST,49.608179839392974,55.299964893552556,60.16006176478022,10.551881925387242,79.6337291205474,R0B,SOUTH TYNESIDE AND SUNDERLAND NHS FOUNDATION TRUST,49.82916885996108,C_120,"Ear, Nose and Throat",1000,2026-02,balanced
108,546716,59.14318255722945,8.927885532784575,37.05617704280156,RAJ,MID AND SOUTH ESSEX NHS FOUNDATION TRUST,54.29218697930788,59.10482705090192,64.23487843259316,9.942691453285285,82.30731943771207,RPA,MEDWAY NHS FOUNDATION TRUST,45.25114239491051,C_120,"Ear, Nose and Throat",1000,2026-03,balanced
108,557151,59.142172315909775,9.265772116433332,36.55135264543931,RAJ,MID AND SOUTH ESSEX NHS FOUNDATION TRUST,53.230959394114564,58.92638372779695,64.3172020882525,11.086242694137937,83.34935127342624,RPA,MEDWAY NHS FOUNDATION TRUST,46.79799862798693,C_120,"Ear, Nose and Throat",1000,2026-04,balanced
108,563364,59.815015541880065,9.089368270488782,38.58952073503849,RAJ,MID AND SOUTH ESSEX NHS FOUNDATION TRUST,54.10276375903634,59.92359481506314,65.48997057795034,11.387206818914002,83.03262955854127,R0B,SOUTH TYNESIDE AND SUNDERLAND NHS FOUNDATION TRUST,44.44310882350278,C_120,"Ear, Nose and Throat",1000,2026-05,balanced
150,731820,54.86863824235011,13.215501416867278,26.666666666666668,REF,ROYAL CORNWALL HOSPITALS NHS TRUST,45.26211700040454,53.72048576044436,61.0357648995017,15.773647899097163,99.74416373520947,RYY,KENT COMMUNITY HEALTH NHS FOUNDATION TRUST,73.0774970685428,C_110,Trauma and Orthopaedics,1000,2024-01,balanced
150,727791,54.99708437198564,13.321801313834808,27.285214785214784,REF,ROYAL CORNWALL HOSPITALS NHS TRUST,45.58254934020407,53.44721811165732,62.53989169828296,16.95734235807889,99.67689822294022,RYY,KENT COMMUNITY HEALTH NHS FOUNDATION TRUST,72.39168343772545,C_110,Trauma and Orthopaedics,1000,2024-02,balanced
150,724592,54.479967494685404,13.23964922824986,26.855494361395227,REF,ROYAL CORNWALL HOSPITALS NHS TRUST,45.84168284319563,52.68879524039488,61.734320716391615,15.892637873195987,99.361634216406,RYY,KENT COMMUNITY HEALTH NHS FOUNDATION TRUST,72.50613985501077,C_110,Trauma and Orthopaedics,1000,2024-03,balanced
150,722143,55.65258918276389,13.438160062492411,28.981507038365994,REF,ROYAL CORNWALL HOSPITALS NHS TRUST,47.073240029960616,53.69481082914309,62.70878984124505,15.635549811284434,99.75404075895995,RYY,KENT COMMUNITY HEALTH NHS FOUNDATION TRUST,70.77253372059396,C_110,Trauma and Orthopaedics,1000,2024-04,balanced
150,726263,56.8257959591225,13.225009567910138,31.512915129151292,RXW,THE SHREWSBURY AND TELFORD HOSPITAL NHS TRUST,47.38388255546063,55.449437151725945,64.76614836257818,17.382265807117548,100.0,RYY,KENT COMMUNITY HEALTH NHS FOUNDATION TRUST,68.4870848708487,C_110,Trauma and Orthopaedics,1000,2024-05,balanced
150,730565,56.98935908695052,13.162453647050308,28.388928317955997,RXW,THE SHREWSBURY AND TELFORD HOSPITAL NHS TRUST,47.613543470685485,55.5608016051921,64.71190355445461,17.098360083769123,99.91126885536823,RYY,KENT COMMUNITY HEALTH NHS FOUNDATION TRUST,71.52234053741223,C_110,Trauma and Orthopaedics,1000,2024-06,balanced
150,738385,57.718109235940055,12.918046067187062,33.07240704500978,RXW,THE SHREWSBURY AND TELFORD HOSPITAL NHS TRUST,48.83379516127564,56.950780122038466,64.13626577534193,15.302470614066287,100.0,RYY,KENT COMMUNITY HEALTH NHS FOUNDATION TRUST,66.92759295499022,C_110,Trauma and Orthopaedics,1000,2024-07,balanced
150,739861,57.399420449788366,12.735340465128852,27.76174232484912,RAS,THE HILLINGDON HOSPITALS NHS FOUNDATION TRUST,48.95401885435203,56.35242629910901,63.82908016869244,14.875061314340414,99.68879668049793,RYY,KENT COMMUNITY HEALTH NHS FOUNDATION TRUST,71.9270543556488,C_110,Trauma and Orthopaedics,1000,2024-08,balanced
150,737744,57.75648771407466,12.348794810984622,26.680126910873955,RAS,THE HILLINGDON HOSPITALS NHS FOUNDATION TRUST,49.519523384017674,56.41351142744154,64.36378316562113,14.844259781603455,99.94356659142213,RYY,KENT COMMUNITY HEALTH NHS FOUNDATION TRUST,73.26343968054817,C_110,Trauma and Orthopaedics,1000,2024-09,balanced
150,739625,58.31029425475904,11.943747324830762,33.87185104052574,RAS,THE HILLINGDON HOSPITALS NHS FOUNDATION TRUST,49.14714834108367,57.414339842503324,64.91468828930437,15.767539948220694,99.82527664531159,RYY,KENT COMMUNITY HEALTH NHS FOUNDATION TRUST,65.95342560478585,C_110,Trauma and Orthopaedics,1000,2024-10,balanced
150,734522,58.453182395300004,11.746059649173146,32.037725064304084,RAS,THE HILLINGDON HOSPITALS NHS FOUNDATION TRUST,49.634595153608075,57.67915455684262,65.1087493688293,15.474154215221219,99.80645161290323,RYY,KENT COMMUNITY HEALTH NHS FOUNDATION TRUST,67.76872654859915,C_110,Trauma and Orthopaedics,1000,2024-11,balanced
150,748590,57.903671048400284,11.792184336433722,33.59955935004131,RAS,THE HILLINGDON HOSPITALS NHS FOUNDATION TRUST,48.96481150854069,57.32678422489056,63.85150960341509,14.886698094874397,99.7229916897507,RYY,KENT COMMUNITY HEALTH NHS FOUNDATION TRUST,66.12343233970938,C_110,Trauma and Orthopaedics,1000,2024-12,balanced
150,747636,57.403188390306326,11.523273110722373,35.581332613973565,RAS,THE HILLINGDON HOSPITALS NHS FOUNDATION TRUST,49.114804583776106,56.60144317068777,64.23942215806274,15.124617574286631,99.93800371977682,RYY,KENT COMMUNITY HEALTH NHS FOUNDATION TRUST,64.35667110580326,C_110,Trauma and Orthopaedics,1000,2025-01,balanced
150,742738,57.18980933405615,11.437152233603161,35.264852209540535,RQW,THE PRINCESS ALEXANDRA HOSPITAL NHS TRUST,48.53610588301244,56.16796222447364,63.950404911189196,15.414299028176757,99.94192799070848,RYY,KENT COMMUNITY HEALTH NHS FOUNDATION TRUST,64.67707578116794,C_110,Trauma and Orthopaedics,1000,2025-02,balanced
150,744908,57.64864847113683,11.655174770443237,34.3740707701457,RWE,UNIVERSITY HOSPITALS OF LEICESTER NHS TRUST,49.515583229492876,56.02643909257532,65.18519455477133,15.669611325278453,100.0,RYY,KENT COMMUNITY HEALTH NHS FOUNDATION TRUST,65.62592922985431,C_110,Trauma and Orthopaedics,1000,2025-03,balanced
150,746135,57.75604036067854,12.024805406746289,32.910485933503836,RWE,UNIVERSITY HOSPITALS OF LEICESTER NHS TRUST,49.38349007867614,55.996952415061834,65.97102893160044,16.587538852924304,100.0,RYY,KENT COMMUNITY HEALTH NHS FOUNDATION TRUST,67.08951406649616,C_110,Trauma and Orthopaedics,1000,2025-04,balanced
150,746081,59.22710734203522,12.310365112031215,36.88516208201248,RWE,UNIVERSITY HOSPITALS OF LEICESTER NHS TRUST,50.42806886574878,56.81485769660276,67.16918916403051,16.741120298281736,99.89976612094888,RYY,KENT COMMUNITY HEALTH NHS FOUNDATION TRUST,63.014604038936405,C_110,Trauma and Orthopaedics,1000,2025-05,balanced
150,749991,60.17363772835609,12.213083413396935,37.25793160280181,RWE,UNIVERSITY HOSPITALS OF LEICESTER NHS TRUST,51.13553800167639,57.70930553686879,68.17238762801011,17.036849626333726,99.96643168848607,RYY,KENT COMMUNITY HEALTH NHS FOUNDATION TRUST,62.70850008568426,C_110,Trauma and Orthopaedics,1000,2025-06,balanced
150,757019,60.17070356763263,12.347971587519895,32.208010065003144,RWE,UNIVERSITY HOSPITALS OF LEICESTER NHS TRUST,51.043954696811426,58.49602585643194,68.61166963886444,17.567714942053016,100.0,RYY,KENT COMMUNITY HEALTH NHS FOUNDATION TRUST,67.79198993499685,C_110,Trauma and Orthopaedics,1000,2025-07,balanced
150,766269,60.25621560088082,12.481146579393048,30.695985079022282,RWE,UNIVERSITY HOSPITALS OF LEICESTER NHS TRUST,51.353570467340354,57.67381244967347,69.32173295117292,17.968162483832565,99.96658870698296,RYY,KENT COMMUNITY HEALTH NHS FOUNDATION TRUST,69.27060362796068,C_110,Trauma and Orthopaedics,1000,2025-08,balanced
150,768625,61.08774915616576,12.498616407210832,30.39281922594344,RWE,UNIVERSITY HOSPITALS OF LEICESTER NHS TRUST,51.82601349838658,59.75656838312098,70.27318867307956,18.44717517469298,100.0,RYY,KENT COMMUNITY HEALTH NHS FOUNDATION TRUST,69.60718077405656,C_110,Trauma and Orthopaedics,1000,2025-09,balanced
150,765286,60.76753756186537,12.56521357472798,25.738758029978587,RWE,UNIVERSITY HOSPITALS OF LEICESTER NHS TRUST,51.459146031207595,59.3580784025316,69.43254875401442,17.973402722806824,99.94033412887828,RYY,KENT COMMUNITY HEALTH NHS FOUNDATION TRUST,74.2015760988997,C_110,Trauma and Orthopaedics,1000,2025-10,balanced
150,757881,60.5009064948383,12.386851364232411,28.947642344124077,RWE,UNIVERSITY HOSPITALS OF LEICESTER NHS TRUST,51.49280389552034,59.16164030060412,68.00401754080535,16.51121364528501,99.97114829774956,RYY,KENT COMMUNITY HEALTH NHS FOUNDATION TRUST,71.02350595362549,C_110,Trauma and Orthopaedics,1000,2025-11,balanced
150,751023,59.79143524144851,12.187286856222618,28.977571864799412,RWE,UNIVERSITY HOSPITALS OF LEICESTER NHS TRUST,50.76360268168267,58.10010073010709,67.10286935043987,16.339266668757205,99.94108983799705,RYY,KENT COMMUNITY HEALTH NHS FOUNDATION TRUST,70.96351797319764,C_110,Trauma and Orthopaedics,1000,2025-12,balanced
150,742692,59.275348156449766,11.961837427486321,25.488226760406203,RWE,UNIVERSITY HOSPITALS OF LEICESTER NHS TRUST,50.63961053017313,58.006341443448314,66.18995410445524,15.55034357428211,99.97015816174276,RYY,KENT COMMUNITY HEALTH NHS FOUNDATION TRUST,74.48193140133655,C_110,Trauma and Orthopaedics,1000,2026-01,balanced
150,736038,59.21092388033137,11.397878994508854,36.43396905361641,RWE,UNIVERSITY HOSPITALS OF LEICESTER NHS TRUST,50.46269932027742,56.97258988219823,65.32283331726597,14.860133996988552,99.91503823279524,RYY,KENT COMMUNITY HEALTH NHS FOUNDATION TRUST,63.48106917917883,C_110,Trauma and Orthopaedics,1000,2026-02,balanced
150,724375,60.59404326170632,10.844638010638146,39.10585217999534,RAJ,MID AND SOUTH ESSEX NHS FOUNDATION TRUST,52.838678383930606,58.41386704540312,67.89348748015371,15.054809096223103,99.8830067271132,RYY,KENT COMMUNITY HEALTH NHS FOUNDATION TRUST,60.77715454711786,C_110,Trauma and Orthopaedics,1000,2026-03,balanced
150,729590,60.201165963904955,10.998796125403095,32.992248062015506,RAJ,MID AND SOUTH ESSEX NHS FOUNDATION TRUST,51.82391422284955,58.6028804404843,66.50355788242476,14.679643659575206,99.80978260869566,RYY,KENT COMMUNITY HEALTH NHS FOUNDATION TRUST,66.81753454668015,C_110,Trauma and Orthopaedics,1000,2026-04,balanced
150,734771,61.099128727514035,11.133958312055693,31.13625519732806,RAJ,MID AND SOUTH ESSEX NHS FOUNDATION TRUST,52.96361781150009,59.55944556765485,66.23201787104638,13.268400059546288,99.8069498069498,RYY,KENT COMMUNITY HEALTH NHS FOUNDATION TRUST,68.67069460962173,C_110,Trauma and Orthopaedics,1000,2026-05,balanced
