specialty_code,specialty,floor,provider_code,provider_name,months_in_bottom_decile,months_in_top_decile,mean_pct,panel
C_301,Gastroenterology,500,RD8,MILTON KEYNES UNIVERSITY HOSPITAL NHS FOUNDATION TRUST,12,5,57.01570062574928,balanced
C_301,Gastroenterology,500,RVV,EAST KENT HOSPITALS UNIVERSITY NHS FOUNDATION TRUST,22,0,45.72260523593732,balanced
C_301,Gastroenterology,500,RGP,JAMES PAGET UNIVERSITY HOSPITALS NHS FOUNDATION TRUST,17,0,51.218192391315135,balanced
C_301,Gastroenterology,500,RXR,EAST LANCASHIRE HOSPITALS NHS TRUST,23,0,47.698217089693465,balanced
C_301,Gastroenterology,500,RWG,WEST HERTFORDSHIRE TEACHING HOSPITALS NHS TRUST,4,0,67.58032943012202,balanced
C_301,Gastroenterology,500,RJE,UNIVERSITY HOSPITALS OF NORTH MIDLANDS NHS TRUST,6,0,59.27391675992445,balanced
C_301,Gastroenterology,500,RXL,BLACKPOOL TEACHING HOSPITALS NHS FOUNDATION TRUST,7,0,51.80190668000349,balanced
C_301,Gastroenterology,500,RGN,NORTH WEST ANGLIA NHS FOUNDATION TRUST,4,0,58.6146180228425,balanced
C_301,Gastroenterology,500,RWH,EAST AND NORTH HERTFORDSHIRE TEACHING NHS TRUST,15,0,50.19441573067519,balanced
C_301,Gastroenterology,500,RJZ,KING'S COLLEGE HOSPITAL NHS FOUNDATION TRUST,1,0,61.49492132631477,balanced
C_301,Gastroenterology,500,RXN,LANCASHIRE TEACHING HOSPITALS NHS FOUNDATION TRUST,25,0,44.59313062058097,balanced
C_301,Gastroenterology,500,RJ1,GUY'S AND ST THOMAS' NHS FOUNDATION TRUST,0,8,80.80413253854589,balanced
C_301,Gastroenterology,500,RTF,NORTHUMBRIA HEALTHCARE NHS FOUNDATION TRUST,0,29,96.51798267077903,balanced
C_301,Gastroenterology,500,RFF,BARNSLEY HOSPITAL NHS FOUNDATION TRUST,0,16,86.83489372148205,balanced
C_301,Gastroenterology,500,RR8,LEEDS TEACHING HOSPITALS NHS TRUST,0,22,87.88095925217536,balanced
C_301,Gastroenterology,500,REF,ROYAL CORNWALL HOSPITALS NHS TRUST,0,29,91.00767224193368,balanced
C_301,Gastroenterology,500,R0B,SOUTH TYNESIDE AND SUNDERLAND NHS FOUNDATION TRUST,0,29,95.14766139728427,balanced
C_301,Gastroenterology,500,RTX,UNIVERSITY HOSPITALS OF MORECAMBE BAY NHS FOUNDATION TRUST,0,17,85.05016257930214,balanced
C_301,Gastroenterology,500,RKE,WHITTINGTON HEALTH NHS TRUST,0,11,83.31240244682206,balanced
C_301,Gastroenterology,500,RJC,SOUTH WARWICKSHIRE UNIVERSITY NHS FOUNDATION TRUST,0,2,72.13610666874384,balanced
C_301,Gastroenterology,500,RTR,SOUTH TEES HOSPITALS NHS FOUNDATION TRUST,0,26,89.36079049384556,balanced
C_301,Gastroenterology,500,RHW,ROYAL BERKSHIRE NHS FOUNDATION TRUST,0,1,79.60647800050747,balanced
C_301,Gastroenterology,500,RWD,UNITED LINCOLNSHIRE TEACHING HOSPITALS NHS TRUST,8,0,52.52215111361698,balanced
C_301,Gastroenterology,500,RQX,HOMERTON HEALTHCARE NHS FOUNDATION TRUST,0,19,86.74485328266023,balanced
C_301,Gastroenterology,500,RRV,UNIVERSITY COLLEGE LONDON HOSPITALS NHS FOUNDATION TRUST,0,4,78.24966283012868,balanced
C_301,Gastroenterology,500,RJN,EAST CHESHIRE NHS TRUST,11,0,49.88624846127591,balanced
C_301,Gastroenterology,500,RVW,NORTH TEES AND HARTLEPOOL NHS FOUNDATION TRUST,0,19,84.83917918434724,balanced
C_301,Gastroenterology,500,RNS,NORTHAMPTON GENERAL HOSPITAL NHS TRUST,0,7,77.21497136815665,balanced
C_301,Gastroenterology,500,RYR,UNIVERSITY HOSPITALS SUSSEX NHS FOUNDATION TRUST,15,0,49.66541926042657,balanced
C_301,Gastroenterology,500,RN3,GREAT WESTERN HOSPITALS NHS FOUNDATION TRUST,4,0,57.80141543193973,balanced
C_301,Gastroenterology,500,RTE,GLOUCESTERSHIRE HOSPITALS NHS FOUNDATION TRUST,0,23,85.82676644318701,balanced
C_301,Gastroenterology,500,RJ6,CROYDON HEALTH SERVICES NHS TRUST,0,1,75.9325617559939,balanced
C_301,Gastroenterology,500,R1K,LONDON NORTH WEST UNIVERSITY HEALTHCARE NHS TRUST,5,0,60.641546123346394,balanced
C_301,Gastroenterology,500,RHU,PORTSMOUTH HOSPITALS UNIVERSITY NHS TRUST,9,0,53.53234118221341,balanced
C_301,Gastroenterology,500,RPA,MEDWAY NHS FOUNDATION TRUST,4,0,52.223307343631134,balanced
C_301,Gastroenterology,500,RWJ,STOCKPORT NHS FOUNDATION TRUST,7,0,55.06827958654098,balanced
C_301,Gastroenterology,500,RXW,THE SHREWSBURY AND TELFORD HOSPITAL NHS TRUST,3,0,62.84688958971047,balanced
C_301,Gastroenterology,500,R1H,BARTS HEALTH NHS TRUST,4,0,54.13658218740918,balanced
C_301,Gastroenterology,500,RAX,KINGSTON AND RICHMOND NHS FOUNDATION TRUST,7,0,53.80015954303806,balanced
C_301,Gastroenterology,500,RTK,ASHFORD AND ST PETER'S HOSPITALS NHS FOUNDATION TRUST,15,0,47.17392879212054,balanced
C_301,Gastroenterology,500,RQW,THE PRINCESS ALEXANDRA HOSPITAL NHS TRUST,11,0,52.23913579735164,balanced
C_301,Gastroenterology,500,RLQ,WYE VALLEY NHS TRUST,3,0,57.58222828865971,balanced
C_301,Gastroenterology,500,RYJ,IMPERIAL COLLEGE HEALTHCARE NHS TRUST,0,17,82.51018804018317,balanced
C_301,Gastroenterology,500,RRF,"WRIGHTINGTON, WIGAN AND LEIGH TEACHING HOSPITALS NHS FOUNDATION TRUST",2,0,54.84246666379082,balanced
C_301,Gastroenterology,500,RD1,ROYAL UNITED HOSPITALS BATH NHS FOUNDATION TRUST,3,0,58.21704771427972,balanced
C_301,Gastroenterology,500,RX1,NOTTINGHAM UNIVERSITY HOSPITALS NHS TRUST,3,0,59.40031777535792,balanced
C_301,Gastroenterology,500,RN7,DARTFORD AND GRAVESHAM NHS TRUST,1,0,57.39304721087311,balanced
C_301,Gastroenterology,500,RBN,MERSEY AND WEST LANCASHIRE TEACHING HOSPITALS NHS TRUST,0,4,72.59580507102233,balanced
C_301,Gastroenterology,500,RAJ,MID AND SOUTH ESSEX NHS FOUNDATION TRUST,15,0,51.06733890606408,balanced
C_301,Gastroenterology,500,RWA,HULL UNIVERSITY TEACHING HOSPITALS NHS TRUST,8,0,53.26629174275413,balanced
C_301,Gastroenterology,500,RR7,GATESHEAD HEALTH NHS FOUNDATION TRUST,0,3,80.12102330982506,balanced
C_301,Gastroenterology,500,RNN,NORTH CUMBRIA INTEGRATED CARE NHS FOUNDATION TRUST,9,0,53.21248291622558,balanced
C_301,Gastroenterology,500,RTD,THE NEWCASTLE UPON TYNE HOSPITALS NHS FOUNDATION TRUST,0,11,78.3245978044835,balanced
C_301,Gastroenterology,500,RBK,WALSALL HEALTHCARE NHS TRUST,0,7,77.13788484702587,balanced
C_301,Gastroenterology,500,RXK,SANDWELL AND WEST BIRMINGHAM HOSPITALS NHS TRUST,10,0,53.33011837435724,balanced
C_301,Gastroenterology,500,RCX,"THE QUEEN ELIZABETH HOSPITAL, KING'S LYNN, NHS FOUNDATION TRUST",8,0,54.37487470760059,balanced
C_301,Gastroenterology,500,RBT,MID CHESHIRE HOSPITALS NHS FOUNDATION TRUST,9,0,61.69525247964117,balanced
C_301,Gastroenterology,500,RQM,CHELSEA AND WESTMINSTER HOSPITAL NHS FOUNDATION TRUST,0,4,79.45778036082207,balanced
C_301,Gastroenterology,500,RVR,EPSOM AND ST HELIER UNIVERSITY HOSPITALS NHS TRUST,2,0,58.697652249477926,balanced
C_301,Gastroenterology,500,RA2,ROYAL SURREY NHS FOUNDATION TRUST,4,0,59.85373324476082,balanced
C_301,Gastroenterology,500,R0D,UNIVERSITY HOSPITALS DORSET NHS FOUNDATION TRUST,0,2,75.85047764601968,balanced
C_301,Gastroenterology,500,RM3,NORTHERN CARE ALLIANCE NHS FOUNDATION TRUST,3,0,57.371550300471405,balanced
C_301,Gastroenterology,500,RJR,COUNTESS OF CHESTER HOSPITAL NHS FOUNDATION TRUST,0,1,62.176034051026946,balanced
C_301,Gastroenterology,500,RMP,TAMESIDE AND GLOSSOP INTEGRATED CARE NHS FOUNDATION TRUST,0,2,69.95707374594211,balanced
C_130,Ophthalmology,500,RD8,MILTON KEYNES UNIVERSITY HOSPITAL NHS FOUNDATION TRUST,29,0,41.25780111174927,balanced
C_130,Ophthalmology,500,RWH,EAST AND NORTH HERTFORDSHIRE TEACHING NHS TRUST,7,0,63.54724310381873,balanced
C_130,Ophthalmology,500,RJZ,KING'S COLLEGE HOSPITAL NHS FOUNDATION TRUST,5,0,57.53155369437014,balanced
C_130,Ophthalmology,500,RGN,NORTH WEST ANGLIA NHS FOUNDATION TRUST,26,0,50.91980220065687,balanced
C_130,Ophthalmology,500,RWJ,STOCKPORT NHS FOUNDATION TRUST,2,0,70.23056068621831,balanced
C_130,Ophthalmology,500,RM3,NORTHERN CARE ALLIANCE NHS FOUNDATION TRUST,28,0,48.15243706393002,balanced
C_130,Ophthalmology,500,RXL,BLACKPOOL TEACHING HOSPITALS NHS FOUNDATION TRUST,7,0,57.3094591075202,balanced
C_130,Ophthalmology,500,RFS,CHESTERFIELD ROYAL HOSPITAL NHS FOUNDATION TRUST,1,0,65.17573908713243,balanced
C_130,Ophthalmology,500,RYR,UNIVERSITY HOSPITALS SUSSEX NHS FOUNDATION TRUST,29,0,51.128442835796605,balanced
C_130,Ophthalmology,500,RBD,DORSET COUNTY HOSPITAL NHS FOUNDATION TRUST,2,0,64.06589676601956,balanced
C_130,Ophthalmology,500,RJE,UNIVERSITY HOSPITALS OF NORTH MIDLANDS NHS TRUST,6,0,57.070461159463115,balanced
C_130,Ophthalmology,500,AAV,COMMUNITY HEALTH AND EYECARE LIMITED,0,29,95.72681714379851,balanced
C_130,Ophthalmology,500,L0D9W,NEWMEDICA - GLOUCESTER (BRIGHOUSE COURT),0,24,92.30961897684713,balanced
C_130,Ophthalmology,500,ACG37,NEWMEDICA - IPSWICH,0,29,97.59348703950798,balanced
C_130,Ophthalmology,500,M4C5R,NEWMEDICA - NORTHAMPTON,0,27,95.0292122617676,balanced
C_130,Ophthalmology,500,B5M7B,NEWMEDICA - NORWICH,0,29,95.52417673047954,balanced
C_130,Ophthalmology,500,RCF,AIREDALE NHS FOUNDATION TRUST,0,20,87.99416371515649,balanced
C_130,Ophthalmology,500,NCR,ISIGHT,0,27,91.85385129105286,balanced
C_130,Ophthalmology,500,RNS,NORTHAMPTON GENERAL HOSPITAL NHS TRUST,0,19,86.07990046391072,balanced
C_130,Ophthalmology,500,RWY,CALDERDALE AND HUDDERSFIELD NHS FOUNDATION TRUST,0,21,88.53144549507405,balanced
C_130,Ophthalmology,500,RVR,EPSOM AND ST HELIER UNIVERSITY HOSPITALS NHS TRUST,0,24,89.39749309019926,balanced
C_130,Ophthalmology,500,RHW,ROYAL BERKSHIRE NHS FOUNDATION TRUST,0,2,81.51836829203577,balanced
C_130,Ophthalmology,500,RRK,UNIVERSITY HOSPITALS BIRMINGHAM NHS FOUNDATION TRUST,25,0,49.6880453262047,balanced
C_130,Ophthalmology,500,RBL,WIRRAL UNIVERSITY TEACHING HOSPITAL NHS FOUNDATION TRUST,11,0,54.94430776433791,balanced
C_130,Ophthalmology,500,RAJ,MID AND SOUTH ESSEX NHS FOUNDATION TRUST,10,0,55.18050859447167,balanced
C_130,Ophthalmology,500,RRF,"WRIGHTINGTON, WIGAN AND LEIGH TEACHING HOSPITALS NHS FOUNDATION TRUST",2,3,71.31375898602182,balanced
C_130,Ophthalmology,500,RWF,MAIDSTONE AND TUNBRIDGE WELLS NHS TRUST,0,1,78.84201429885883,balanced
C_130,Ophthalmology,500,RXQ,BUCKINGHAMSHIRE HEALTHCARE NHS TRUST,1,0,64.42426219924764,balanced
C_130,Ophthalmology,500,RLQ,WYE VALLEY NHS TRUST,3,0,61.76172545350076,balanced
C_130,Ophthalmology,500,RJC,SOUTH WARWICKSHIRE UNIVERSITY NHS FOUNDATION TRUST,0,13,81.80233125413608,balanced
C_130,Ophthalmology,500,RQW,THE PRINCESS ALEXANDRA HOSPITAL NHS TRUST,6,0,62.132089725092925,balanced
C_130,Ophthalmology,500,RVV,EAST KENT HOSPITALS UNIVERSITY NHS FOUNDATION TRUST,8,0,55.70297769447485,balanced
C_130,Ophthalmology,500,RXW,THE SHREWSBURY AND TELFORD HOSPITAL NHS TRUST,12,0,59.31115623899961,balanced
C_130,Ophthalmology,500,RC9,BEDFORDSHIRE HOSPITALS NHS FOUNDATION TRUST,1,0,62.69291266514378,balanced
C_130,Ophthalmology,500,R1K,LONDON NORTH WEST UNIVERSITY HEALTHCARE NHS TRUST,6,5,66.48698110696071,balanced
C_130,Ophthalmology,500,RGT,CAMBRIDGE UNIVERSITY HOSPITALS NHS FOUNDATION TRUST,12,0,56.589920634383255,balanced
C_130,Ophthalmology,500,RTH,OXFORD UNIVERSITY HOSPITALS NHS FOUNDATION TRUST,19,0,53.91783698251579,balanced
C_130,Ophthalmology,500,RFF,BARNSLEY HOSPITAL NHS FOUNDATION TRUST,0,9,83.00560571674619,balanced
C_130,Ophthalmology,500,RWD,UNITED LINCOLNSHIRE TEACHING HOSPITALS NHS TRUST,1,0,60.969516774669174,balanced
C_130,Ophthalmology,500,RTG,UNIVERSITY HOSPITALS OF DERBY AND BURTON NHS FOUNDATION TRUST,8,0,57.28601908064881,balanced
C_130,Ophthalmology,500,RKB,UNIVERSITY HOSPITALS COVENTRY AND WARWICKSHIRE NHS TRUST,17,0,54.519366551869496,balanced
C_130,Ophthalmology,500,RTK,ASHFORD AND ST PETER'S HOSPITALS NHS FOUNDATION TRUST,2,0,60.605337464586775,balanced
C_130,Ophthalmology,500,RFR,THE ROTHERHAM NHS FOUNDATION TRUST,0,15,83.06715606516023,balanced
C_130,Ophthalmology,500,RGR,WEST SUFFOLK NHS FOUNDATION TRUST,3,0,59.35732774133204,balanced
C_130,Ophthalmology,500,RGP,JAMES PAGET UNIVERSITY HOSPITALS NHS FOUNDATION TRUST,5,0,61.28287368724488,balanced
C_130,Ophthalmology,500,RJR,COUNTESS OF CHESTER HOSPITAL NHS FOUNDATION TRUST,2,0,61.90157271311146,balanced
C_130,Ophthalmology,500,RBK,WALSALL HEALTHCARE NHS TRUST,0,10,85.41087404918633,balanced
C_130,Ophthalmology,500,RQM,CHELSEA AND WESTMINSTER HOSPITAL NHS FOUNDATION TRUST,5,0,61.056715305328,balanced
C_130,Ophthalmology,500,RWW,NORTH CHESHIRE AND MERSEY NHS FOUNDATION TRUST,0,8,80.08871439952212,balanced
C_130,Ophthalmology,500,RJN,EAST CHESHIRE NHS TRUST,4,0,72.33605570738864,balanced
C_130,Ophthalmology,500,RK5,SHERWOOD FOREST HOSPITALS NHS FOUNDATION TRUST,4,0,65.7050278986019,balanced
C_130,Ophthalmology,500,RL4,THE ROYAL WOLVERHAMPTON NHS TRUST,1,0,64.59502405108579,balanced
C_130,Ophthalmology,500,RP6,MOORFIELDS EYE HOSPITAL NHS FOUNDATION TRUST,0,1,83.14303721659634,balanced
C_130,Ophthalmology,500,RN3,GREAT WESTERN HOSPITALS NHS FOUNDATION TRUST,3,0,61.9351556729958,balanced
C_130,Ophthalmology,500,RHU,PORTSMOUTH HOSPITALS UNIVERSITY NHS TRUST,3,0,63.6973922963815,balanced
C_130,Ophthalmology,500,R1F,ISLE OF WIGHT NHS TRUST,3,0,63.001968908978704,balanced
C_130,Ophthalmology,500,RN5,HAMPSHIRE HOSPITALS NHS FOUNDATION TRUST,0,1,72.19835445046068,balanced
C_130,Ophthalmology,500,RD1,ROYAL UNITED HOSPITALS BATH NHS FOUNDATION TRUST,0,2,79.75466066268562,balanced
C_120,"Ear, Nose and Throat",500,RGP,JAMES PAGET UNIVERSITY HOSPITALS NHS FOUNDATION TRUST,17,0,39.6893750571596,balanced
C_120,"Ear, Nose and Throat",500,RAS,THE HILLINGDON HOSPITALS NHS FOUNDATION TRUST,23,0,30.89790152756862,balanced
C_120,"Ear, Nose and Throat",500,RYR,UNIVERSITY HOSPITALS SUSSEX NHS FOUNDATION TRUST,10,0,43.50119371805848,balanced
C_120,"Ear, Nose and Throat",500,RWW,NORTH CHESHIRE AND MERSEY NHS FOUNDATION TRUST,1,0,55.53316819697263,balanced
C_120,"Ear, Nose and Throat",500,R1F,ISLE OF WIGHT NHS TRUST,8,0,44.79465809233753,balanced
C_120,"Ear, Nose and Throat",500,R1K,LONDON NORTH WEST UNIVERSITY HEALTHCARE NHS TRUST,22,0,38.99932018006536,balanced
C_120,"Ear, Nose and Throat",500,RMC,BOLTON NHS FOUNDATION TRUST,9,0,45.02616240067642,balanced
C_120,"Ear, Nose and Throat",500,RXK,SANDWELL AND WEST BIRMINGHAM HOSPITALS NHS TRUST,14,0,40.972596068074886,balanced
C_120,"Ear, Nose and Throat",500,RRK,UNIVERSITY HOSPITALS BIRMINGHAM NHS FOUNDATION TRUST,10,0,42.0441433356477,balanced
C_120,"Ear, Nose and Throat",500,RKB,UNIVERSITY HOSPITALS COVENTRY AND WARWICKSHIRE NHS TRUST,9,0,43.87207921559207,balanced
C_120,"Ear, Nose and Throat",500,RJR,COUNTESS OF CHESTER HOSPITAL NHS FOUNDATION TRUST,22,0,39.56159486860115,balanced
C_120,"Ear, Nose and Throat",500,RPA,MEDWAY NHS FOUNDATION TRUST,17,5,43.97736539167553,balanced
C_120,"Ear, Nose and Throat",500,NNE,DORKING HEALTHCARE LIMITED (DHC),0,25,86.41600112756625,balanced
C_120,"Ear, Nose and Throat",500,RHW,ROYAL BERKSHIRE NHS FOUNDATION TRUST,0,29,78.64548563821526,balanced
C_120,"Ear, Nose and Throat",500,RTX,UNIVERSITY HOSPITALS OF MORECAMBE BAY NHS FOUNDATION TRUST,0,7,66.15001914917936,balanced
C_120,"Ear, Nose and Throat",500,RWF,MAIDSTONE AND TUNBRIDGE WELLS NHS TRUST,0,5,61.6716286138144,balanced
C_120,"Ear, Nose and Throat",500,RVR,EPSOM AND ST HELIER UNIVERSITY HOSPITALS NHS TRUST,0,18,70.27285212441039,balanced
C_120,"Ear, Nose and Throat",500,R0B,SOUTH TYNESIDE AND SUNDERLAND NHS FOUNDATION TRUST,0,29,77.87228453711404,balanced
C_120,"Ear, Nose and Throat",500,RNQ,KETTERING GENERAL HOSPITAL NHS FOUNDATION TRUST,1,12,64.4526802436208,balanced
C_120,"Ear, Nose and Throat",500,RFF,BARNSLEY HOSPITAL NHS FOUNDATION TRUST,0,25,73.55126735492613,balanced
C_120,"Ear, Nose and Throat",500,REF,ROYAL CORNWALL HOSPITALS NHS TRUST,0,29,74.35727139586798,balanced
C_120,"Ear, Nose and Throat",500,RQX,HOMERTON HEALTHCARE NHS FOUNDATION TRUST,0,12,66.3385589530778,balanced
C_120,"Ear, Nose and Throat",500,RCX,"THE QUEEN ELIZABETH HOSPITAL, KING'S LYNN, NHS FOUNDATION TRUST",1,4,57.49985790650575,balanced
C_120,"Ear, Nose and Throat",500,NVC18,SPRINGFIELD HOSPITAL,0,18,70.15061066424579,balanced
C_120,"Ear, Nose and Throat",500,RXW,THE SHREWSBURY AND TELFORD HOSPITAL NHS TRUST,16,0,43.56685808157596,balanced
C_120,"Ear, Nose and Throat",500,RWD,UNITED LINCOLNSHIRE TEACHING HOSPITALS NHS TRUST,13,0,41.50851005678503,balanced
C_120,"Ear, Nose and Throat",500,DXV,OMNES HEALTHCARE LTD,0,22,77.76701329558335,balanced
C_120,"Ear, Nose and Throat",500,RQW,THE PRINCESS ALEXANDRA HOSPITAL NHS TRUST,11,0,40.49041749097841,balanced
C_120,"Ear, Nose and Throat",500,R0A,MANCHESTER UNIVERSITY NHS FOUNDATION TRUST,4,0,45.68705557534758,balanced
C_120,"Ear, Nose and Throat",500,RXC,EAST SUSSEX HEALTHCARE NHS TRUST,6,0,47.34576223894126,balanced
C_120,"Ear, Nose and Throat",500,RX1,NOTTINGHAM UNIVERSITY HOSPITALS NHS TRUST,1,0,49.61692258345779,balanced
C_120,"Ear, Nose and Throat",500,RBD,DORSET COUNTY HOSPITAL NHS FOUNDATION TRUST,4,0,47.24935622100258,balanced
C_120,"Ear, Nose and Throat",500,RHU,PORTSMOUTH HOSPITALS UNIVERSITY NHS TRUST,1,0,43.19648048217285,balanced
C_120,"Ear, Nose and Throat",500,NVC20,THE YORKSHIRE CLINIC,0,6,65.75553505888287,balanced
C_120,"Ear, Nose and Throat",500,RFS,CHESTERFIELD ROYAL HOSPITAL NHS FOUNDATION TRUST,1,3,56.713171361294854,balanced
C_120,"Ear, Nose and Throat",500,NTP11,PRACTICE PLUS GROUP HOSPITAL - SOUTHAMPTON,6,1,49.88905912703415,balanced
C_120,"Ear, Nose and Throat",500,RD8,MILTON KEYNES UNIVERSITY HOSPITAL NHS FOUNDATION TRUST,5,0,46.497434132145976,balanced
C_120,"Ear, Nose and Throat",500,REM,LIVERPOOL UNIVERSITY HOSPITALS NHS FOUNDATION TRUST,13,0,41.316906716951465,balanced
C_120,"Ear, Nose and Throat",500,RTE,GLOUCESTERSHIRE HOSPITALS NHS FOUNDATION TRUST,1,0,49.2385492506034,balanced
C_120,"Ear, Nose and Throat",500,RXL,BLACKPOOL TEACHING HOSPITALS NHS FOUNDATION TRUST,0,2,59.18659103383045,balanced
C_120,"Ear, Nose and Throat",500,RLT,GEORGE ELIOT HOSPITAL NHS TRUST,20,0,37.13267960910025,balanced
C_120,"Ear, Nose and Throat",500,RWA,HULL UNIVERSITY TEACHING HOSPITALS NHS TRUST,10,0,41.579012736011705,balanced
C_120,"Ear, Nose and Throat",500,RAJ,MID AND SOUTH ESSEX NHS FOUNDATION TRUST,22,0,37.51543519399525,balanced
C_120,"Ear, Nose and Throat",500,RXN,LANCASHIRE TEACHING HOSPITALS NHS FOUNDATION TRUST,0,1,62.54374825788741,balanced
C_120,"Ear, Nose and Throat",500,RJ1,GUY'S AND ST THOMAS' NHS FOUNDATION TRUST,7,0,44.530083963176715,balanced
C_120,"Ear, Nose and Throat",500,RA7,UNIVERSITY HOSPITALS BRISTOL AND WESTON NHS FOUNDATION TRUST,0,5,63.795894715757164,balanced
C_120,"Ear, Nose and Throat",500,RWP,WORCESTERSHIRE ACUTE HOSPITALS NHS TRUST,5,0,43.492286406256255,balanced
C_120,"Ear, Nose and Throat",500,RCF,AIREDALE NHS FOUNDATION TRUST,0,13,65.74240173642403,balanced
C_120,"Ear, Nose and Throat",500,RNZ,SALISBURY NHS FOUNDATION TRUST,0,10,63.987580989411676,balanced
C_120,"Ear, Nose and Throat",500,RYJ,IMPERIAL COLLEGE HEALTHCARE NHS TRUST,0,1,60.195926364707496,balanced
C_120,"Ear, Nose and Throat",500,RMP,TAMESIDE AND GLOSSOP INTEGRATED CARE NHS FOUNDATION TRUST,0,12,67.09886664152295,balanced
C_120,"Ear, Nose and Throat",500,RCD,HARROGATE AND DISTRICT NHS FOUNDATION TRUST,0,15,68.00527981447819,balanced
C_120,"Ear, Nose and Throat",500,RTK,ASHFORD AND ST PETER'S HOSPITALS NHS FOUNDATION TRUST,2,0,48.69937735427404,balanced
C_120,"Ear, Nose and Throat",500,RGT,CAMBRIDGE UNIVERSITY HOSPITALS NHS FOUNDATION TRUST,10,0,43.588834014180826,balanced
C_120,"Ear, Nose and Throat",500,RKE,WHITTINGTON HEALTH NHS TRUST,0,3,59.498354200466196,balanced
C_120,"Ear, Nose and Throat",500,RFR,THE ROTHERHAM NHS FOUNDATION TRUST,0,8,59.43106554495315,balanced
C_120,"Ear, Nose and Throat",500,RWG,WEST HERTFORDSHIRE TEACHING HOSPITALS NHS TRUST,5,0,45.130773482219055,balanced
C_120,"Ear, Nose and Throat",500,RXR,EAST LANCASHIRE HOSPITALS NHS TRUST,0,12,65.74395428597026,balanced
C_120,"Ear, Nose and Throat",500,RM1,NORFOLK AND NORWICH UNIVERSITY HOSPITALS NHS FOUNDATION TRUST,4,1,49.05680396942186,balanced
C_120,"Ear, Nose and Throat",500,RD1,ROYAL UNITED HOSPITALS BATH NHS FOUNDATION TRUST,1,0,49.15768530148035,balanced
C_120,"Ear, Nose and Throat",500,RWE,UNIVERSITY HOSPITALS OF LEICESTER NHS TRUST,3,0,47.300846575536696,balanced
C_120,"Ear, Nose and Throat",500,RTD,THE NEWCASTLE UPON TYNE HOSPITALS NHS FOUNDATION TRUST,0,11,64.90144981531708,balanced
C_120,"Ear, Nose and Throat",500,RJ6,CROYDON HEALTH SERVICES NHS TRUST,6,0,50.86968931779247,balanced
C_120,"Ear, Nose and Throat",500,RL4,THE ROYAL WOLVERHAMPTON NHS TRUST,1,0,44.45080288161377,balanced
C_120,"Ear, Nose and Throat",500,RJN,EAST CHESHIRE NHS TRUST,0,1,50.46557032681272,balanced
C_120,"Ear, Nose and Throat",500,RR8,LEEDS TEACHING HOSPITALS NHS TRUST,2,0,52.097014206072856,balanced
C_120,"Ear, Nose and Throat",500,R1H,BARTS HEALTH NHS TRUST,3,0,47.26148580046534,balanced
C_120,"Ear, Nose and Throat",500,RXP,COUNTY DURHAM AND DARLINGTON NHS FOUNDATION TRUST,0,2,54.478516644353114,balanced
C_120,"Ear, Nose and Throat",500,RVV,EAST KENT HOSPITALS UNIVERSITY NHS FOUNDATION TRUST,1,0,48.01604127086769,balanced
C_120,"Ear, Nose and Throat",500,RK9,UNIVERSITY HOSPITALS PLYMOUTH NHS TRUST,0,1,60.8759972752709,balanced
C_110,Trauma and Orthopaedics,500,REF,ROYAL CORNWALL HOSPITALS NHS TRUST,13,0,44.76074353409608,balanced
C_110,Trauma and Orthopaedics,500,RAS,THE HILLINGDON HOSPITALS NHS FOUNDATION TRUST,18,0,43.71914987555434,balanced
C_110,Trauma and Orthopaedics,500,RQW,THE PRINCESS ALEXANDRA HOSPITAL NHS TRUST,20,0,43.319114439057,balanced
C_110,Trauma and Orthopaedics,500,RD8,MILTON KEYNES UNIVERSITY HOSPITAL NHS FOUNDATION TRUST,24,0,40.33630956101979,balanced
C_110,Trauma and Orthopaedics,500,RGP,JAMES PAGET UNIVERSITY HOSPITALS NHS FOUNDATION TRUST,19,0,45.67487974571602,balanced
C_110,Trauma and Orthopaedics,500,RM1,NORFOLK AND NORWICH UNIVERSITY HOSPITALS NHS FOUNDATION TRUST,27,0,39.74354052504425,balanced
C_110,Trauma and Orthopaedics,500,RYR,UNIVERSITY HOSPITALS SUSSEX NHS FOUNDATION TRUST,26,0,41.63943352478161,balanced
C_110,Trauma and Orthopaedics,500,RNS,NORTHAMPTON GENERAL HOSPITAL NHS TRUST,11,0,45.73762793117186,balanced
C_110,Trauma and Orthopaedics,500,RWH,EAST AND NORTH HERTFORDSHIRE TEACHING NHS TRUST,19,0,44.93273590107053,balanced
C_110,Trauma and Orthopaedics,500,RTH,OXFORD UNIVERSITY HOSPITALS NHS FOUNDATION TRUST,8,0,47.33030965088664,balanced
C_110,Trauma and Orthopaedics,500,RXW,THE SHREWSBURY AND TELFORD HOSPITAL NHS TRUST,16,0,43.867102072141385,balanced
C_110,Trauma and Orthopaedics,500,RL1,THE ROBERT JONES AND AGNES HUNT ORTHOPAEDIC HOSPITAL NHS FOUNDATION TRUST,25,0,43.65912545099092,balanced
C_110,Trauma and Orthopaedics,500,RBD,DORSET COUNTY HOSPITAL NHS FOUNDATION TRUST,21,0,43.8713479554983,balanced
C_110,Trauma and Orthopaedics,500,RGR,WEST SUFFOLK NHS FOUNDATION TRUST,5,0,47.22545444866393,balanced
C_110,Trauma and Orthopaedics,500,R1K,LONDON NORTH WEST UNIVERSITY HEALTHCARE NHS TRUST,18,0,44.09109227725971,balanced
C_110,Trauma and Orthopaedics,500,RXQ,BUCKINGHAMSHIRE HEALTHCARE NHS TRUST,11,0,46.266662411179574,balanced
C_110,Trauma and Orthopaedics,500,RDE,EAST SUFFOLK AND NORTH ESSEX NHS FOUNDATION TRUST,27,0,43.52569223038343,balanced
C_110,Trauma and Orthopaedics,500,RJZ,KING'S COLLEGE HOSPITAL NHS FOUNDATION TRUST,1,0,54.939939672047586,balanced
C_110,Trauma and Orthopaedics,500,NVC40,WOODTHORPE HOSPITAL,9,1,59.14068229191768,balanced
C_110,Trauma and Orthopaedics,500,NTP15,PRACTICE PLUS GROUP HOSPITAL - ILFORD,1,0,62.53229441260619,balanced
C_110,Trauma and Orthopaedics,500,RYY,KENT COMMUNITY HEALTH NHS FOUNDATION TRUST,0,29,99.87535569095154,balanced
C_110,Trauma and Orthopaedics,500,NLX,SIRONA CARE & HEALTH,0,16,84.16075793535083,balanced
C_110,Trauma and Orthopaedics,500,RW1,HAMPSHIRE AND ISLE OF WIGHT HEALTHCARE NHS FOUNDATION TRUST,0,29,91.44572953915173,balanced
C_110,Trauma and Orthopaedics,500,RW5,LANCASHIRE & SOUTH CUMBRIA NHS FOUNDATION TRUST,0,29,95.85537391190867,balanced
C_110,Trauma and Orthopaedics,500,NT351,SPIRE HULL AND EAST RIDING HOSPITAL,0,21,87.99268281244643,balanced
C_110,Trauma and Orthopaedics,500,ADP02,KIMS HOSPITAL (NEWNHAM COURT),0,29,86.97745156380212,balanced
C_110,Trauma and Orthopaedics,500,NNE,DORKING HEALTHCARE LIMITED (DHC),0,23,85.01656191555495,balanced
C_110,Trauma and Orthopaedics,500,NT350,SPIRE METHLEY PARK HOSPITAL,0,26,82.69726660844476,balanced
C_110,Trauma and Orthopaedics,500,NT337,SPIRE LIVERPOOL HOSPITAL,0,21,83.87274668120087,balanced
C_110,Trauma and Orthopaedics,500,RHW,ROYAL BERKSHIRE NHS FOUNDATION TRUST,0,29,84.67720567969128,balanced
C_110,Trauma and Orthopaedics,500,NVC16,RENACRES HOSPITAL,2,8,70.59006262880722,balanced
C_110,Trauma and Orthopaedics,500,NT403,BEARDWOOD HOSPITAL,0,17,80.07906411589727,balanced
C_110,Trauma and Orthopaedics,500,NVC02,THE BERKSHIRE INDEPENDENT HOSPITAL,0,3,72.85599554095354,balanced
C_110,Trauma and Orthopaedics,500,RXP,COUNTY DURHAM AND DARLINGTON NHS FOUNDATION TRUST,0,23,82.01187869982873,balanced
C_110,Trauma and Orthopaedics,500,NT237,"NUFFIELD HEALTH, TEES HOSPITAL",0,4,72.52849980472274,balanced
C_110,Trauma and Orthopaedics,500,NTE02,ST HUGH'S HOSPITAL,0,16,81.32121512007753,balanced
C_110,Trauma and Orthopaedics,500,NT333,SPIRE WASHINGTON HOSPITAL,0,16,80.856553806241,balanced
C_110,Trauma and Orthopaedics,500,NVC0R,TEES VALLEY HOSPITAL,0,2,74.14493970104434,balanced
C_110,Trauma and Orthopaedics,500,NT424,MERIDEN HOSPITAL,0,28,83.96166119142381,balanced
C_110,Trauma and Orthopaedics,500,RVW,NORTH TEES AND HARTLEPOOL NHS FOUNDATION TRUST,0,23,81.45075938411283,balanced
C_110,Trauma and Orthopaedics,500,RJE,UNIVERSITY HOSPITALS OF NORTH MIDLANDS NHS TRUST,2,0,50.91678230665719,balanced
C_110,Trauma and Orthopaedics,500,RR8,LEEDS TEACHING HOSPITALS NHS TRUST,10,0,47.80995292049609,balanced
C_110,Trauma and Orthopaedics,500,RK9,UNIVERSITY HOSPITALS PLYMOUTH NHS TRUST,6,0,47.87578285380957,balanced
C_110,Trauma and Orthopaedics,500,RAJ,MID AND SOUTH ESSEX NHS FOUNDATION TRUST,19,0,40.47807941676996,balanced
C_110,Trauma and Orthopaedics,500,NTX,THE ONE HEALTH GROUP PLC,0,10,78.13254616423035,balanced
C_110,Trauma and Orthopaedics,500,R0A,MANCHESTER UNIVERSITY NHS FOUNDATION TRUST,16,0,46.14891297811015,balanced
C_110,Trauma and Orthopaedics,500,RXF,MID YORKSHIRE TEACHING NHS TRUST,2,0,50.0455317609696,balanced
C_110,Trauma and Orthopaedics,500,NT347,SPIRE FYLDE COAST HOSPITAL,0,20,80.62711651772723,balanced
C_110,Trauma and Orthopaedics,500,NVC08,MOUNT STUART HOSPITAL,4,0,49.885260048611286,balanced
C_110,Trauma and Orthopaedics,500,NT321,SPIRE LITTLE ASTON HOSPITAL,0,16,79.67406787580806,balanced
C_110,Trauma and Orthopaedics,500,NT320,SPIRE PARKWAY HOSPITAL,0,14,76.03764634395006,balanced
C_110,Trauma and Orthopaedics,500,RBT,MID CHESHIRE HOSPITALS NHS FOUNDATION TRUST,22,0,41.99549015865618,balanced
C_110,Trauma and Orthopaedics,500,RAE,BRADFORD TEACHING HOSPITALS NHS FOUNDATION TRUST,1,0,48.59022282644119,balanced
C_110,Trauma and Orthopaedics,500,B3M1X,CLAREMONT PRIVATE HOSPITAL,0,7,74.70277976431186,balanced
C_110,Trauma and Orthopaedics,500,RC9,BEDFORDSHIRE HOSPITALS NHS FOUNDATION TRUST,23,0,44.1151892664606,balanced
C_110,Trauma and Orthopaedics,500,RJC,SOUTH WARWICKSHIRE UNIVERSITY NHS FOUNDATION TRUST,0,7,77.96740349502328,balanced
C_110,Trauma and Orthopaedics,500,NT230,"NUFFIELD HEALTH, NORTH STAFFORDSHIRE HOSPITAL",0,1,68.70196855819204,balanced
C_110,Trauma and Orthopaedics,500,NT314,SPIRE LONDON EAST,0,10,76.65392553052729,balanced
C_110,Trauma and Orthopaedics,500,RFS,CHESTERFIELD ROYAL HOSPITAL NHS FOUNDATION TRUST,9,0,46.755005646680495,balanced
C_110,Trauma and Orthopaedics,500,RWP,WORCESTERSHIRE ACUTE HOSPITALS NHS TRUST,17,0,46.11828547558319,balanced
C_110,Trauma and Orthopaedics,500,NVC06,FITZWILLIAM HOSPITAL,9,0,47.94225040711709,balanced
C_110,Trauma and Orthopaedics,500,RA2,ROYAL SURREY NHS FOUNDATION TRUST,3,0,48.91642355164631,balanced
C_110,Trauma and Orthopaedics,500,RWE,UNIVERSITY HOSPITALS OF LEICESTER NHS TRUST,19,0,39.24349699908095,balanced
C_110,Trauma and Orthopaedics,500,RAX,KINGSTON AND RICHMOND NHS FOUNDATION TRUST,2,0,56.664471023883046,balanced
C_110,Trauma and Orthopaedics,500,NT420,HIGHFIELD HOSPITAL,0,10,71.32828620800103,balanced
C_110,Trauma and Orthopaedics,500,RXK,SANDWELL AND WEST BIRMINGHAM HOSPITALS NHS TRUST,1,0,53.02475291996122,balanced
C_110,Trauma and Orthopaedics,500,R1F,ISLE OF WIGHT NHS TRUST,8,0,49.2434671379752,balanced
C_110,Trauma and Orthopaedics,500,NTPH2,PRACTICE PLUS GROUP HOSPITAL - EMERSONS GREEN,0,13,76.84360649790196,balanced
C_110,Trauma and Orthopaedics,500,G3Z1Q,SULIS HOSPITAL BATH (FOXCOTE AVENUE),0,1,74.38616999380297,balanced
C_110,Trauma and Orthopaedics,500,RWW,NORTH CHESHIRE AND MERSEY NHS FOUNDATION TRUST,12,0,46.897095560622425,balanced
C_110,Trauma and Orthopaedics,500,NT213,"NUFFIELD HEALTH, DERBY HOSPITAL",5,0,50.99298483285655,balanced
C_110,Trauma and Orthopaedics,500,RNN,NORTH CUMBRIA INTEGRATED CARE NHS FOUNDATION TRUST,5,0,51.23877835344403,balanced
C_110,Trauma and Orthopaedics,500,RXC,EAST SUSSEX HEALTHCARE NHS TRUST,0,5,68.99518145046324,balanced
C_110,Trauma and Orthopaedics,500,H4I8B,NUFFIELD HEALTH THE HOLLY HOSPITAL,0,7,77.2511089029958,balanced
C_110,Trauma and Orthopaedics,500,NT404,BEAUMONT HOSPITAL,0,1,71.29877857424849,balanced
C_110,Trauma and Orthopaedics,500,NT313,SPIRE WELLESLEY HOSPITAL,9,0,51.12294680292034,balanced
C_110,Trauma and Orthopaedics,500,RJL,NORTHERN LINCOLNSHIRE AND GOOLE NHS FOUNDATION TRUST,3,0,51.4892563140445,balanced
C_110,Trauma and Orthopaedics,500,NTP11,PRACTICE PLUS GROUP HOSPITAL - SOUTHAMPTON,0,11,75.40007582066161,balanced
C_110,Trauma and Orthopaedics,500,NTPH5,PRACTICE PLUS GROUP HOSPITAL - PLYMOUTH,0,9,70.80708412102157,balanced
C_110,Trauma and Orthopaedics,500,RWY,CALDERDALE AND HUDDERSFIELD NHS FOUNDATION TRUST,0,4,76.32863143539679,balanced
C_110,Trauma and Orthopaedics,500,NVC04,DUCHY HOSPITAL,3,0,49.187029045161005,balanced
C_110,Trauma and Orthopaedics,500,RRK,UNIVERSITY HOSPITALS BIRMINGHAM NHS FOUNDATION TRUST,0,6,70.01845404021928,balanced
C_110,Trauma and Orthopaedics,500,RJ2,LEWISHAM AND GREENWICH NHS TRUST,1,0,52.654159810264886,balanced
C_110,Trauma and Orthopaedics,500,R0D,UNIVERSITY HOSPITALS DORSET NHS FOUNDATION TRUST,5,0,49.308991077055055,balanced
C_110,Trauma and Orthopaedics,500,R1D,SHROPSHIRE COMMUNITY HEALTH NHS TRUST,0,9,65.8836218757697,balanced
C_110,Trauma and Orthopaedics,500,RDU,FRIMLEY HEALTH NHS FOUNDATION TRUST,1,0,48.31943534562024,balanced
C_110,Trauma and Orthopaedics,500,RP5,DONCASTER AND BASSETLAW TEACHING HOSPITALS NHS FOUNDATION TRUST,6,0,52.759047140964356,balanced
C_110,Trauma and Orthopaedics,500,NT422,LONDON INDEPENDENT HOSPITAL,0,8,71.53588057413039,balanced
C_110,Trauma and Orthopaedics,500,NVC05,EUXTON HALL HOSPITAL,0,1,70.7672771331021,balanced
C_110,Trauma and Orthopaedics,500,RX1,NOTTINGHAM UNIVERSITY HOSPITALS NHS TRUST,4,0,51.33622816345705,balanced
C_110,Trauma and Orthopaedics,500,REM,LIVERPOOL UNIVERSITY HOSPITALS NHS FOUNDATION TRUST,2,0,48.342490189871285,balanced
C_110,Trauma and Orthopaedics,500,RAL,ROYAL FREE LONDON NHS FOUNDATION TRUST,5,0,53.652756766177575,balanced
C_110,Trauma and Orthopaedics,500,RKE,WHITTINGTON HEALTH NHS TRUST,0,4,70.7582258391952,balanced
C_110,Trauma and Orthopaedics,500,RVV,EAST KENT HOSPITALS UNIVERSITY NHS FOUNDATION TRUST,6,0,50.54047802595515,balanced
C_110,Trauma and Orthopaedics,500,RJN,EAST CHESHIRE NHS TRUST,1,0,60.591597916892745,balanced
C_110,Trauma and Orthopaedics,500,NT324,SPIRE CHESHIRE HOSPITAL,0,5,75.91409232816487,balanced
C_110,Trauma and Orthopaedics,500,NVC14,PARK HILL HOSPITAL,0,3,71.79745766276967,balanced
C_110,Trauma and Orthopaedics,500,RWD,UNITED LINCOLNSHIRE TEACHING HOSPITALS NHS TRUST,1,0,59.47514994583588,balanced
C_110,Trauma and Orthopaedics,500,RTG,UNIVERSITY HOSPITALS OF DERBY AND BURTON NHS FOUNDATION TRUST,5,0,48.50012003873746,balanced
C_110,Trauma and Orthopaedics,500,RHM,UNIVERSITY HOSPITAL SOUTHAMPTON NHS FOUNDATION TRUST,1,0,53.14402229655751,balanced
C_110,Trauma and Orthopaedics,500,NVC27,BOSTON WEST HOSPITAL,3,0,52.51036473996,balanced
C_110,Trauma and Orthopaedics,500,RCX,"THE QUEEN ELIZABETH HOSPITAL, KING'S LYNN, NHS FOUNDATION TRUST",3,0,57.38033393048495,balanced
C_110,Trauma and Orthopaedics,500,RH8,ROYAL DEVON UNIVERSITY HEALTHCARE NHS FOUNDATION TRUST,3,0,47.27910606757468,balanced
C_110,Trauma and Orthopaedics,500,NWF01,BENENDEN HOSPITAL,0,3,71.72651062148583,balanced
C_110,Trauma and Orthopaedics,500,RXR,EAST LANCASHIRE HOSPITALS NHS TRUST,0,2,66.93233582111658,balanced
C_110,Trauma and Orthopaedics,500,RN3,GREAT WESTERN HOSPITALS NHS FOUNDATION TRUST,2,0,53.261805908144,balanced
C_301,Gastroenterology,1000,RVV,EAST KENT HOSPITALS UNIVERSITY NHS FOUNDATION TRUST,20,0,45.72260523593732,balanced
C_301,Gastroenterology,1000,RGP,JAMES PAGET UNIVERSITY HOSPITALS NHS FOUNDATION TRUST,17,0,51.218192391315135,balanced
C_301,Gastroenterology,1000,RXR,EAST LANCASHIRE HOSPITALS NHS TRUST,23,0,47.698217089693465,balanced
C_301,Gastroenterology,1000,RWG,WEST HERTFORDSHIRE TEACHING HOSPITALS NHS TRUST,4,2,67.58032943012202,balanced
C_301,Gastroenterology,1000,RJE,UNIVERSITY HOSPITALS OF NORTH MIDLANDS NHS TRUST,6,0,59.27391675992445,balanced
C_301,Gastroenterology,1000,RXL,BLACKPOOL TEACHING HOSPITALS NHS FOUNDATION TRUST,7,0,51.80190668000349,balanced
C_301,Gastroenterology,1000,RGN,NORTH WEST ANGLIA NHS FOUNDATION TRUST,4,0,58.6146180228425,balanced
C_301,Gastroenterology,1000,RWH,EAST AND NORTH HERTFORDSHIRE TEACHING NHS TRUST,14,0,50.19441573067519,balanced
C_301,Gastroenterology,1000,RJZ,KING'S COLLEGE HOSPITAL NHS FOUNDATION TRUST,1,0,61.49492132631477,balanced
C_301,Gastroenterology,1000,RXN,LANCASHIRE TEACHING HOSPITALS NHS FOUNDATION TRUST,25,0,44.59313062058097,balanced
C_301,Gastroenterology,1000,RJ1,GUY'S AND ST THOMAS' NHS FOUNDATION TRUST,0,12,80.80413253854589,balanced
C_301,Gastroenterology,1000,RTF,NORTHUMBRIA HEALTHCARE NHS FOUNDATION TRUST,0,29,96.51798267077903,balanced
C_301,Gastroenterology,1000,RR8,LEEDS TEACHING HOSPITALS NHS TRUST,0,22,87.88095925217536,balanced
C_301,Gastroenterology,1000,REF,ROYAL CORNWALL HOSPITALS NHS TRUST,0,29,91.00767224193368,balanced
C_301,Gastroenterology,1000,R0B,SOUTH TYNESIDE AND SUNDERLAND NHS FOUNDATION TRUST,0,29,95.14766139728427,balanced
C_301,Gastroenterology,1000,RJC,SOUTH WARWICKSHIRE UNIVERSITY NHS FOUNDATION TRUST,0,2,72.13610666874384,balanced
C_301,Gastroenterology,1000,RTR,SOUTH TEES HOSPITALS NHS FOUNDATION TRUST,0,28,89.36079049384556,balanced
C_301,Gastroenterology,1000,RHW,ROYAL BERKSHIRE NHS FOUNDATION TRUST,0,11,79.60647800050747,balanced
C_301,Gastroenterology,1000,RXF,MID YORKSHIRE TEACHING NHS TRUST,0,1,76.29546763650953,balanced
C_301,Gastroenterology,1000,RRV,UNIVERSITY COLLEGE LONDON HOSPITALS NHS FOUNDATION TRUST,0,10,78.24966283012868,balanced
C_301,Gastroenterology,1000,RWD,UNITED LINCOLNSHIRE TEACHING HOSPITALS NHS TRUST,8,0,52.52215111361698,balanced
C_301,Gastroenterology,1000,RTE,GLOUCESTERSHIRE HOSPITALS NHS FOUNDATION TRUST,0,28,85.82676644318701,balanced
C_301,Gastroenterology,1000,RJN,EAST CHESHIRE NHS TRUST,11,0,49.88624846127591,balanced
C_301,Gastroenterology,1000,RNS,NORTHAMPTON GENERAL HOSPITAL NHS TRUST,0,12,77.21497136815665,balanced
C_301,Gastroenterology,1000,RYR,UNIVERSITY HOSPITALS SUSSEX NHS FOUNDATION TRUST,14,0,49.66541926042657,balanced
C_301,Gastroenterology,1000,RN3,GREAT WESTERN HOSPITALS NHS FOUNDATION TRUST,4,0,57.80141543193973,balanced
C_301,Gastroenterology,1000,RJ6,CROYDON HEALTH SERVICES NHS TRUST,0,4,75.9325617559939,balanced
C_301,Gastroenterology,1000,R1K,LONDON NORTH WEST UNIVERSITY HEALTHCARE NHS TRUST,5,0,60.641546123346394,balanced
C_301,Gastroenterology,1000,RHU,PORTSMOUTH HOSPITALS UNIVERSITY NHS TRUST,9,0,53.53234118221341,balanced
C_301,Gastroenterology,1000,RPA,MEDWAY NHS FOUNDATION TRUST,4,0,52.223307343631134,balanced
C_301,Gastroenterology,1000,RWY,CALDERDALE AND HUDDERSFIELD NHS FOUNDATION TRUST,0,2,73.67845329456604,balanced
C_301,Gastroenterology,1000,RWJ,STOCKPORT NHS FOUNDATION TRUST,7,0,55.06827958654098,balanced
C_301,Gastroenterology,1000,RXW,THE SHREWSBURY AND TELFORD HOSPITAL NHS TRUST,3,1,62.84688958971047,balanced
C_301,Gastroenterology,1000,R1H,BARTS HEALTH NHS TRUST,4,0,54.13658218740918,balanced
C_301,Gastroenterology,1000,RHM,UNIVERSITY HOSPITAL SOUTHAMPTON NHS FOUNDATION TRUST,0,5,76.74179063182456,balanced
C_301,Gastroenterology,1000,RAX,KINGSTON AND RICHMOND NHS FOUNDATION TRUST,7,0,53.80015954303806,balanced
C_301,Gastroenterology,1000,RTK,ASHFORD AND ST PETER'S HOSPITALS NHS FOUNDATION TRUST,15,0,47.17392879212054,balanced
C_301,Gastroenterology,1000,RQW,THE PRINCESS ALEXANDRA HOSPITAL NHS TRUST,11,0,52.23913579735164,balanced
C_301,Gastroenterology,1000,RLQ,WYE VALLEY NHS TRUST,3,0,57.58222828865971,balanced
C_301,Gastroenterology,1000,RYJ,IMPERIAL COLLEGE HEALTHCARE NHS TRUST,0,19,82.51018804018317,balanced
C_301,Gastroenterology,1000,RRF,"WRIGHTINGTON, WIGAN AND LEIGH TEACHING HOSPITALS NHS FOUNDATION TRUST",2,0,54.84246666379082,balanced
C_301,Gastroenterology,1000,RD1,ROYAL UNITED HOSPITALS BATH NHS FOUNDATION TRUST,3,2,58.21704771427972,balanced
C_301,Gastroenterology,1000,RX1,NOTTINGHAM UNIVERSITY HOSPITALS NHS TRUST,3,0,59.40031777535792,balanced
C_301,Gastroenterology,1000,RBN,MERSEY AND WEST LANCASHIRE TEACHING HOSPITALS NHS TRUST,0,5,72.59580507102233,balanced
C_301,Gastroenterology,1000,RAJ,MID AND SOUTH ESSEX NHS FOUNDATION TRUST,14,0,51.06733890606408,balanced
C_301,Gastroenterology,1000,RWA,HULL UNIVERSITY TEACHING HOSPITALS NHS TRUST,7,0,53.26629174275413,balanced
C_301,Gastroenterology,1000,RBK,WALSALL HEALTHCARE NHS TRUST,0,9,77.13788484702587,balanced
C_301,Gastroenterology,1000,RGT,CAMBRIDGE UNIVERSITY HOSPITALS NHS FOUNDATION TRUST,0,8,78.62891315624745,balanced
C_301,Gastroenterology,1000,RNN,NORTH CUMBRIA INTEGRATED CARE NHS FOUNDATION TRUST,8,0,53.21248291622558,balanced
C_301,Gastroenterology,1000,RXC,EAST SUSSEX HEALTHCARE NHS TRUST,0,2,67.1794662024208,balanced
C_301,Gastroenterology,1000,RXK,SANDWELL AND WEST BIRMINGHAM HOSPITALS NHS TRUST,10,0,53.33011837435724,balanced
C_301,Gastroenterology,1000,RQM,CHELSEA AND WESTMINSTER HOSPITAL NHS FOUNDATION TRUST,0,7,79.45778036082207,balanced
C_301,Gastroenterology,1000,RCX,"THE QUEEN ELIZABETH HOSPITAL, KING'S LYNN, NHS FOUNDATION TRUST",8,0,54.37487470760059,balanced
C_301,Gastroenterology,1000,R0D,UNIVERSITY HOSPITALS DORSET NHS FOUNDATION TRUST,0,6,75.85047764601968,balanced
C_301,Gastroenterology,1000,RVR,EPSOM AND ST HELIER UNIVERSITY HOSPITALS NHS TRUST,2,0,58.697652249477926,balanced
C_301,Gastroenterology,1000,RA2,ROYAL SURREY NHS FOUNDATION TRUST,4,0,59.85373324476082,balanced
C_301,Gastroenterology,1000,RH8,ROYAL DEVON UNIVERSITY HEALTHCARE NHS FOUNDATION TRUST,0,2,73.92026839217678,balanced
C_301,Gastroenterology,1000,RM3,NORTHERN CARE ALLIANCE NHS FOUNDATION TRUST,3,0,57.371550300471405,balanced
C_301,Gastroenterology,1000,RMP,TAMESIDE AND GLOSSOP INTEGRATED CARE NHS FOUNDATION TRUST,0,3,69.95707374594211,balanced
C_130,Ophthalmology,1000,RD8,MILTON KEYNES UNIVERSITY HOSPITAL NHS FOUNDATION TRUST,29,0,41.25780111174927,balanced
C_130,Ophthalmology,1000,RWH,EAST AND NORTH HERTFORDSHIRE TEACHING NHS TRUST,7,0,63.54724310381873,balanced
C_130,Ophthalmology,1000,RJZ,KING'S COLLEGE HOSPITAL NHS FOUNDATION TRUST,5,0,57.53155369437014,balanced
C_130,Ophthalmology,1000,RGN,NORTH WEST ANGLIA NHS FOUNDATION TRUST,26,0,50.91980220065687,balanced
C_130,Ophthalmology,1000,RWJ,STOCKPORT NHS FOUNDATION TRUST,2,5,70.23056068621831,balanced
C_130,Ophthalmology,1000,RM3,NORTHERN CARE ALLIANCE NHS FOUNDATION TRUST,28,0,48.15243706393002,balanced
C_130,Ophthalmology,1000,RXL,BLACKPOOL TEACHING HOSPITALS NHS FOUNDATION TRUST,7,0,57.3094591075202,balanced
C_130,Ophthalmology,1000,RFS,CHESTERFIELD ROYAL HOSPITAL NHS FOUNDATION TRUST,1,0,65.17573908713243,balanced
C_130,Ophthalmology,1000,RYR,UNIVERSITY HOSPITALS SUSSEX NHS FOUNDATION TRUST,29,0,51.128442835796605,balanced
C_130,Ophthalmology,1000,RBD,DORSET COUNTY HOSPITAL NHS FOUNDATION TRUST,2,0,64.06589676601956,balanced
C_130,Ophthalmology,1000,RJE,UNIVERSITY HOSPITALS OF NORTH MIDLANDS NHS TRUST,6,0,57.070461159463115,balanced
C_130,Ophthalmology,1000,AAV,COMMUNITY HEALTH AND EYECARE LIMITED,0,29,95.72681714379851,balanced
C_130,Ophthalmology,1000,RNS,NORTHAMPTON GENERAL HOSPITAL NHS TRUST,0,22,86.07990046391072,balanced
C_130,Ophthalmology,1000,RWY,CALDERDALE AND HUDDERSFIELD NHS FOUNDATION TRUST,0,29,88.53144549507405,balanced
C_130,Ophthalmology,1000,RVR,EPSOM AND ST HELIER UNIVERSITY HOSPITALS NHS TRUST,0,27,89.39749309019926,balanced
C_130,Ophthalmology,1000,RHW,ROYAL BERKSHIRE NHS FOUNDATION TRUST,0,16,81.51836829203577,balanced
C_130,Ophthalmology,1000,RP6,MOORFIELDS EYE HOSPITAL NHS FOUNDATION TRUST,0,28,83.14303721659634,balanced
C_130,Ophthalmology,1000,RFF,BARNSLEY HOSPITAL NHS FOUNDATION TRUST,0,20,83.00560571674619,balanced
C_130,Ophthalmology,1000,RJC,SOUTH WARWICKSHIRE UNIVERSITY NHS FOUNDATION TRUST,0,19,81.80233125413608,balanced
C_130,Ophthalmology,1000,RWF,MAIDSTONE AND TUNBRIDGE WELLS NHS TRUST,0,7,78.84201429885883,balanced
C_130,Ophthalmology,1000,RR8,LEEDS TEACHING HOSPITALS NHS TRUST,0,4,78.60746536256264,balanced
C_130,Ophthalmology,1000,RTX,UNIVERSITY HOSPITALS OF MORECAMBE BAY NHS FOUNDATION TRUST,0,2,77.10234108632122,balanced
C_130,Ophthalmology,1000,RRK,UNIVERSITY HOSPITALS BIRMINGHAM NHS FOUNDATION TRUST,25,0,49.6880453262047,balanced
C_130,Ophthalmology,1000,RBL,WIRRAL UNIVERSITY TEACHING HOSPITAL NHS FOUNDATION TRUST,11,0,54.94430776433791,balanced
C_130,Ophthalmology,1000,RAJ,MID AND SOUTH ESSEX NHS FOUNDATION TRUST,10,0,55.18050859447167,balanced
C_130,Ophthalmology,1000,RRF,"WRIGHTINGTON, WIGAN AND LEIGH TEACHING HOSPITALS NHS FOUNDATION TRUST",2,9,71.31375898602182,balanced
C_130,Ophthalmology,1000,RK5,SHERWOOD FOREST HOSPITALS NHS FOUNDATION TRUST,4,1,65.7050278986019,balanced
C_130,Ophthalmology,1000,RXQ,BUCKINGHAMSHIRE HEALTHCARE NHS TRUST,1,0,64.42426219924764,balanced
C_130,Ophthalmology,1000,RLQ,WYE VALLEY NHS TRUST,3,0,61.76172545350076,balanced
C_130,Ophthalmology,1000,RJN,EAST CHESHIRE NHS TRUST,4,9,72.33605570738864,balanced
C_130,Ophthalmology,1000,RQW,THE PRINCESS ALEXANDRA HOSPITAL NHS TRUST,6,0,62.132089725092925,balanced
C_130,Ophthalmology,1000,RVV,EAST KENT HOSPITALS UNIVERSITY NHS FOUNDATION TRUST,8,0,55.70297769447485,balanced
C_130,Ophthalmology,1000,RKE,WHITTINGTON HEALTH NHS TRUST,0,3,74.38519074863576,balanced
C_130,Ophthalmology,1000,RXW,THE SHREWSBURY AND TELFORD HOSPITAL NHS TRUST,12,0,59.31115623899961,balanced
C_130,Ophthalmology,1000,RC9,BEDFORDSHIRE HOSPITALS NHS FOUNDATION TRUST,1,0,62.69291266514378,balanced
C_130,Ophthalmology,1000,R0D,UNIVERSITY HOSPITALS DORSET NHS FOUNDATION TRUST,0,5,74.47895705017773,balanced
C_130,Ophthalmology,1000,R1K,LONDON NORTH WEST UNIVERSITY HEALTHCARE NHS TRUST,6,10,66.48698110696071,balanced
C_130,Ophthalmology,1000,RGT,CAMBRIDGE UNIVERSITY HOSPITALS NHS FOUNDATION TRUST,12,0,56.589920634383255,balanced
C_130,Ophthalmology,1000,RD1,ROYAL UNITED HOSPITALS BATH NHS FOUNDATION TRUST,0,10,79.75466066268562,balanced
C_130,Ophthalmology,1000,RTH,OXFORD UNIVERSITY HOSPITALS NHS FOUNDATION TRUST,19,0,53.91783698251579,balanced
C_130,Ophthalmology,1000,RWD,UNITED LINCOLNSHIRE TEACHING HOSPITALS NHS TRUST,1,0,60.969516774669174,balanced
C_130,Ophthalmology,1000,RFR,THE ROTHERHAM NHS FOUNDATION TRUST,0,19,83.06715606516023,balanced
C_130,Ophthalmology,1000,RTG,UNIVERSITY HOSPITALS OF DERBY AND BURTON NHS FOUNDATION TRUST,8,0,57.28601908064881,balanced
C_130,Ophthalmology,1000,RKB,UNIVERSITY HOSPITALS COVENTRY AND WARWICKSHIRE NHS TRUST,17,0,54.519366551869496,balanced
C_130,Ophthalmology,1000,RWW,NORTH CHESHIRE AND MERSEY NHS FOUNDATION TRUST,0,17,80.08871439952212,balanced
C_130,Ophthalmology,1000,RTK,ASHFORD AND ST PETER'S HOSPITALS NHS FOUNDATION TRUST,2,0,60.605337464586775,balanced
C_130,Ophthalmology,1000,RCX,"THE QUEEN ELIZABETH HOSPITAL, KING'S LYNN, NHS FOUNDATION TRUST",0,1,70.08812425098242,balanced
C_130,Ophthalmology,1000,RGR,WEST SUFFOLK NHS FOUNDATION TRUST,3,0,59.35732774133204,balanced
C_130,Ophthalmology,1000,RGP,JAMES PAGET UNIVERSITY HOSPITALS NHS FOUNDATION TRUST,5,0,61.28287368724488,balanced
C_130,Ophthalmology,1000,R0B,SOUTH TYNESIDE AND SUNDERLAND NHS FOUNDATION TRUST,0,8,77.3111038930001,balanced
C_130,Ophthalmology,1000,RJR,COUNTESS OF CHESTER HOSPITAL NHS FOUNDATION TRUST,2,0,61.90157271311146,balanced
C_130,Ophthalmology,1000,RTD,THE NEWCASTLE UPON TYNE HOSPITALS NHS FOUNDATION TRUST,0,5,76.1188599336757,balanced
C_130,Ophthalmology,1000,RN5,HAMPSHIRE HOSPITALS NHS FOUNDATION TRUST,0,8,72.19835445046068,balanced
C_130,Ophthalmology,1000,RQM,CHELSEA AND WESTMINSTER HOSPITAL NHS FOUNDATION TRUST,5,0,61.056715305328,balanced
C_130,Ophthalmology,1000,RNZ,SALISBURY NHS FOUNDATION TRUST,0,2,66.61848627903284,balanced
C_130,Ophthalmology,1000,RL4,THE ROYAL WOLVERHAMPTON NHS TRUST,1,0,64.59502405108579,balanced
C_130,Ophthalmology,1000,RN3,GREAT WESTERN HOSPITALS NHS FOUNDATION TRUST,3,0,61.9351556729958,balanced
C_130,Ophthalmology,1000,RHU,PORTSMOUTH HOSPITALS UNIVERSITY NHS TRUST,3,0,63.6973922963815,balanced
C_130,Ophthalmology,1000,R1F,ISLE OF WIGHT NHS TRUST,3,0,63.001968908978704,balanced
C_130,Ophthalmology,1000,RTP,SURREY AND SUSSEX HEALTHCARE NHS TRUST,0,1,71.11367338513554,balanced
C_130,Ophthalmology,1000,RTE,GLOUCESTERSHIRE HOSPITALS NHS FOUNDATION TRUST,0,3,71.00455234663949,balanced
C_120,"Ear, Nose and Throat",1000,RGP,JAMES PAGET UNIVERSITY HOSPITALS NHS FOUNDATION TRUST,16,0,39.6893750571596,balanced
C_120,"Ear, Nose and Throat",1000,RAS,THE HILLINGDON HOSPITALS NHS FOUNDATION TRUST,23,0,30.89790152756862,balanced
C_120,"Ear, Nose and Throat",1000,RYR,UNIVERSITY HOSPITALS SUSSEX NHS FOUNDATION TRUST,10,0,43.50119371805848,balanced
C_120,"Ear, Nose and Throat",1000,RWW,NORTH CHESHIRE AND MERSEY NHS FOUNDATION TRUST,1,0,55.53316819697263,balanced
C_120,"Ear, Nose and Throat",1000,R1F,ISLE OF WIGHT NHS TRUST,7,0,44.79465809233753,balanced
C_120,"Ear, Nose and Throat",1000,R1K,LONDON NORTH WEST UNIVERSITY HEALTHCARE NHS TRUST,21,0,38.99932018006536,balanced
C_120,"Ear, Nose and Throat",1000,RMC,BOLTON NHS FOUNDATION TRUST,8,0,45.02616240067642,balanced
C_120,"Ear, Nose and Throat",1000,RXK,SANDWELL AND WEST BIRMINGHAM HOSPITALS NHS TRUST,14,0,40.972596068074886,balanced
C_120,"Ear, Nose and Throat",1000,RRK,UNIVERSITY HOSPITALS BIRMINGHAM NHS FOUNDATION TRUST,10,0,42.0441433356477,balanced
C_120,"Ear, Nose and Throat",1000,RKB,UNIVERSITY HOSPITALS COVENTRY AND WARWICKSHIRE NHS TRUST,9,0,43.87207921559207,balanced
C_120,"Ear, Nose and Throat",1000,RJR,COUNTESS OF CHESTER HOSPITAL NHS FOUNDATION TRUST,21,0,39.56159486860115,balanced
C_120,"Ear, Nose and Throat",1000,RHW,ROYAL BERKSHIRE NHS FOUNDATION TRUST,0,29,78.64548563821526,balanced
C_120,"Ear, Nose and Throat",1000,RTX,UNIVERSITY HOSPITALS OF MORECAMBE BAY NHS FOUNDATION TRUST,0,7,66.15001914917936,balanced
C_120,"Ear, Nose and Throat",1000,RWF,MAIDSTONE AND TUNBRIDGE WELLS NHS TRUST,0,6,61.6716286138144,balanced
C_120,"Ear, Nose and Throat",1000,RVR,EPSOM AND ST HELIER UNIVERSITY HOSPITALS NHS TRUST,0,25,70.27285212441039,balanced
C_120,"Ear, Nose and Throat",1000,R0B,SOUTH TYNESIDE AND SUNDERLAND NHS FOUNDATION TRUST,0,29,77.87228453711404,balanced
C_120,"Ear, Nose and Throat",1000,RNQ,KETTERING GENERAL HOSPITAL NHS FOUNDATION TRUST,1,14,64.4526802436208,balanced
C_120,"Ear, Nose and Throat",1000,RFF,BARNSLEY HOSPITAL NHS FOUNDATION TRUST,0,25,73.55126735492613,balanced
C_120,"Ear, Nose and Throat",1000,REF,ROYAL CORNWALL HOSPITALS NHS TRUST,0,29,74.35727139586798,balanced
C_120,"Ear, Nose and Throat",1000,RQX,HOMERTON HEALTHCARE NHS FOUNDATION TRUST,0,16,66.3385589530778,balanced
C_120,"Ear, Nose and Throat",1000,RCX,"THE QUEEN ELIZABETH HOSPITAL, KING'S LYNN, NHS FOUNDATION TRUST",0,5,57.49985790650575,balanced
C_120,"Ear, Nose and Throat",1000,RXN,LANCASHIRE TEACHING HOSPITALS NHS FOUNDATION TRUST,0,5,62.54374825788741,balanced
C_120,"Ear, Nose and Throat",1000,RXW,THE SHREWSBURY AND TELFORD HOSPITAL NHS TRUST,15,0,43.56685808157596,balanced
C_120,"Ear, Nose and Throat",1000,RPA,MEDWAY NHS FOUNDATION TRUST,16,5,43.97736539167553,balanced
C_120,"Ear, Nose and Throat",1000,DXV,OMNES HEALTHCARE LTD,0,22,77.76701329558335,balanced
C_120,"Ear, Nose and Throat",1000,RQW,THE PRINCESS ALEXANDRA HOSPITAL NHS TRUST,9,0,40.49041749097841,balanced
C_120,"Ear, Nose and Throat",1000,R0A,MANCHESTER UNIVERSITY NHS FOUNDATION TRUST,4,0,45.68705557534758,balanced
C_120,"Ear, Nose and Throat",1000,RXC,EAST SUSSEX HEALTHCARE NHS TRUST,6,0,47.34576223894126,balanced
C_120,"Ear, Nose and Throat",1000,RX1,NOTTINGHAM UNIVERSITY HOSPITALS NHS TRUST,1,0,49.61692258345779,balanced
C_120,"Ear, Nose and Throat",1000,RBD,DORSET COUNTY HOSPITAL NHS FOUNDATION TRUST,4,0,47.24935622100258,balanced
C_120,"Ear, Nose and Throat",1000,RWD,UNITED LINCOLNSHIRE TEACHING HOSPITALS NHS TRUST,11,0,41.50851005678503,balanced
C_120,"Ear, Nose and Throat",1000,RBN,MERSEY AND WEST LANCASHIRE TEACHING HOSPITALS NHS TRUST,0,2,60.607735287782745,balanced
C_120,"Ear, Nose and Throat",1000,RFS,CHESTERFIELD ROYAL HOSPITAL NHS FOUNDATION TRUST,1,3,56.713171361294854,balanced
C_120,"Ear, Nose and Throat",1000,RD8,MILTON KEYNES UNIVERSITY HOSPITAL NHS FOUNDATION TRUST,5,0,46.497434132145976,balanced
C_120,"Ear, Nose and Throat",1000,REM,LIVERPOOL UNIVERSITY HOSPITALS NHS FOUNDATION TRUST,13,0,41.316906716951465,balanced
C_120,"Ear, Nose and Throat",1000,RTE,GLOUCESTERSHIRE HOSPITALS NHS FOUNDATION TRUST,1,0,49.2385492506034,balanced
C_120,"Ear, Nose and Throat",1000,RXL,BLACKPOOL TEACHING HOSPITALS NHS FOUNDATION TRUST,0,2,59.18659103383045,balanced
C_120,"Ear, Nose and Throat",1000,RA7,UNIVERSITY HOSPITALS BRISTOL AND WESTON NHS FOUNDATION TRUST,0,9,63.795894715757164,balanced
C_120,"Ear, Nose and Throat",1000,RLT,GEORGE ELIOT HOSPITAL NHS TRUST,20,0,37.13267960910025,balanced
C_120,"Ear, Nose and Throat",1000,RWA,HULL UNIVERSITY TEACHING HOSPITALS NHS TRUST,8,0,41.579012736011705,balanced
C_120,"Ear, Nose and Throat",1000,RAJ,MID AND SOUTH ESSEX NHS FOUNDATION TRUST,21,0,37.51543519399525,balanced
C_120,"Ear, Nose and Throat",1000,RNZ,SALISBURY NHS FOUNDATION TRUST,0,11,63.987580989411676,balanced
C_120,"Ear, Nose and Throat",1000,RYJ,IMPERIAL COLLEGE HEALTHCARE NHS TRUST,0,1,60.195926364707496,balanced
C_120,"Ear, Nose and Throat",1000,RWP,WORCESTERSHIRE ACUTE HOSPITALS NHS TRUST,3,0,43.492286406256255,balanced
C_120,"Ear, Nose and Throat",1000,RJ1,GUY'S AND ST THOMAS' NHS FOUNDATION TRUST,6,0,44.530083963176715,balanced
C_120,"Ear, Nose and Throat",1000,RXQ,BUCKINGHAMSHIRE HEALTHCARE NHS TRUST,0,1,56.982228423035984,balanced
C_120,"Ear, Nose and Throat",1000,RMP,TAMESIDE AND GLOSSOP INTEGRATED CARE NHS FOUNDATION TRUST,0,15,67.09886664152295,balanced
C_120,"Ear, Nose and Throat",1000,RCD,HARROGATE AND DISTRICT NHS FOUNDATION TRUST,0,15,68.00527981447819,balanced
C_120,"Ear, Nose and Throat",1000,RTK,ASHFORD AND ST PETER'S HOSPITALS NHS FOUNDATION TRUST,2,0,48.69937735427404,balanced
C_120,"Ear, Nose and Throat",1000,RGT,CAMBRIDGE UNIVERSITY HOSPITALS NHS FOUNDATION TRUST,8,0,43.588834014180826,balanced
C_120,"Ear, Nose and Throat",1000,RFR,THE ROTHERHAM NHS FOUNDATION TRUST,0,12,59.43106554495315,balanced
C_120,"Ear, Nose and Throat",1000,RXR,EAST LANCASHIRE HOSPITALS NHS TRUST,0,12,65.74395428597026,balanced
C_120,"Ear, Nose and Throat",1000,RM1,NORFOLK AND NORWICH UNIVERSITY HOSPITALS NHS FOUNDATION TRUST,4,1,49.05680396942186,balanced
C_120,"Ear, Nose and Throat",1000,RD1,ROYAL UNITED HOSPITALS BATH NHS FOUNDATION TRUST,1,0,49.15768530148035,balanced
C_120,"Ear, Nose and Throat",1000,RTD,THE NEWCASTLE UPON TYNE HOSPITALS NHS FOUNDATION TRUST,0,11,64.90144981531708,balanced
C_120,"Ear, Nose and Throat",1000,RWE,UNIVERSITY HOSPITALS OF LEICESTER NHS TRUST,2,0,47.300846575536696,balanced
C_120,"Ear, Nose and Throat",1000,RJ6,CROYDON HEALTH SERVICES NHS TRUST,6,0,50.86968931779247,balanced
C_120,"Ear, Nose and Throat",1000,RL4,THE ROYAL WOLVERHAMPTON NHS TRUST,1,0,44.45080288161377,balanced
C_120,"Ear, Nose and Throat",1000,RXP,COUNTY DURHAM AND DARLINGTON NHS FOUNDATION TRUST,0,3,54.478516644353114,balanced
C_120,"Ear, Nose and Throat",1000,RGR,WEST SUFFOLK NHS FOUNDATION TRUST,0,2,60.043571991863615,balanced
C_120,"Ear, Nose and Throat",1000,RWG,WEST HERTFORDSHIRE TEACHING HOSPITALS NHS TRUST,4,0,45.130773482219055,balanced
C_120,"Ear, Nose and Throat",1000,RJN,EAST CHESHIRE NHS TRUST,0,1,50.46557032681272,balanced
C_120,"Ear, Nose and Throat",1000,RR8,LEEDS TEACHING HOSPITALS NHS TRUST,2,0,52.097014206072856,balanced
C_120,"Ear, Nose and Throat",1000,R1H,BARTS HEALTH NHS TRUST,3,0,47.26148580046534,balanced
C_120,"Ear, Nose and Throat",1000,RVV,EAST KENT HOSPITALS UNIVERSITY NHS FOUNDATION TRUST,1,0,48.01604127086769,balanced
C_120,"Ear, Nose and Throat",1000,RK9,UNIVERSITY HOSPITALS PLYMOUTH NHS TRUST,0,1,60.8759972752709,balanced
C_110,Trauma and Orthopaedics,1000,REF,ROYAL CORNWALL HOSPITALS NHS TRUST,10,0,44.76074353409608,balanced
C_110,Trauma and Orthopaedics,1000,RAS,THE HILLINGDON HOSPITALS NHS FOUNDATION TRUST,16,0,43.71914987555434,balanced
C_110,Trauma and Orthopaedics,1000,RQW,THE PRINCESS ALEXANDRA HOSPITAL NHS TRUST,19,0,43.319114439057,balanced
C_110,Trauma and Orthopaedics,1000,RD8,MILTON KEYNES UNIVERSITY HOSPITAL NHS FOUNDATION TRUST,24,0,40.33630956101979,balanced
C_110,Trauma and Orthopaedics,1000,RGP,JAMES PAGET UNIVERSITY HOSPITALS NHS FOUNDATION TRUST,16,0,45.67487974571602,balanced
C_110,Trauma and Orthopaedics,1000,RM1,NORFOLK AND NORWICH UNIVERSITY HOSPITALS NHS FOUNDATION TRUST,27,0,39.74354052504425,balanced
C_110,Trauma and Orthopaedics,1000,RYR,UNIVERSITY HOSPITALS SUSSEX NHS FOUNDATION TRUST,25,0,41.63943352478161,balanced
C_110,Trauma and Orthopaedics,1000,RNS,NORTHAMPTON GENERAL HOSPITAL NHS TRUST,9,0,45.73762793117186,balanced
C_110,Trauma and Orthopaedics,1000,RWH,EAST AND NORTH HERTFORDSHIRE TEACHING NHS TRUST,12,0,44.93273590107053,balanced
C_110,Trauma and Orthopaedics,1000,RTH,OXFORD UNIVERSITY HOSPITALS NHS FOUNDATION TRUST,7,0,47.33030965088664,balanced
C_110,Trauma and Orthopaedics,1000,RXW,THE SHREWSBURY AND TELFORD HOSPITAL NHS TRUST,13,0,43.867102072141385,balanced
C_110,Trauma and Orthopaedics,1000,RL1,THE ROBERT JONES AND AGNES HUNT ORTHOPAEDIC HOSPITAL NHS FOUNDATION TRUST,15,0,43.65912545099092,balanced
C_110,Trauma and Orthopaedics,1000,RBD,DORSET COUNTY HOSPITAL NHS FOUNDATION TRUST,18,0,43.8713479554983,balanced
C_110,Trauma and Orthopaedics,1000,RGR,WEST SUFFOLK NHS FOUNDATION TRUST,3,0,47.22545444866393,balanced
C_110,Trauma and Orthopaedics,1000,R1K,LONDON NORTH WEST UNIVERSITY HEALTHCARE NHS TRUST,18,0,44.09109227725971,balanced
C_110,Trauma and Orthopaedics,1000,RYY,KENT COMMUNITY HEALTH NHS FOUNDATION TRUST,0,29,99.87535569095154,balanced
C_110,Trauma and Orthopaedics,1000,NLX,SIRONA CARE & HEALTH,0,18,84.16075793535083,balanced
C_110,Trauma and Orthopaedics,1000,RW1,HAMPSHIRE AND ISLE OF WIGHT HEALTHCARE NHS FOUNDATION TRUST,0,29,91.44572953915173,balanced
C_110,Trauma and Orthopaedics,1000,RHW,ROYAL BERKSHIRE NHS FOUNDATION TRUST,0,29,84.67720567969128,balanced
C_110,Trauma and Orthopaedics,1000,NVC16,RENACRES HOSPITAL,2,10,70.59006262880722,balanced
C_110,Trauma and Orthopaedics,1000,NT403,BEARDWOOD HOSPITAL,0,22,80.07906411589727,balanced
C_110,Trauma and Orthopaedics,1000,RXP,COUNTY DURHAM AND DARLINGTON NHS FOUNDATION TRUST,0,29,82.01187869982873,balanced
C_110,Trauma and Orthopaedics,1000,RVW,NORTH TEES AND HARTLEPOOL NHS FOUNDATION TRUST,0,29,81.45075938411283,balanced
C_110,Trauma and Orthopaedics,1000,NTX,THE ONE HEALTH GROUP PLC,0,22,78.13254616423035,balanced
C_110,Trauma and Orthopaedics,1000,RWY,CALDERDALE AND HUDDERSFIELD NHS FOUNDATION TRUST,0,18,76.32863143539679,balanced
C_110,Trauma and Orthopaedics,1000,RJC,SOUTH WARWICKSHIRE UNIVERSITY NHS FOUNDATION TRUST,0,24,77.96740349502328,balanced
C_110,Trauma and Orthopaedics,1000,NVC18,SPRINGFIELD HOSPITAL,0,10,72.9120354253985,balanced
C_110,Trauma and Orthopaedics,1000,NVC19,RIVERS HOSPITAL,0,1,64.87306790775379,balanced
C_110,Trauma and Orthopaedics,1000,G3Z1Q,SULIS HOSPITAL BATH (FOXCOTE AVENUE),0,14,74.38616999380297,balanced
C_110,Trauma and Orthopaedics,1000,RWF,MAIDSTONE AND TUNBRIDGE WELLS NHS TRUST,0,13,74.98196698994055,balanced
C_110,Trauma and Orthopaedics,1000,NVC05,EUXTON HALL HOSPITAL,0,5,70.7672771331021,balanced
C_110,Trauma and Orthopaedics,1000,NT347,SPIRE FYLDE COAST HOSPITAL,0,24,80.62711651772723,balanced
C_110,Trauma and Orthopaedics,1000,H4I8B,NUFFIELD HEALTH THE HOLLY HOSPITAL,0,24,77.2511089029958,balanced
C_110,Trauma and Orthopaedics,1000,RR8,LEEDS TEACHING HOSPITALS NHS TRUST,6,0,47.80995292049609,balanced
C_110,Trauma and Orthopaedics,1000,R0A,MANCHESTER UNIVERSITY NHS FOUNDATION TRUST,12,0,46.14891297811015,balanced
C_110,Trauma and Orthopaedics,1000,RK9,UNIVERSITY HOSPITALS PLYMOUTH NHS TRUST,2,0,47.87578285380957,balanced
C_110,Trauma and Orthopaedics,1000,NTP13,PRACTICE PLUS GROUP HOSPITAL - BARLBOROUGH,0,3,71.36862456490566,balanced
C_110,Trauma and Orthopaedics,1000,RBT,MID CHESHIRE HOSPITALS NHS FOUNDATION TRUST,22,0,41.99549015865618,balanced
C_110,Trauma and Orthopaedics,1000,NVC40,WOODTHORPE HOSPITAL,3,4,59.14068229191768,balanced
C_110,Trauma and Orthopaedics,1000,RC9,BEDFORDSHIRE HOSPITALS NHS FOUNDATION TRUST,19,0,44.1151892664606,balanced
C_110,Trauma and Orthopaedics,1000,RXQ,BUCKINGHAMSHIRE HEALTHCARE NHS TRUST,8,0,46.266662411179574,balanced
C_110,Trauma and Orthopaedics,1000,RJ6,CROYDON HEALTH SERVICES NHS TRUST,0,5,71.4106109757077,balanced
C_110,Trauma and Orthopaedics,1000,RWP,WORCESTERSHIRE ACUTE HOSPITALS NHS TRUST,17,0,46.11828547558319,balanced
C_110,Trauma and Orthopaedics,1000,RDE,EAST SUFFOLK AND NORTH ESSEX NHS FOUNDATION TRUST,17,0,43.52569223038343,balanced
C_110,Trauma and Orthopaedics,1000,RTK,ASHFORD AND ST PETER'S HOSPITALS NHS FOUNDATION TRUST,0,1,68.32713824705677,balanced
C_110,Trauma and Orthopaedics,1000,NVC06,FITZWILLIAM HOSPITAL,7,0,47.94225040711709,balanced
C_110,Trauma and Orthopaedics,1000,RWE,UNIVERSITY HOSPITALS OF LEICESTER NHS TRUST,19,0,39.24349699908095,balanced
C_110,Trauma and Orthopaedics,1000,RAX,KINGSTON AND RICHMOND NHS FOUNDATION TRUST,1,0,56.664471023883046,balanced
C_110,Trauma and Orthopaedics,1000,RAJ,MID AND SOUTH ESSEX NHS FOUNDATION TRUST,18,0,40.47807941676996,balanced
C_110,Trauma and Orthopaedics,1000,RDR,SUSSEX COMMUNITY NHS FOUNDATION TRUST,0,3,66.9966607874754,balanced
C_110,Trauma and Orthopaedics,1000,NT422,LONDON INDEPENDENT HOSPITAL,0,10,71.53588057413039,balanced
C_110,Trauma and Orthopaedics,1000,RXC,EAST SUSSEX HEALTHCARE NHS TRUST,0,15,68.99518145046324,balanced
C_110,Trauma and Orthopaedics,1000,NTPH1,PRACTICE PLUS GROUP HOSPITAL - SHEPTON MALLET,0,1,65.97626504531213,balanced
C_110,Trauma and Orthopaedics,1000,RNN,NORTH CUMBRIA INTEGRATED CARE NHS FOUNDATION TRUST,4,0,51.23877835344403,balanced
C_110,Trauma and Orthopaedics,1000,NTPH5,PRACTICE PLUS GROUP HOSPITAL - PLYMOUTH,0,10,70.80708412102157,balanced
C_110,Trauma and Orthopaedics,1000,RRK,UNIVERSITY HOSPITALS BIRMINGHAM NHS FOUNDATION TRUST,0,12,70.01845404021928,balanced
C_110,Trauma and Orthopaedics,1000,RWW,NORTH CHESHIRE AND MERSEY NHS FOUNDATION TRUST,7,0,46.897095560622425,balanced
C_110,Trauma and Orthopaedics,1000,RJL,NORTHERN LINCOLNSHIRE AND GOOLE NHS FOUNDATION TRUST,1,0,51.4892563140445,balanced
C_110,Trauma and Orthopaedics,1000,R1D,SHROPSHIRE COMMUNITY HEALTH NHS TRUST,0,10,65.8836218757697,balanced
C_110,Trauma and Orthopaedics,1000,RDU,FRIMLEY HEALTH NHS FOUNDATION TRUST,1,0,48.31943534562024,balanced
C_110,Trauma and Orthopaedics,1000,RP5,DONCASTER AND BASSETLAW TEACHING HOSPITALS NHS FOUNDATION TRUST,2,0,52.759047140964356,balanced
C_110,Trauma and Orthopaedics,1000,RKE,WHITTINGTON HEALTH NHS TRUST,0,6,70.7582258391952,balanced
C_110,Trauma and Orthopaedics,1000,R0D,UNIVERSITY HOSPITALS DORSET NHS FOUNDATION TRUST,1,0,49.308991077055055,balanced
C_110,Trauma and Orthopaedics,1000,RX1,NOTTINGHAM UNIVERSITY HOSPITALS NHS TRUST,4,0,51.33622816345705,balanced
C_110,Trauma and Orthopaedics,1000,RVV,EAST KENT HOSPITALS UNIVERSITY NHS FOUNDATION TRUST,6,0,50.54047802595515,balanced
C_110,Trauma and Orthopaedics,1000,RJN,EAST CHESHIRE NHS TRUST,1,0,60.591597916892745,balanced
C_110,Trauma and Orthopaedics,1000,RFS,CHESTERFIELD ROYAL HOSPITAL NHS FOUNDATION TRUST,5,0,46.755005646680495,balanced
C_110,Trauma and Orthopaedics,1000,R1F,ISLE OF WIGHT NHS TRUST,6,0,49.2434671379752,balanced
C_110,Trauma and Orthopaedics,1000,RWD,UNITED LINCOLNSHIRE TEACHING HOSPITALS NHS TRUST,1,0,59.47514994583588,balanced
C_110,Trauma and Orthopaedics,1000,RAL,ROYAL FREE LONDON NHS FOUNDATION TRUST,1,0,53.652756766177575,balanced
C_110,Trauma and Orthopaedics,1000,RA7,UNIVERSITY HOSPITALS BRISTOL AND WESTON NHS FOUNDATION TRUST,0,1,65.91269441168363,balanced
C_110,Trauma and Orthopaedics,1000,REM,LIVERPOOL UNIVERSITY HOSPITALS NHS FOUNDATION TRUST,1,0,48.342490189871285,balanced
C_110,Trauma and Orthopaedics,1000,RTG,UNIVERSITY HOSPITALS OF DERBY AND BURTON NHS FOUNDATION TRUST,3,0,48.50012003873746,balanced
C_110,Trauma and Orthopaedics,1000,RXR,EAST LANCASHIRE HOSPITALS NHS TRUST,0,4,66.93233582111658,balanced
C_110,Trauma and Orthopaedics,1000,RCX,"THE QUEEN ELIZABETH HOSPITAL, KING'S LYNN, NHS FOUNDATION TRUST",2,0,57.38033393048495,balanced
C_110,Trauma and Orthopaedics,1000,RH8,ROYAL DEVON UNIVERSITY HEALTHCARE NHS FOUNDATION TRUST,2,0,47.27910606757468,balanced
C_110,Trauma and Orthopaedics,1000,RN3,GREAT WESTERN HOSPITALS NHS FOUNDATION TRUST,2,0,53.261805908144,balanced
