specialty_code,specialty,floor,lag_months,n_pairs,mean_spearman,min_spearman,max_spearman,mean_n_providers,panel
C_301,Gastroenterology,500,1,28,0.9733886990767724,0.9357482586840384,0.9830579537001555,110.0,balanced
C_301,Gastroenterology,500,2,27,0.9391949080022476,0.9078962198228253,0.9603453328223971,110.0,balanced
C_301,Gastroenterology,500,3,26,0.9020996360445902,0.8553028424588057,0.9364064648468319,110.0,balanced
C_301,Gastroenterology,500,4,25,0.8652527556747742,0.8153235804611951,0.9132430178301738,110.0,balanced
C_301,Gastroenterology,500,5,24,0.8306264980576907,0.779771431147578,0.8710276581836215,110.0,balanced
C_301,Gastroenterology,500,6,23,0.7984689552300243,0.7371142618849041,0.8437616933029778,110.0,balanced
C_301,Gastroenterology,500,7,22,0.768983161643712,0.713031129544891,0.8235556657575005,110.0,balanced
C_301,Gastroenterology,500,8,21,0.7430771889487485,0.6931587133421996,0.7918535716700854,110.0,balanced
C_301,Gastroenterology,500,9,20,0.7206784933390437,0.6705182246466651,0.7839100151026757,110.0,balanced
C_301,Gastroenterology,500,10,19,0.7027276167787998,0.6458490183260825,0.7732615017018687,110.0,balanced
C_301,Gastroenterology,500,11,18,0.6870324870324871,0.6278340058156572,0.7609088654960214,110.0,balanced
C_301,Gastroenterology,500,12,17,0.6705675503300975,0.5974122579627166,0.7733606834524266,110.0,balanced
C_301,Gastroenterology,500,13,16,0.6537587629330749,0.5436016500236684,0.771990171990172,110.0,balanced
C_301,Gastroenterology,500,14,15,0.6381453012645673,0.5066158735883506,0.759385073146541,110.0,balanced
C_301,Gastroenterology,500,15,14,0.6255006585281816,0.48703198611455495,0.7461037350945607,110.0,balanced
C_301,Gastroenterology,500,16,13,0.6159488416369151,0.4655997114712711,0.7196582737867142,110.0,balanced
C_301,Gastroenterology,500,17,12,0.6084131671287635,0.4805671392827356,0.693744787322769,110.0,balanced
C_301,Gastroenterology,500,18,11,0.6025885617211723,0.4941911052002795,0.6787773595113045,110.0,balanced
C_301,Gastroenterology,500,19,10,0.5976917701688345,0.4905213804296373,0.6786421116696346,110.0,balanced
C_301,Gastroenterology,500,20,9,0.593649362456702,0.48931316637738653,0.649293330027275,110.0,balanced
C_301,Gastroenterology,500,21,8,0.5876766674931813,0.5230079119987378,0.6343980343980343,110.0,balanced
C_301,Gastroenterology,500,22,7,0.5837728351489818,0.536108919595158,0.623163447016658,110.0,balanced
C_301,Gastroenterology,500,23,6,0.5777336969997521,0.5261456619254784,0.6164641705926109,110.0,balanced
C_301,Gastroenterology,500,24,5,0.5633766877803575,0.5217816649009309,0.595275342064333,110.0,balanced
C_301,Gastroenterology,500,25,4,0.5400175822194171,0.5084642607578387,0.5678921623875752,110.0,balanced
C_301,Gastroenterology,500,26,3,0.5195605947899525,0.4953903027297523,0.5426458986092013,110.0,balanced
C_301,Gastroenterology,500,27,2,0.5190271171922549,0.5087888555778465,0.5292653788066632,110.0,balanced
C_301,Gastroenterology,500,28,1,0.5140725379257489,0.5140725379257489,0.5140725379257489,110.0,balanced
C_130,Ophthalmology,500,1,28,0.9814887567181144,0.9636814462502535,0.9895949327141987,110.0,balanced
C_130,Ophthalmology,500,2,27,0.9562181030070939,0.9338006897639926,0.9756193224083132,110.0,balanced
C_130,Ophthalmology,500,3,26,0.9266061981658312,0.8945878322025111,0.9504181412438294,110.0,balanced
C_130,Ophthalmology,500,4,25,0.8963045781394405,0.8523454229876248,0.9277506029799608,110.0,balanced
C_130,Ophthalmology,500,5,24,0.8682960274703394,0.8288032820142912,0.9050469986249803,110.0,balanced
C_130,Ophthalmology,500,6,23,0.8414961939493253,0.7895363253161418,0.8920091066880058,110.0,balanced
C_130,Ophthalmology,500,7,22,0.8150866918173008,0.7599981966954444,0.8755449360953947,110.0,balanced
C_130,Ophthalmology,500,8,21,0.7872615854267229,0.7409733336338842,0.8450240064918964,110.0,balanced
C_130,Ophthalmology,500,9,20,0.760134797015531,0.725654261434078,0.8073078917115614,110.0,balanced
C_130,Ophthalmology,500,10,19,0.7372983887711073,0.7058269278452765,0.7686901246534275,110.0,balanced
C_130,Ophthalmology,500,11,18,0.716255538273887,0.6921037801771747,0.7424881094605865,110.0,balanced
C_130,Ophthalmology,500,12,17,0.6945960531497498,0.6759551878817934,0.7219935531862137,110.0,balanced
C_130,Ophthalmology,500,13,16,0.6729808624304037,0.6395464689042671,0.690850483511034,110.0,balanced
C_130,Ophthalmology,500,14,15,0.6498186927544726,0.6007844374816851,0.6775961950273877,110.0,balanced
C_130,Ophthalmology,500,15,14,0.6267726322772196,0.5824538466740301,0.662754998534815,110.0,balanced
C_130,Ophthalmology,500,16,13,0.6028839001316065,0.5534296598516781,0.6436219371999189,110.0,balanced
C_130,Ophthalmology,500,17,12,0.5792319425346948,0.5341613506751121,0.6279241710434371,110.0,balanced
C_130,Ophthalmology,500,18,11,0.5586559643273572,0.5157856772535672,0.612523950138629,110.0,balanced
C_130,Ophthalmology,500,19,10,0.5429299190767082,0.5054707751955458,0.6042287491828776,110.0,balanced
C_130,Ophthalmology,500,20,9,0.5294396982470375,0.4867344408628812,0.5963753578432477,110.0,balanced
C_130,Ophthalmology,500,21,8,0.5192784527646914,0.4846245745328314,0.5776750896016952,110.0,balanced
C_130,Ophthalmology,500,22,7,0.5111486083963148,0.47948515654937673,0.554574758244483,110.0,balanced
C_130,Ophthalmology,500,23,6,0.5091961018566523,0.47916957825214707,0.5535198250794582,110.0,balanced
C_130,Ophthalmology,500,24,5,0.5065347248833488,0.4841647318711539,0.521763631855375,110.0,balanced
C_130,Ophthalmology,500,25,4,0.5106372427473345,0.5025854879065887,0.5180848905619548,110.0,balanced
C_130,Ophthalmology,500,26,3,0.5177963618330591,0.5117372585262493,0.5240448121182065,110.0,balanced
C_130,Ophthalmology,500,27,2,0.5304059689380791,0.5292834118522192,0.531528526023939,110.0,balanced
C_130,Ophthalmology,500,28,1,0.5391294547257849,0.5391294547257849,0.5391294547257849,110.0,balanced
C_120,"Ear, Nose and Throat",500,1,28,0.970376402722852,0.9121767481419981,0.9858650088090563,114.0,balanced
C_120,"Ear, Nose and Throat",500,2,27,0.9312208099231449,0.8082339361292806,0.9634839310666048,114.0,balanced
C_120,"Ear, Nose and Throat",500,3,26,0.8884338884622396,0.7676758267349791,0.9258419230068246,114.0,balanced
C_120,"Ear, Nose and Throat",500,4,25,0.8475792713796806,0.701034810959681,0.9019946943156276,114.0,balanced
C_120,"Ear, Nose and Throat",500,5,24,0.8137613657074584,0.6621534598327292,0.8724934691480529,114.0,balanced
C_120,"Ear, Nose and Throat",500,6,23,0.7812839474432607,0.6062777181507057,0.8482493266641016,114.0,balanced
C_120,"Ear, Nose and Throat",500,7,22,0.750212356243016,0.5800328061400135,0.8287438488487475,114.0,balanced
C_120,"Ear, Nose and Throat",500,8,21,0.7230826199781872,0.5658492132601609,0.7974119600656124,114.0,balanced
C_120,"Ear, Nose and Throat",500,9,20,0.7001417549259836,0.5398392094125272,0.7701383123063528,114.0,balanced
C_120,"Ear, Nose and Throat",500,10,19,0.6789849920968966,0.5265466474960006,0.754917883396448,114.0,balanced
C_120,"Ear, Nose and Throat",500,11,18,0.6585420843374308,0.5103865859338613,0.7287944756080273,114.0,balanced
C_120,"Ear, Nose and Throat",500,12,17,0.6377854306907754,0.5010793625078472,0.7071667240436607,114.0,balanced
C_120,"Ear, Nose and Throat",500,13,16,0.6160962718454467,0.5038496587756425,0.685976387679472,114.0,balanced
C_120,"Ear, Nose and Throat",500,14,15,0.5935305751874879,0.4922419554079504,0.6660172941009701,114.0,balanced
C_120,"Ear, Nose and Throat",500,15,14,0.571185562984028,0.4807152548551063,0.6517769992507241,114.0,balanced
C_120,"Ear, Nose and Throat",500,16,13,0.5508150908244063,0.4796946193880238,0.6295822279824224,114.0,balanced
C_120,"Ear, Nose and Throat",500,17,12,0.5273917768642461,0.4420364107652741,0.6111540876045444,114.0,balanced
C_120,"Ear, Nose and Throat",500,18,11,0.5070956624833622,0.4283226342115389,0.5947591178793463,114.0,balanced
C_120,"Ear, Nose and Throat",500,19,10,0.4917478382373788,0.4218343087422288,0.5712034993216015,114.0,balanced
C_120,"Ear, Nose and Throat",500,20,9,0.4747552477448592,0.4105830177598672,0.5324922541058302,114.0,balanced
C_120,"Ear, Nose and Throat",500,21,8,0.4719953018367389,0.40744010854377194,0.5353840545958972,114.0,balanced
C_120,"Ear, Nose and Throat",500,22,7,0.4756410070964252,0.40458070917964406,0.529308843482311,114.0,balanced
C_120,"Ear, Nose and Throat",500,23,6,0.4767204660361948,0.40651667645450684,0.5253316052732833,114.0,balanced
C_120,"Ear, Nose and Throat",500,24,5,0.48017739616451677,0.4223932281646787,0.5061096373098966,114.0,balanced
C_120,"Ear, Nose and Throat",500,25,4,0.47935440756566294,0.44580304165569756,0.5127356675644479,114.0,balanced
C_120,"Ear, Nose and Throat",500,26,3,0.47657061082872637,0.4494400680423645,0.5109455053563112,114.0,balanced
C_120,"Ear, Nose and Throat",500,27,2,0.48063830218100084,0.4705575018731902,0.4907191024888115,114.0,balanced
C_120,"Ear, Nose and Throat",500,28,1,0.44756890301937996,0.44756890301937996,0.44756890301937996,114.0,balanced
C_110,Trauma and Orthopaedics,500,1,28,0.9831350797289958,0.9608518186828326,0.9899283549187103,191.0,balanced
C_110,Trauma and Orthopaedics,500,2,27,0.9625041428943015,0.9245039955910719,0.9786649214659684,191.0,balanced
C_110,Trauma and Orthopaedics,500,3,26,0.9417890620006661,0.8714160236979883,0.9639552907136952,191.0,balanced
C_110,Trauma and Orthopaedics,500,4,25,0.920619102810085,0.8464590796362634,0.9513278451364011,191.0,balanced
C_110,Trauma and Orthopaedics,500,5,24,0.9027925632291245,0.8267532378065582,0.9351491457701846,191.0,balanced
C_110,Trauma and Orthopaedics,500,6,23,0.8871398913073002,0.8117112152108018,0.9131406723615322,191.0,balanced
C_110,Trauma and Orthopaedics,500,7,22,0.871820326736594,0.8020460181868283,0.899200881785616,191.0,balanced
C_110,Trauma and Orthopaedics,500,8,21,0.8579469014538864,0.7923665233047559,0.8867796254046468,191.0,balanced
C_110,Trauma and Orthopaedics,500,9,20,0.8453096198897505,0.7857829291815926,0.8730034414627091,191.0,balanced
C_110,Trauma and Orthopaedics,500,10,19,0.8338286471110736,0.7609069302838246,0.8582632956737393,191.0,balanced
C_110,Trauma and Orthopaedics,500,11,18,0.823447578779192,0.7610946541747038,0.85488377259746,191.0,balanced
C_110,Trauma and Orthopaedics,500,12,17,0.8134949790384647,0.7733587076329566,0.8386330933393267,191.0,balanced
C_110,Trauma and Orthopaedics,500,13,16,0.8042183850491837,0.7541523146872416,0.8292556489391015,191.0,balanced
C_110,Trauma and Orthopaedics,500,14,15,0.793148227470171,0.7534289749242215,0.8187365746145421,191.0,balanced
C_110,Trauma and Orthopaedics,500,15,14,0.7816895885488854,0.7260436759437862,0.805545604849821,191.0,balanced
C_110,Trauma and Orthopaedics,500,16,13,0.7706809450700152,0.7123467208597409,0.7940944475062001,191.0,balanced
C_110,Trauma and Orthopaedics,500,17,12,0.7588613982478423,0.706317167263709,0.7779966933039404,191.0,balanced
C_110,Trauma and Orthopaedics,500,18,11,0.7475039894643097,0.6965469137503445,0.7709699641774593,191.0,balanced
C_110,Trauma and Orthopaedics,500,19,10,0.7364062389350507,0.6987737668779277,0.7587369109947644,191.0,balanced
C_110,Trauma and Orthopaedics,500,20,9,0.7263737091467216,0.6972421367983118,0.743930834940755,191.0,balanced
C_110,Trauma and Orthopaedics,500,21,8,0.7160479551958245,0.6867628823367319,0.725270391292367,191.0,balanced
C_110,Trauma and Orthopaedics,500,22,7,0.7051508873168039,0.6787630890052355,0.7139254589442737,191.0,balanced
C_110,Trauma and Orthopaedics,500,23,6,0.6958588798567097,0.6672309864976578,0.7091640259024523,191.0,balanced
C_110,Trauma and Orthopaedics,500,24,5,0.6852373243317718,0.6605728162028106,0.7027986359878755,191.0,balanced
C_110,Trauma and Orthopaedics,500,25,4,0.6708855745384402,0.6560209424083768,0.6821800082667401,191.0,balanced
C_110,Trauma and Orthopaedics,500,26,3,0.6535679020850556,0.6477610912096997,0.662472444199504,191.0,balanced
C_110,Trauma and Orthopaedics,500,27,2,0.6459139914577019,0.6408514742353265,0.6509765086800772,191.0,balanced
C_110,Trauma and Orthopaedics,500,28,1,0.643799944888399,0.643799944888399,0.643799944888399,191.0,balanced
C_301,Gastroenterology,1000,1,28,0.9726232493213057,0.9184223910731624,0.9854199096835843,92.0,balanced
C_301,Gastroenterology,1000,2,27,0.9377928704716924,0.9012838493904413,0.9624863215326047,92.0,balanced
C_301,Gastroenterology,1000,3,26,0.8986720475554222,0.8418846230907941,0.9364856742135844,92.0,balanced
C_301,Gastroenterology,1000,4,25,0.8602795801673783,0.79960852611624,0.9093753371453231,92.0,balanced
C_301,Gastroenterology,1000,5,24,0.8242676561400263,0.7585037683214401,0.8768552625495122,92.0,balanced
C_301,Gastroenterology,1000,6,23,0.7913361106848514,0.7359863138264259,0.8631536766179122,92.0,balanced
C_301,Gastroenterology,1000,7,22,0.7617929055516712,0.7085523172479694,0.848326988579443,92.0,balanced
C_301,Gastroenterology,1000,8,21,0.7361389695591258,0.6887782624108009,0.8268113373302715,92.0,balanced
C_301,Gastroenterology,1000,9,20,0.7154000277422439,0.6398748516560577,0.805434397299755,92.0,balanced
C_301,Gastroenterology,1000,10,19,0.6988644337134776,0.6248015658955349,0.7687992232171754,92.0,balanced
C_301,Gastroenterology,1000,11,18,0.6841845235954633,0.6307044988671917,0.731177658246382,92.0,balanced
C_301,Gastroenterology,1000,12,17,0.6687403842754063,0.6151842547354468,0.7407024952607001,92.0,balanced
C_301,Gastroenterology,1000,13,16,0.652710455743415,0.5944392213676926,0.7366336328468164,92.0,balanced
C_301,Gastroenterology,1000,14,15,0.6392912370471978,0.5603933233666754,0.7242575096712544,92.0,balanced
C_301,Gastroenterology,1000,15,14,0.6297148053309142,0.5313410292372424,0.7093845845599,92.0,balanced
C_301,Gastroenterology,1000,16,13,0.6222395578313152,0.5006550251992047,0.6875144490852765,92.0,balanced
C_301,Gastroenterology,1000,17,12,0.6156158007490405,0.495106576453,0.6747992540418907,92.0,balanced
C_301,Gastroenterology,1000,18,11,0.6110173136821103,0.48924988055422836,0.6721637408874435,92.0,balanced
C_301,Gastroenterology,1000,19,10,0.6097051615985698,0.48932694234237006,0.6751691506249711,92.0,balanced
C_301,Gastroenterology,1000,20,9,0.6080774453845982,0.5045081146062913,0.6593560716982877,92.0,balanced
C_301,Gastroenterology,1000,21,8,0.6074144999460567,0.5472928193825809,0.6529599432825239,92.0,balanced
C_301,Gastroenterology,1000,22,7,0.6088761969347021,0.5727077971117241,0.6515265940230877,92.0,balanced
C_301,Gastroenterology,1000,23,6,0.60547703815586,0.5659417721128801,0.6410307784781838,92.0,balanced
C_301,Gastroenterology,1000,24,5,0.5938504693062898,0.5648937317941525,0.6241696592327728,92.0,balanced
C_301,Gastroenterology,1000,25,4,0.5721413929688824,0.5448422545196738,0.5885054636807792,92.0,balanced
C_301,Gastroenterology,1000,26,3,0.5512486578405231,0.5166376400597998,0.574480218238984,92.0,balanced
C_301,Gastroenterology,1000,27,2,0.5457978206926313,0.5340998412527164,0.5574958001325462,92.0,balanced
C_301,Gastroenterology,1000,28,1,0.5271180432470755,0.5271180432470755,0.5271180432470755,92.0,balanced
C_130,Ophthalmology,1000,1,28,0.9779549048895139,0.9588476914290734,0.988534024513465,103.0,balanced
C_130,Ophthalmology,1000,2,27,0.9475956758937913,0.9222642006765365,0.9737512630145413,103.0,balanced
C_130,Ophthalmology,1000,3,26,0.9120215329194815,0.8727320651935158,0.9398695251065325,103.0,balanced
C_130,Ophthalmology,1000,4,25,0.8755528708869658,0.821914949699073,0.9127861002504064,103.0,balanced
C_130,Ophthalmology,1000,5,24,0.8419744578189753,0.7935465448315249,0.8854061415454906,103.0,balanced
C_130,Ophthalmology,1000,6,23,0.8097928751654572,0.750669946843562,0.8689979352457936,103.0,balanced
C_130,Ophthalmology,1000,7,22,0.778095833349974,0.7152945569564645,0.850063699863814,103.0,balanced
C_130,Ophthalmology,1000,8,21,0.7448564190425985,0.6902539208364451,0.8134362781707156,103.0,balanced
C_130,Ophthalmology,1000,9,20,0.7125647981373281,0.6759873478891183,0.7688134252954356,103.0,balanced
C_130,Ophthalmology,1000,10,19,0.68527064927618,0.6438738303387076,0.7238940385713658,103.0,balanced
C_130,Ophthalmology,1000,11,18,0.6602283432666072,0.6393489434608796,0.6929556736809735,103.0,balanced
C_130,Ophthalmology,1000,12,17,0.6344280320747551,0.6133418266485086,0.6715393401572729,103.0,balanced
C_130,Ophthalmology,1000,13,16,0.6087187815753635,0.5697184026710013,0.6355489171023153,103.0,balanced
C_130,Ophthalmology,1000,14,15,0.5814157477778267,0.5220752976321223,0.6180204718183016,103.0,balanced
C_130,Ophthalmology,1000,15,14,0.5542500047068865,0.5000329482054211,0.601403593550938,103.0,balanced
C_130,Ophthalmology,1000,16,13,0.5260831511325734,0.4708518209374863,0.5849844045161008,103.0,balanced
C_130,Ophthalmology,1000,17,12,0.4981851030180556,0.44623951148794094,0.547950621622809,103.0,balanced
C_130,Ophthalmology,1000,18,11,0.4739639287040772,0.4236480253042218,0.5289944207705487,103.0,balanced
C_130,Ophthalmology,1000,19,10,0.4556462241356588,0.41107279356851034,0.5188353907657163,103.0,balanced
C_130,Ophthalmology,1000,20,9,0.4399000327041447,0.38669112155691254,0.5092035320476211,103.0,balanced
C_130,Ophthalmology,1000,21,8,0.4285037670781532,0.38396740324210343,0.48796292228616617,103.0,balanced
C_130,Ophthalmology,1000,22,7,0.41983230932402843,0.3822760620304881,0.46052804990554846,103.0,balanced
C_130,Ophthalmology,1000,23,6,0.41858498440451614,0.3816720115977683,0.4599130167376884,103.0,balanced
C_130,Ophthalmology,1000,24,5,0.41736809735096436,0.39567499890172647,0.4273931379870843,103.0,balanced
C_130,Ophthalmology,1000,25,4,0.4241285199666125,0.41670693669551473,0.4303694592101217,103.0,balanced
C_130,Ophthalmology,1000,26,3,0.43427199109666276,0.42765672363045293,0.44107762597197214,103.0,balanced
C_130,Ophthalmology,1000,27,2,0.44866120458639025,0.44765628432104737,0.4496661248517331,103.0,balanced
C_130,Ophthalmology,1000,28,1,0.45904538066159994,0.45904538066159994,0.45904538066159994,103.0,balanced
C_120,"Ear, Nose and Throat",1000,1,28,0.9693468287312068,0.9049701334705192,0.9854811512189544,108.0,balanced
C_120,"Ear, Nose and Throat",1000,2,27,0.9282952772811491,0.811264492650071,0.9654177027065649,108.0,balanced
C_120,"Ear, Nose and Throat",1000,3,26,0.8842368773775787,0.7650690216925319,0.9270913715739232,108.0,balanced
C_120,"Ear, Nose and Throat",1000,4,25,0.842363028380348,0.6930559128106928,0.8946811855154476,108.0,balanced
C_120,"Ear, Nose and Throat",1000,5,24,0.8067599023185065,0.6479750778816199,0.8714548381872398,108.0,balanced
C_120,"Ear, Nose and Throat",1000,6,23,0.7717489678950856,0.5887278859069992,0.8414168262406279,108.0,balanced
C_120,"Ear, Nose and Throat",1000,7,22,0.7373360631956192,0.560299903779283,0.8122362266236054,108.0,balanced
C_120,"Ear, Nose and Throat",1000,8,21,0.7071587578318266,0.5314336886831099,0.7828269837186925,108.0,balanced
C_120,"Ear, Nose and Throat",1000,9,20,0.6823654100812637,0.5020244457781969,0.7607724332409234,108.0,balanced
C_120,"Ear, Nose and Throat",1000,10,19,0.6599211882631784,0.48646717539798223,0.7444149113530919,108.0,balanced
C_120,"Ear, Nose and Throat",1000,11,18,0.639057460387021,0.47267236369525656,0.7349357417092991,108.0,balanced
C_120,"Ear, Nose and Throat",1000,12,17,0.6193167712653668,0.4560004572865758,0.7048119885297283,108.0,balanced
C_120,"Ear, Nose and Throat",1000,13,16,0.598569669515181,0.46270732706469647,0.6715253365343393,108.0,balanced
C_120,"Ear, Nose and Throat",1000,14,15,0.5763271631401614,0.4554097954595253,0.647717854182743,108.0,balanced
C_120,"Ear, Nose and Throat",1000,15,14,0.5539298745592152,0.45426657902007295,0.6370668876885116,108.0,balanced
C_120,"Ear, Nose and Throat",1000,16,13,0.5327747695063138,0.450770242076081,0.6093724694427771,108.0,balanced
C_120,"Ear, Nose and Throat",1000,17,12,0.5086114366102361,0.4162927396229291,0.5864414530280946,108.0,balanced
C_120,"Ear, Nose and Throat",1000,18,11,0.48686470293260997,0.4027360980117561,0.561957567616489,108.0,balanced
C_120,"Ear, Nose and Throat",1000,19,10,0.47166156982670737,0.3945906808806577,0.5452951880114703,108.0,balanced
C_120,"Ear, Nose and Throat",1000,20,9,0.45551988296850965,0.3888745986833957,0.5163337048786761,108.0,balanced
C_120,"Ear, Nose and Throat",1000,21,8,0.4523731267922299,0.38423504529995145,0.5257176064858479,108.0,balanced
C_120,"Ear, Nose and Throat",1000,22,7,0.4550436940045102,0.3874074709194318,0.5247744529232997,108.0,balanced
C_120,"Ear, Nose and Throat",1000,23,6,0.45423482300786594,0.38779806986957804,0.5043489858717501,108.0,balanced
C_120,"Ear, Nose and Throat",1000,24,5,0.4539445730562939,0.39612449627025637,0.47942686749168784,108.0,balanced
C_120,"Ear, Nose and Throat",1000,25,4,0.4519777644402526,0.41872207455676547,0.48499052083035615,108.0,balanced
C_120,"Ear, Nose and Throat",1000,26,3,0.45086233451148133,0.4254479979422104,0.4809416292739623,108.0,balanced
C_120,"Ear, Nose and Throat",1000,27,2,0.4589537664218277,0.44682614535997023,0.4710813874836853,108.0,balanced
C_120,"Ear, Nose and Throat",1000,28,1,0.43242161822287,0.43242161822287,0.43242161822287,108.0,balanced
C_110,Trauma and Orthopaedics,1000,1,28,0.9835440305283408,0.9672483221476511,0.9904529090181786,150.0,balanced
C_110,Trauma and Orthopaedics,1000,2,27,0.9630143891168826,0.9367723009911553,0.9832348104360195,150.0,balanced
C_110,Trauma and Orthopaedics,1000,3,26,0.9411750949614853,0.9016489621760968,0.9690759589315081,150.0,balanced
C_110,Trauma and Orthopaedics,1000,4,25,0.9184711853860172,0.8707853682385884,0.9534414862882795,150.0,balanced
C_110,Trauma and Orthopaedics,1000,5,24,0.8979640576618221,0.841891639628428,0.9379279079070182,150.0,balanced
C_110,Trauma and Orthopaedics,1000,6,23,0.8796778987278663,0.8207600337792792,0.9190719587537225,150.0,balanced
C_110,Trauma and Orthopaedics,1000,7,22,0.8614209116364768,0.812649451086715,0.891938308369261,150.0,balanced
C_110,Trauma and Orthopaedics,1000,8,21,0.8439835844556055,0.8037210542690788,0.8685950486688299,150.0,balanced
C_110,Trauma and Orthopaedics,1000,9,20,0.8278295035334903,0.7953117916351837,0.8569394195297569,150.0,balanced
C_110,Trauma and Orthopaedics,1000,10,19,0.8132144352614502,0.7689426196719854,0.8493515267345216,150.0,balanced
C_110,Trauma and Orthopaedics,1000,11,18,0.7998287331288798,0.753912618338593,0.8318396373172142,150.0,balanced
C_110,Trauma and Orthopaedics,1000,12,17,0.7871673250837292,0.747843015245122,0.8161304946886528,150.0,balanced
C_110,Trauma and Orthopaedics,1000,13,16,0.7770887595004223,0.7507480332459222,0.8065869594204188,150.0,balanced
C_110,Trauma and Orthopaedics,1000,14,15,0.7658209401899344,0.7416596293168586,0.7988959509311526,150.0,balanced
C_110,Trauma and Orthopaedics,1000,15,14,0.7534704399560617,0.7210187119427531,0.7842428552380106,150.0,balanced
C_110,Trauma and Orthopaedics,1000,16,13,0.7408675257361866,0.7082145873149918,0.7814445086448287,150.0,balanced
C_110,Trauma and Orthopaedics,1000,17,12,0.7271674296635405,0.7022125427796791,0.7710120449797769,150.0,balanced
C_110,Trauma and Orthopaedics,1000,18,11,0.713001870790217,0.6861691630739145,0.7518147473221033,150.0,balanced
C_110,Trauma and Orthopaedics,1000,19,10,0.6984694430863593,0.6790719587537224,0.727877683452598,150.0,balanced
C_110,Trauma and Orthopaedics,1000,20,9,0.6845864754482915,0.6675905595804258,0.7048188808391485,150.0,balanced
C_110,Trauma and Orthopaedics,1000,21,8,0.6719663096137607,0.6469034179296858,0.6855255789146185,150.0,balanced
C_110,Trauma and Orthopaedics,1000,22,7,0.6584381528067915,0.6424018845282014,0.6673736610516023,150.0,balanced
C_110,Trauma and Orthopaedics,1000,23,6,0.6457549224409974,0.6320120894261968,0.6627583448153251,150.0,balanced
C_110,Trauma and Orthopaedics,1000,24,5,0.6354661096048714,0.6247442108538158,0.6496519845326459,150.0,balanced
C_110,Trauma and Orthopaedics,1000,25,4,0.6250348904395752,0.6205804702431219,0.6271443175252234,150.0,balanced
C_110,Trauma and Orthopaedics,1000,26,3,0.6166075529282783,0.6128076803413485,0.6196239832881462,150.0,balanced
C_110,Trauma and Orthopaedics,1000,27,2,0.606867860793813,0.603363705053558,0.6103720165340681,150.0,balanced
C_110,Trauma and Orthopaedics,1000,28,1,0.5943570825370017,0.5943570825370017,0.5943570825370017,150.0,balanced
