specialty_code,specialty,floor,from_period,to_period,n_in_both,n_only_from,n_only_to,spearman,panel
C_301,Gastroenterology,500,2024-01,2024-02,110,0,0,0.9808939882334378,balanced
C_301,Gastroenterology,500,2024-02,2024-03,110,0,0,0.9769808173477897,balanced
C_301,Gastroenterology,500,2024-03,2024-04,110,0,0,0.9789915019272817,balanced
C_301,Gastroenterology,500,2024-04,2024-05,110,0,0,0.9769447512566778,balanced
C_301,Gastroenterology,500,2024-05,2024-06,110,0,0,0.959407614453486,balanced
C_301,Gastroenterology,500,2024-06,2024-07,110,0,0,0.9703085904920767,balanced
C_301,Gastroenterology,500,2024-07,2024-08,110,0,0,0.9671888736108919,balanced
C_301,Gastroenterology,500,2024-08,2024-09,110,0,0,0.9783964114239343,balanced
C_301,Gastroenterology,500,2024-09,2024-10,110,0,0,0.9701462930820729,balanced
C_301,Gastroenterology,500,2024-10,2024-11,110,0,0,0.9742848770371706,balanced
C_301,Gastroenterology,500,2024-11,2024-12,110,0,0,0.9771611478033497,balanced
C_301,Gastroenterology,500,2024-12,2025-01,110,0,0,0.9753217771566395,balanced
C_301,Gastroenterology,500,2025-01,2025-02,110,0,0,0.9783964114239343,balanced
C_301,Gastroenterology,500,2025-02,2025-03,110,0,0,0.9772603295539076,balanced
C_301,Gastroenterology,500,2025-03,2025-04,110,0,0,0.9720848454793409,balanced
C_301,Gastroenterology,500,2025-04,2025-05,110,0,0,0.9695331695331695,balanced
C_301,Gastroenterology,500,2025-05,2025-06,110,0,0,0.9637625949552555,balanced
C_301,Gastroenterology,500,2025-06,2025-07,110,0,0,0.978802154948944,balanced
C_301,Gastroenterology,500,2025-07,2025-08,110,0,0,0.966215089150869,balanced
C_301,Gastroenterology,500,2025-08,2025-09,110,0,0,0.9827333588801479,balanced
C_301,Gastroenterology,500,2025-09,2025-10,110,0,0,0.9788201879944999,balanced
C_301,Gastroenterology,500,2025-10,2025-11,110,0,0,0.9804702116628722,balanced
C_301,Gastroenterology,500,2025-11,2025-12,110,0,0,0.9765390077316684,balanced
C_301,Gastroenterology,500,2025-12,2026-01,110,0,0,0.9830579537001555,balanced
C_301,Gastroenterology,500,2026-01,2026-02,110,0,0,0.9742307779005026,balanced
C_301,Gastroenterology,500,2026-02,2026-03,110,0,0,0.9357482586840384,balanced
C_301,Gastroenterology,500,2026-03,2026-04,110,0,0,0.9710389288370941,balanced
C_301,Gastroenterology,500,2026-04,2026-05,110,0,0,0.9801636498884205,balanced
C_130,Ophthalmology,500,2024-01,2024-02,110,0,0,0.9887654126186235,balanced
C_130,Ophthalmology,500,2024-02,2024-03,110,0,0,0.9833194328607173,balanced
C_130,Ophthalmology,500,2024-03,2024-04,110,0,0,0.9870522732908054,balanced
C_130,Ophthalmology,500,2024-04,2024-05,110,0,0,0.9880981899330522,balanced
C_130,Ophthalmology,500,2024-05,2024-06,110,0,0,0.9848973243468656,balanced
C_130,Ophthalmology,500,2024-06,2024-07,110,0,0,0.9809931699839957,balanced
C_130,Ophthalmology,500,2024-07,2024-08,110,0,0,0.9828776232445957,balanced
C_130,Ophthalmology,500,2024-08,2024-09,110,0,0,0.9819399048756846,balanced
C_130,Ophthalmology,500,2024-09,2024-10,110,0,0,0.981570227441787,balanced
C_130,Ophthalmology,500,2024-10,2024-11,110,0,0,0.9784054279467123,balanced
C_130,Ophthalmology,500,2024-11,2024-12,110,0,0,0.9770349164844578,balanced
C_130,Ophthalmology,500,2024-12,2025-01,110,0,0,0.9704799044248587,balanced
C_130,Ophthalmology,500,2025-01,2025-02,110,0,0,0.9838784572729528,balanced
C_130,Ophthalmology,500,2025-02,2025-03,110,0,0,0.9895949327141987,balanced
C_130,Ophthalmology,500,2025-03,2025-04,110,0,0,0.9836891102946148,balanced
C_130,Ophthalmology,500,2025-04,2025-05,110,0,0,0.9793972454522913,balanced
C_130,Ophthalmology,500,2025-05,2025-06,110,0,0,0.9842210851385164,balanced
C_130,Ophthalmology,500,2025-06,2025-07,110,0,0,0.9802267655478665,balanced
C_130,Ophthalmology,500,2025-07,2025-08,110,0,0,0.9819849874895745,balanced
C_130,Ophthalmology,500,2025-08,2025-09,110,0,0,0.9717151680454433,balanced
C_130,Ophthalmology,500,2025-09,2025-10,110,0,0,0.9841489529562925,balanced
C_130,Ophthalmology,500,2025-10,2025-11,110,0,0,0.980713657777878,balanced
C_130,Ophthalmology,500,2025-11,2025-12,110,0,0,0.9834186146112752,balanced
C_130,Ophthalmology,500,2025-12,2026-01,110,0,0,0.9763496607533304,balanced
C_130,Ophthalmology,500,2026-01,2026-02,110,0,0,0.9760340824561008,balanced
C_130,Ophthalmology,500,2026-02,2026-03,110,0,0,0.9636814462502535,balanced
C_130,Ophthalmology,500,2026-03,2026-04,110,0,0,0.9882875369113902,balanced
C_130,Ophthalmology,500,2026-04,2026-05,110,0,0,0.9889096769830715,balanced
C_120,"Ear, Nose and Throat",500,2024-01,2024-02,114,0,0,0.980267714303072,balanced
C_120,"Ear, Nose and Throat",500,2024-02,2024-03,114,0,0,0.9846418663048544,balanced
C_120,"Ear, Nose and Throat",500,2024-03,2024-04,114,0,0,0.9758530608938661,balanced
C_120,"Ear, Nose and Throat",500,2024-04,2024-05,114,0,0,0.9805593244365242,balanced
C_120,"Ear, Nose and Throat",500,2024-05,2024-06,114,0,0,0.9833620218302588,balanced
C_120,"Ear, Nose and Throat",500,2024-06,2024-07,114,0,0,0.9771248050869769,balanced
C_120,"Ear, Nose and Throat",500,2024-07,2024-08,114,0,0,0.9643506611854763,balanced
C_120,"Ear, Nose and Throat",500,2024-08,2024-09,114,0,0,0.9737550879893078,balanced
C_120,"Ear, Nose and Throat",500,2024-09,2024-10,114,0,0,0.9858650088090563,balanced
C_120,"Ear, Nose and Throat",500,2024-10,2024-11,114,0,0,0.9740304975597903,balanced
C_120,"Ear, Nose and Throat",500,2024-11,2024-12,114,0,0,0.9778862315465463,balanced
C_120,"Ear, Nose and Throat",500,2024-12,2025-01,114,0,0,0.9801057086733767,balanced
C_120,"Ear, Nose and Throat",500,2025-01,2025-02,114,0,0,0.9787934630728418,balanced
C_120,"Ear, Nose and Throat",500,2025-02,2025-03,114,0,0,0.97978979769547,balanced
C_120,"Ear, Nose and Throat",500,2025-03,2025-04,114,0,0,0.9829651080375045,balanced
C_120,"Ear, Nose and Throat",500,2025-04,2025-05,114,0,0,0.9748486259897532,balanced
C_120,"Ear, Nose and Throat",500,2025-05,2025-06,114,0,0,0.9656224053785869,balanced
C_120,"Ear, Nose and Throat",500,2025-06,2025-07,114,0,0,0.9684899050241997,balanced
C_120,"Ear, Nose and Throat",500,2025-07,2025-08,114,0,0,0.9841072477268585,balanced
C_120,"Ear, Nose and Throat",500,2025-08,2025-09,114,0,0,0.9616127660436202,balanced
C_120,"Ear, Nose and Throat",500,2025-09,2025-10,114,0,0,0.9630060144590025,balanced
C_120,"Ear, Nose and Throat",500,2025-10,2025-11,114,0,0,0.9631275186812742,balanced
C_120,"Ear, Nose and Throat",500,2025-11,2025-12,114,0,0,0.9449909884368483,balanced
C_120,"Ear, Nose and Throat",500,2025-12,2026-01,114,0,0,0.9667402442234868,balanced
C_120,"Ear, Nose and Throat",500,2026-01,2026-02,114,0,0,0.9450152892813026,balanced
C_120,"Ear, Nose and Throat",500,2026-02,2026-03,114,0,0,0.9121767481419981,balanced
C_120,"Ear, Nose and Throat",500,2026-03,2026-04,114,0,0,0.9745570158563013,balanced
C_120,"Ear, Nose and Throat",500,2026-04,2026-05,114,0,0,0.9668941495716977,balanced
C_110,Trauma and Orthopaedics,500,2024-01,2024-02,191,0,0,0.9851009231193165,balanced
C_110,Trauma and Orthopaedics,500,2024-02,2024-03,191,0,0,0.9831341278589143,balanced
C_110,Trauma and Orthopaedics,500,2024-03,2024-04,191,0,0,0.981876894461284,balanced
C_110,Trauma and Orthopaedics,500,2024-04,2024-05,191,0,0,0.9882922292642601,balanced
C_110,Trauma and Orthopaedics,500,2024-05,2024-06,191,0,0,0.9875792229264259,balanced
C_110,Trauma and Orthopaedics,500,2024-06,2024-07,191,0,0,0.9877027881746868,balanced
C_110,Trauma and Orthopaedics,500,2024-07,2024-08,191,0,0,0.9792638206393082,balanced
C_110,Trauma and Orthopaedics,500,2024-08,2024-09,191,0,0,0.9899283549187103,balanced
C_110,Trauma and Orthopaedics,500,2024-09,2024-10,191,0,0,0.9892773491319923,balanced
C_110,Trauma and Orthopaedics,500,2024-10,2024-11,191,0,0,0.987663612565445,balanced
C_110,Trauma and Orthopaedics,500,2024-11,2024-12,191,0,0,0.9874379994488839,balanced
C_110,Trauma and Orthopaedics,500,2024-12,2025-01,191,0,0,0.981222444199504,balanced
C_110,Trauma and Orthopaedics,500,2025-01,2025-02,191,0,0,0.9861273766877927,balanced
C_110,Trauma and Orthopaedics,500,2025-02,2025-03,191,0,0,0.9772264127629096,balanced
C_110,Trauma and Orthopaedics,500,2025-03,2025-04,191,0,0,0.9854242669401345,balanced
C_110,Trauma and Orthopaedics,500,2025-04,2025-05,191,0,0,0.9878513364563241,balanced
C_110,Trauma and Orthopaedics,500,2025-05,2025-06,191,0,0,0.9851026453568476,balanced
C_110,Trauma and Orthopaedics,500,2025-06,2025-07,191,0,0,0.9837657514836917,balanced
C_110,Trauma and Orthopaedics,500,2025-07,2025-08,191,0,0,0.9883262384293413,balanced
C_110,Trauma and Orthopaedics,500,2025-08,2025-09,191,0,0,0.9843517497933315,balanced
C_110,Trauma and Orthopaedics,500,2025-09,2025-10,191,0,0,0.9845274180214935,balanced
C_110,Trauma and Orthopaedics,500,2025-10,2025-11,191,0,0,0.9845773629098925,balanced
C_110,Trauma and Orthopaedics,500,2025-11,2025-12,191,0,0,0.9866216588591898,balanced
C_110,Trauma and Orthopaedics,500,2025-12,2026-01,191,0,0,0.975263502342243,balanced
C_110,Trauma and Orthopaedics,500,2026-01,2026-02,191,0,0,0.9795604849820886,balanced
C_110,Trauma and Orthopaedics,500,2026-02,2026-03,191,0,0,0.9608518186828326,balanced
C_110,Trauma and Orthopaedics,500,2026-03,2026-04,191,0,0,0.969931454946266,balanced
C_110,Trauma and Orthopaedics,500,2026-04,2026-05,191,0,0,0.9797929870487738,balanced
C_301,Gastroenterology,1000,2024-01,2024-02,92,0,0,0.9799485227255214,balanced
C_301,Gastroenterology,1000,2024-02,2024-03,92,0,0,0.977266772498189,balanced
C_301,Gastroenterology,1000,2024-03,2024-04,92,0,0,0.9795015643542994,balanced
C_301,Gastroenterology,1000,2024-04,2024-05,92,0,0,0.9772513601405606,balanced
C_301,Gastroenterology,1000,2024-05,2024-06,92,0,0,0.9619468890156126,balanced
C_301,Gastroenterology,1000,2024-06,2024-07,92,0,0,0.9686975016568284,balanced
C_301,Gastroenterology,1000,2024-07,2024-08,92,0,0,0.9619314766579844,balanced
C_301,Gastroenterology,1000,2024-08,2024-09,92,0,0,0.9786538846847401,balanced
C_301,Gastroenterology,1000,2024-09,2024-10,92,0,0,0.9721652821232063,balanced
C_301,Gastroenterology,1000,2024-10,2024-11,92,0,0,0.9756792996624694,balanced
C_301,Gastroenterology,1000,2024-11,2024-12,92,0,0,0.9754018772251591,balanced
C_301,Gastroenterology,1000,2024-12,2025-01,92,0,0,0.9732595595148189,balanced
C_301,Gastroenterology,1000,2025-01,2025-02,92,0,0,0.9796711002882109,balanced
C_301,Gastroenterology,1000,2025-02,2025-03,92,0,0,0.9826610976681103,balanced
C_301,Gastroenterology,1000,2025-03,2025-04,92,0,0,0.9685125533652882,balanced
C_301,Gastroenterology,1000,2025-04,2025-05,92,0,0,0.9691290476704221,balanced
C_301,Gastroenterology,1000,2025-05,2025-06,92,0,0,0.9588952422052001,balanced
C_301,Gastroenterology,1000,2025-06,2025-07,92,0,0,0.9823220258002867,balanced
C_301,Gastroenterology,1000,2025-07,2025-08,92,0,0,0.9678035849143842,balanced
C_301,Gastroenterology,1000,2025-08,2025-09,92,0,0,0.9854199096835843,balanced
C_301,Gastroenterology,1000,2025-09,2025-10,92,0,0,0.976650278193055,balanced
C_301,Gastroenterology,1000,2025-10,2025-11,92,0,0,0.9831080560393324,balanced
C_301,Gastroenterology,1000,2025-11,2025-12,92,0,0,0.9780065656643495,balanced
C_301,Gastroenterology,1000,2025-12,2026-01,92,0,0,0.983847849205493,balanced
C_301,Gastroenterology,1000,2026-01,2026-02,92,0,0,0.9706086340027433,balanced
C_301,Gastroenterology,1000,2026-02,2026-03,92,0,0,0.9184223910731624,balanced
C_301,Gastroenterology,1000,2026-03,2026-04,92,0,0,0.9661236379328947,balanced
C_301,Gastroenterology,1000,2026-04,2026-05,92,0,0,0.9805650170306551,balanced
C_130,Ophthalmology,1000,2024-01,2024-02,103,0,0,0.9863594429556738,balanced
C_130,Ophthalmology,1000,2024-02,2024-03,103,0,0,0.9798576637525809,balanced
C_130,Ophthalmology,1000,2024-03,2024-04,103,0,0,0.9843496024249879,balanced
C_130,Ophthalmology,1000,2024-04,2024-05,103,0,0,0.9855467205552871,balanced
C_130,Ophthalmology,1000,2024-05,2024-06,103,0,0,0.9817686596670036,balanced
C_130,Ophthalmology,1000,2024-06,2024-07,103,0,0,0.9771778763783333,balanced
C_130,Ophthalmology,1000,2024-07,2024-08,103,0,0,0.9797148881957563,balanced
C_130,Ophthalmology,1000,2024-08,2024-09,103,0,0,0.9784079427140536,balanced
C_130,Ophthalmology,1000,2024-09,2024-10,103,0,0,0.9782651671572289,balanced
C_130,Ophthalmology,1000,2024-10,2024-11,103,0,0,0.9739819004524887,balanced
C_130,Ophthalmology,1000,2024-11,2024-12,103,0,0,0.9722685937705926,balanced
C_130,Ophthalmology,1000,2024-12,2025-01,103,0,0,0.9642841453235514,balanced
C_130,Ophthalmology,1000,2025-01,2025-02,103,0,0,0.9806264552124061,balanced
C_130,Ophthalmology,1000,2025-02,2025-03,103,0,0,0.9874247682642885,balanced
C_130,Ophthalmology,1000,2025-03,2025-04,103,0,0,0.9803409040987567,balanced
C_130,Ophthalmology,1000,2025-04,2025-05,103,0,0,0.974970346615121,balanced
C_130,Ophthalmology,1000,2025-05,2025-06,103,0,0,0.9809120063260555,balanced
C_130,Ophthalmology,1000,2025-06,2025-07,103,0,0,0.9760466546588763,balanced
C_130,Ophthalmology,1000,2025-07,2025-08,103,0,0,0.9782102534815271,balanced
C_130,Ophthalmology,1000,2025-08,2025-09,103,0,0,0.9656569872160964,balanced
C_130,Ophthalmology,1000,2025-09,2025-10,103,0,0,0.980868075385494,balanced
C_130,Ophthalmology,1000,2025-10,2025-11,103,0,0,0.9767275842375785,balanced
C_130,Ophthalmology,1000,2025-11,2025-12,103,0,0,0.9802640249527743,balanced
C_130,Ophthalmology,1000,2025-12,2026-01,103,0,0,0.9724113693274173,balanced
C_130,Ophthalmology,1000,2026-01,2026-02,103,0,0,0.9717633879541363,balanced
C_130,Ophthalmology,1000,2026-02,2026-03,103,0,0,0.9588476914290734,balanced
C_130,Ophthalmology,1000,2026-03,2026-04,103,0,0,0.9871501998857796,balanced
C_130,Ophthalmology,1000,2026-04,2026-05,103,0,0,0.988534024513465,balanced
C_120,"Ear, Nose and Throat",1000,2024-01,2024-02,108,0,0,0.9804986329036743,balanced
C_120,"Ear, Nose and Throat",1000,2024-02,2024-03,108,0,0,0.9835567368792095,balanced
C_120,"Ear, Nose and Throat",1000,2024-03,2024-04,108,0,0,0.9719054560004572,balanced
C_120,"Ear, Nose and Throat",1000,2024-04,2024-05,108,0,0,0.9793744700715463,balanced
C_120,"Ear, Nose and Throat",1000,2024-05,2024-06,108,0,0,0.9833852544132916,balanced
C_120,"Ear, Nose and Throat",1000,2024-06,2024-07,108,0,0,0.9766498042241847,balanced
C_120,"Ear, Nose and Throat",1000,2024-07,2024-08,108,0,0,0.9658273552640353,balanced
C_120,"Ear, Nose and Throat",1000,2024-08,2024-09,108,0,0,0.9748682919393714,balanced
C_120,"Ear, Nose and Throat",1000,2024-09,2024-10,108,0,0,0.9854811512189544,balanced
C_120,"Ear, Nose and Throat",1000,2024-10,2024-11,108,0,0,0.9712481065477722,balanced
C_120,"Ear, Nose and Throat",1000,2024-11,2024-12,108,0,0,0.9792220412129526,balanced
C_120,"Ear, Nose and Throat",1000,2024-12,2025-01,108,0,0,0.9811274019453733,balanced
C_120,"Ear, Nose and Throat",1000,2025-01,2025-02,108,0,0,0.9814132060552364,balanced
C_120,"Ear, Nose and Throat",1000,2025-02,2025-03,108,0,0,0.9802033019901492,balanced
C_120,"Ear, Nose and Throat",1000,2025-03,2025-04,108,0,0,0.9822420379738392,balanced
C_120,"Ear, Nose and Throat",1000,2025-04,2025-05,108,0,0,0.9743252641306314,balanced
C_120,"Ear, Nose and Throat",1000,2025-05,2025-06,108,0,0,0.9630169481837147,balanced
C_120,"Ear, Nose and Throat",1000,2025-06,2025-07,108,0,0,0.965427229510227,balanced
C_120,"Ear, Nose and Throat",1000,2025-07,2025-08,108,0,0,0.9824039936360952,balanced
C_120,"Ear, Nose and Throat",1000,2025-08,2025-09,108,0,0,0.9597397277239513,balanced
C_120,"Ear, Nose and Throat",1000,2025-09,2025-10,108,0,0,0.9636838244400621,balanced
C_120,"Ear, Nose and Throat",1000,2025-10,2025-11,108,0,0,0.9608638905560796,balanced
C_120,"Ear, Nose and Throat",1000,2025-11,2025-12,108,0,0,0.9389427153295797,balanced
C_120,"Ear, Nose and Throat",1000,2025-12,2026-01,108,0,0,0.9641030038011946,balanced
C_120,"Ear, Nose and Throat",1000,2026-01,2026-02,108,0,0,0.950956014747492,balanced
C_120,"Ear, Nose and Throat",1000,2026-02,2026-03,108,0,0,0.9049701334705192,balanced
C_120,"Ear, Nose and Throat",1000,2026-03,2026-04,108,0,0,0.971162365314813,balanced
C_120,"Ear, Nose and Throat",1000,2026-04,2026-05,108,0,0,0.9651128449893775,balanced
C_110,Trauma and Orthopaedics,1000,2024-01,2024-02,150,0,0,0.9859442641895195,balanced
C_110,Trauma and Orthopaedics,1000,2024-02,2024-03,150,0,0,0.9885363793946398,balanced
C_110,Trauma and Orthopaedics,1000,2024-03,2024-04,150,0,0,0.9855602471220943,balanced
C_110,Trauma and Orthopaedics,1000,2024-04,2024-05,150,0,0,0.9904529090181786,balanced
C_110,Trauma and Orthopaedics,1000,2024-05,2024-06,150,0,0,0.9897951020045336,balanced
C_110,Trauma and Orthopaedics,1000,2024-06,2024-07,150,0,0,0.9896386506066936,balanced
C_110,Trauma and Orthopaedics,1000,2024-07,2024-08,150,0,0,0.978406151384506,balanced
C_110,Trauma and Orthopaedics,1000,2024-08,2024-09,150,0,0,0.9865309569314192,balanced
C_110,Trauma and Orthopaedics,1000,2024-09,2024-10,150,0,0,0.9847104315747367,balanced
C_110,Trauma and Orthopaedics,1000,2024-10,2024-11,150,0,0,0.9844793101915641,balanced
C_110,Trauma and Orthopaedics,1000,2024-11,2024-12,150,0,0,0.9843584159295969,balanced
C_110,Trauma and Orthopaedics,1000,2024-12,2025-01,150,0,0,0.9779865771812082,balanced
C_110,Trauma and Orthopaedics,1000,2025-01,2025-02,150,0,0,0.985147784345971,balanced
C_110,Trauma and Orthopaedics,1000,2025-02,2025-03,150,0,0,0.9780221343170807,balanced
C_110,Trauma and Orthopaedics,1000,2025-03,2025-04,150,0,0,0.9864313969509757,balanced
C_110,Trauma and Orthopaedics,1000,2025-04,2025-05,150,0,0,0.9879781323614383,balanced
C_110,Trauma and Orthopaedics,1000,2025-05,2025-06,150,0,0,0.9817983021467622,balanced
C_110,Trauma and Orthopaedics,1000,2025-06,2025-07,150,0,0,0.98698608827059,balanced
C_110,Trauma and Orthopaedics,1000,2025-07,2025-08,150,0,0,0.9876581181385841,balanced
C_110,Trauma and Orthopaedics,1000,2025-08,2025-09,150,0,0,0.9819689763989511,balanced
C_110,Trauma and Orthopaedics,1000,2025-09,2025-10,150,0,0,0.9865736254944665,balanced
C_110,Trauma and Orthopaedics,1000,2025-10,2025-11,150,0,0,0.9844188630605805,balanced
C_110,Trauma and Orthopaedics,1000,2025-11,2025-12,150,0,0,0.9849095515356239,balanced
C_110,Trauma and Orthopaedics,1000,2025-12,2026-01,150,0,0,0.9776345615360682,balanced
C_110,Trauma and Orthopaedics,1000,2026-01,2026-02,150,0,0,0.9770123116582959,balanced
C_110,Trauma and Orthopaedics,1000,2026-02,2026-03,150,0,0,0.9672483221476511,balanced
C_110,Trauma and Orthopaedics,1000,2026-03,2026-04,150,0,0,0.9747544335303792,balanced
C_110,Trauma and Orthopaedics,1000,2026-04,2026-05,150,0,0,0.9842908573714386,balanced
