specialty_code,specialty,floor,lag_months,n_pairs,mean_spearman,min_spearman,max_spearman,mean_n_providers
C_301,Gastroenterology,500,1,28,0.9744820441187356,0.9389047144281442,0.9840193704600485,120.78571428571429
C_301,Gastroenterology,500,2,27,0.9408375763548819,0.9075074657962358,0.9633114496137029,120.4074074074074
C_301,Gastroenterology,500,3,26,0.9046636082273104,0.8652909529589833,0.9402497065689854,119.92307692307692
C_301,Gastroenterology,500,4,25,0.8677325655313147,0.8219289963883768,0.9186440677966103,119.56
C_301,Gastroenterology,500,5,24,0.8323884693088982,0.7824559037300124,0.8796396524711579,119.16666666666667
C_301,Gastroenterology,500,6,23,0.8006131415936865,0.7406461932882671,0.8500427289559893,118.91304347826087
C_301,Gastroenterology,500,7,22,0.7704373990420046,0.7153740244468061,0.8270480144543113,118.63636363636364
C_301,Gastroenterology,500,8,21,0.7443641415824066,0.6973548219809436,0.7969553684696113,118.33333333333333
C_301,Gastroenterology,500,9,20,0.7215551161388012,0.6711182870103409,0.7697194131890045,117.95
C_301,Gastroenterology,500,10,19,0.7028082355335118,0.6443899953543437,0.7651901438541518,117.63157894736842
C_301,Gastroenterology,500,11,18,0.6875559645626875,0.6308201831287744,0.7571461439856256,117.33333333333333
C_301,Gastroenterology,500,12,17,0.67128588201833,0.6067966016991505,0.7642717102986968,117.17647058823529
C_301,Gastroenterology,500,13,16,0.6552243833790187,0.560266151148676,0.7642640218352362,117.0625
C_301,Gastroenterology,500,14,15,0.640861347680604,0.5089691138785236,0.7508630300234498,117.06666666666666
C_301,Gastroenterology,500,15,14,0.6279601435245105,0.4846393621963463,0.7313420212970438,116.92857142857143
C_301,Gastroenterology,500,16,13,0.6180843441664832,0.4667760643798048,0.7199637023593468,116.84615384615384
C_301,Gastroenterology,500,17,12,0.6121596934210128,0.4880329066236113,0.696591178095163,116.91666666666667
C_301,Gastroenterology,500,18,11,0.6085520563234348,0.5089456904013235,0.6843040018452312,117.0
C_301,Gastroenterology,500,19,10,0.6047182236454002,0.512342094595335,0.6712598720196615,116.9
C_301,Gastroenterology,500,20,9,0.6014100946050225,0.5101603044631531,0.6615000192211586,116.66666666666667
C_301,Gastroenterology,500,21,8,0.596960967210761,0.5273179199873748,0.6425617048060064,116.375
C_301,Gastroenterology,500,22,7,0.5944821817164861,0.541821194665825,0.639347210358315,116.0
C_301,Gastroenterology,500,23,6,0.5904241633614904,0.5450428631837927,0.6282875511396843,116.0
C_301,Gastroenterology,500,24,5,0.576455766489911,0.5401299350324839,0.6166378349286895,115.8
C_301,Gastroenterology,500,25,4,0.5524277840836668,0.5259139660938762,0.5980163764271711,115.5
C_301,Gastroenterology,500,26,3,0.528204318893185,0.5190562613430127,0.5412372760987927,115.0
C_301,Gastroenterology,500,27,2,0.5251092665125285,0.5207306453899273,0.5294878876351298,114.5
C_301,Gastroenterology,500,28,1,0.522115793523825,0.522115793523825,0.522115793523825,114.0
C_130,Ophthalmology,500,1,28,0.9819343682125433,0.954989587120584,0.991580948121646,136.28571428571428
C_130,Ophthalmology,500,2,27,0.9582984274244518,0.8942410643993071,0.9767899652078373,134.1851851851852
C_130,Ophthalmology,500,3,26,0.9318899356227898,0.8519784811369938,0.9629330091363035,132.07692307692307
C_130,Ophthalmology,500,4,25,0.906509157799852,0.817885837315549,0.9453154293213347,130.56
C_130,Ophthalmology,500,5,24,0.8845976397591894,0.8267125430090708,0.9322394901610019,129.375
C_130,Ophthalmology,500,6,23,0.8622684249021603,0.8090549757478273,0.9205459317585302,128.2173913043478
C_130,Ophthalmology,500,7,22,0.8393098448039088,0.7501481653443308,0.907369000749906,127.45454545454545
C_130,Ophthalmology,500,8,21,0.8156329095125247,0.7127742486521113,0.8840787119856889,126.61904761904762
C_130,Ophthalmology,500,9,20,0.7920900968153873,0.7099930603747397,0.8451252236135959,126.1
C_130,Ophthalmology,500,10,19,0.7715590807822407,0.6879760750522333,0.8182672289542519,125.73684210526316
C_130,Ophthalmology,500,11,18,0.7541059711132492,0.6643128547885002,0.7946850998463901,125.38888888888889
C_130,Ophthalmology,500,12,17,0.7355581338601237,0.6720389951256094,0.7827096774193547,124.76470588235294
C_130,Ophthalmology,500,13,16,0.7154903445748441,0.6342487798269122,0.7691188601424823,124.1875
C_130,Ophthalmology,500,14,15,0.6983184194147382,0.6133513536734067,0.7592442396313364,124.06666666666666
C_130,Ophthalmology,500,15,14,0.6823435406307888,0.6107105544878824,0.738775457558912,124.07142857142857
C_130,Ophthalmology,500,16,13,0.666113558207453,0.5961808824857154,0.7255678373811766,124.15384615384616
C_130,Ophthalmology,500,17,12,0.6521062831098574,0.5886668473106623,0.7067817501098734,124.16666666666667
C_130,Ophthalmology,500,18,11,0.6323391496104812,0.5806936729440454,0.6923978252718409,123.81818181818181
C_130,Ophthalmology,500,19,10,0.6173288993627607,0.5558143194335168,0.6817292369703787,124.1
C_130,Ophthalmology,500,20,9,0.6078730849498157,0.5602643587726199,0.6670783410138248,124.66666666666667
C_130,Ophthalmology,500,21,8,0.5985714953780306,0.5649043869516311,0.6605381589299762,125.375
C_130,Ophthalmology,500,22,7,0.5910076528073213,0.5652463442069741,0.6059184008248968,125.28571428571429
C_130,Ophthalmology,500,23,6,0.5964371938140896,0.5785114083398899,0.6052798087739032,125.5
C_130,Ophthalmology,500,24,5,0.598758456829661,0.5729321174755905,0.639589051368579,125.0
C_130,Ophthalmology,500,25,4,0.6090183122271006,0.5714744295830054,0.6374009216589861,124.75
C_130,Ophthalmology,500,26,3,0.6031328199902835,0.5746604583972862,0.6340645161290321,124.0
C_130,Ophthalmology,500,27,2,0.6086826946640699,0.601082147786047,0.6162832415420928,123.5
C_130,Ophthalmology,500,28,1,0.6164372960493223,0.6164372960493223,0.6164372960493223,123.0
C_120,"Ear, Nose and Throat",500,1,28,0.9705537530975611,0.9207153502235466,0.9857775897905301,120.75
C_120,"Ear, Nose and Throat",500,2,27,0.9316522396451142,0.8272049857742851,0.9603831363053696,120.29629629629629
C_120,"Ear, Nose and Throat",500,3,26,0.8895516960182699,0.7769475456414638,0.925782414307004,119.84615384615384
C_120,"Ear, Nose and Throat",500,4,25,0.8487292022552293,0.7269602055698311,0.8976178901312589,119.72
C_120,"Ear, Nose and Throat",500,5,24,0.8145206999497004,0.6667355077624271,0.8686475822893983,119.54166666666667
C_120,"Ear, Nose and Throat",500,6,23,0.7827406850571061,0.632783347570022,0.840258772524048,119.43478260869566
C_120,"Ear, Nose and Throat",500,7,22,0.7512209611186187,0.5805696463722386,0.8114521841794567,119.27272727272727
C_120,"Ear, Nose and Throat",500,8,21,0.725666101971378,0.5712204047199062,0.7778011109605742,119.0952380952381
C_120,"Ear, Nose and Throat",500,9,20,0.7056417084083619,0.5555458167621677,0.7600531738118977,119.0
C_120,"Ear, Nose and Throat",500,10,19,0.6893984853327013,0.5615439396097422,0.7515239994302807,118.89473684210526
C_120,"Ear, Nose and Throat",500,11,18,0.6732051267715105,0.5497792337273892,0.7379290699330581,118.72222222222223
C_120,"Ear, Nose and Throat",500,12,17,0.6557156429192731,0.546887907705455,0.7171770403076486,118.41176470588235
C_120,"Ear, Nose and Throat",500,13,16,0.6348996559344109,0.5404920768829045,0.6958339267910556,118.25
C_120,"Ear, Nose and Throat",500,14,15,0.6130468920977417,0.5280897235034823,0.6780331967497742,118.06666666666666
C_120,"Ear, Nose and Throat",500,15,14,0.5918681854510265,0.5181999788181243,0.6643142002563739,117.92857142857143
C_120,"Ear, Nose and Throat",500,16,13,0.5714621237254238,0.5104576380747867,0.6407064520723545,117.6923076923077
C_120,"Ear, Nose and Throat",500,17,12,0.5487398327594755,0.46765078998962056,0.6342839613029045,117.5
C_120,"Ear, Nose and Throat",500,18,11,0.5279612879859447,0.4688471553696837,0.6172069870973163,117.18181818181819
C_120,"Ear, Nose and Throat",500,19,10,0.5098570911645182,0.4379195017875677,0.5958205968176058,116.9
C_120,"Ear, Nose and Throat",500,20,9,0.4930207170800234,0.4320160649792444,0.5405066697420521,116.77777777777777
C_120,"Ear, Nose and Throat",500,21,8,0.4896236389408859,0.42670203359858533,0.5432053204167148,116.75
C_120,"Ear, Nose and Throat",500,22,7,0.49463462712001516,0.44907402335119184,0.5556480740927401,116.85714285714286
C_120,"Ear, Nose and Throat",500,23,6,0.4964810313299703,0.4375309086004585,0.5445734225893748,117.0
C_120,"Ear, Nose and Throat",500,24,5,0.5037836512703515,0.4521797119693087,0.5341902862840051,117.4
C_120,"Ear, Nose and Throat",500,25,4,0.5003995642499546,0.46911387852358044,0.5266520585860915,117.25
C_120,"Ear, Nose and Throat",500,26,3,0.49860819209669205,0.47566092930001214,0.5372626594134484,117.33333333333333
C_120,"Ear, Nose and Throat",500,27,2,0.5089670045062489,0.4989317761002707,0.519002232912227,117.5
C_120,"Ear, Nose and Throat",500,28,1,0.4790354212089008,0.4790354212089008,0.4790354212089008,118.0
C_110,Trauma and Orthopaedics,500,1,28,0.9825731171605147,0.9613567928897908,0.9908131794853473,216.0
C_110,Trauma and Orthopaedics,500,2,27,0.9608736147272771,0.9297155389944453,0.9792363408745418,214.37037037037038
C_110,Trauma and Orthopaedics,500,3,26,0.9380326222909486,0.872262068632423,0.9588766239178841,213.42307692307693
C_110,Trauma and Orthopaedics,500,4,25,0.9148070863610713,0.8420527636893524,0.9447050846784106,212.6
C_110,Trauma and Orthopaedics,500,5,24,0.8956564977921145,0.818789541712964,0.9271024648545979,211.75
C_110,Trauma and Orthopaedics,500,6,23,0.8792882457132574,0.7941757672926587,0.9052384592811271,211.2173913043478
C_110,Trauma and Orthopaedics,500,7,22,0.864567702375057,0.7960411849618683,0.8908905906161574,210.63636363636363
C_110,Trauma and Orthopaedics,500,8,21,0.8507948305899601,0.7821673089048164,0.8789032145119667,210.0
C_110,Trauma and Orthopaedics,500,9,20,0.8389816572524358,0.7760324983073799,0.8747129168977209,209.35
C_110,Trauma and Orthopaedics,500,10,19,0.8290729409347456,0.763683659817359,0.8573210594105487,208.52631578947367
C_110,Trauma and Orthopaedics,500,11,18,0.8206025194510185,0.7665770537624085,0.8519269230290782,207.77777777777777
C_110,Trauma and Orthopaedics,500,12,17,0.81285716834092,0.7720081985255388,0.8441393667382098,207.1764705882353
C_110,Trauma and Orthopaedics,500,13,16,0.8055718306853605,0.7511905921572447,0.8378860980155084,206.6875
C_110,Trauma and Orthopaedics,500,14,15,0.7969143890372723,0.7505457520568456,0.824340770791075,206.4
C_110,Trauma and Orthopaedics,500,15,14,0.7871331050624394,0.7264749813293503,0.8113095532578044,205.92857142857142
C_110,Trauma and Orthopaedics,500,16,13,0.7763833031834998,0.7224804126470982,0.7986803433027688,205.76923076923077
C_110,Trauma and Orthopaedics,500,17,12,0.7648791609730633,0.7132693211089988,0.7873008541074334,205.58333333333334
C_110,Trauma and Orthopaedics,500,18,11,0.7535423005776537,0.7010111915662781,0.7766768708166094,205.27272727272728
C_110,Trauma and Orthopaedics,500,19,10,0.7426308802903038,0.7096483964888356,0.7595244311449402,205.2
C_110,Trauma and Orthopaedics,500,20,9,0.7321357289419244,0.7034507831420569,0.7449893097495771,205.11111111111111
C_110,Trauma and Orthopaedics,500,21,8,0.7223332587073659,0.6986739386775537,0.7408686325583986,204.875
C_110,Trauma and Orthopaedics,500,22,7,0.7096946559368649,0.6685686046391912,0.7293263606521156,204.57142857142858
C_110,Trauma and Orthopaedics,500,23,6,0.7013419777830429,0.6732633919838565,0.7286522831387616,205.0
C_110,Trauma and Orthopaedics,500,24,5,0.6905455507632634,0.6687923620477235,0.7099787265621136,205.6
C_110,Trauma and Orthopaedics,500,25,4,0.6804924533499043,0.6660957236094425,0.6999651766934574,205.75
C_110,Trauma and Orthopaedics,500,26,3,0.6669375153688574,0.657263445278656,0.6776982281558545,204.66666666666666
C_110,Trauma and Orthopaedics,500,27,2,0.6605942035635257,0.6507770742301702,0.6704113328968813,204.0
C_110,Trauma and Orthopaedics,500,28,1,0.6563673608740185,0.6563673608740185,0.6563673608740185,203.0
C_301,Gastroenterology,1000,1,28,0.9750921754813022,0.9297588765993121,0.9844623019371741,109.42857142857143
C_301,Gastroenterology,1000,2,27,0.942216098136076,0.9065801632894147,0.9648896603025043,108.85185185185185
C_301,Gastroenterology,1000,3,26,0.9056553630712276,0.8622926512834771,0.9430925370794884,108.26923076923077
C_301,Gastroenterology,1000,4,25,0.8697763814294995,0.8204314347851643,0.9240523212057122,107.84
C_301,Gastroenterology,1000,5,24,0.8368359362940921,0.7927642404706625,0.8864095523591204,107.45833333333333
C_301,Gastroenterology,1000,6,23,0.8050441264031463,0.7631027253668764,0.8612274517934895,107.04347826086956
C_301,Gastroenterology,1000,7,22,0.7770803957395548,0.7306471521777463,0.8396564600448096,106.81818181818181
C_301,Gastroenterology,1000,8,21,0.7520262835707625,0.7046133112170848,0.812045236317081,106.38095238095238
C_301,Gastroenterology,1000,9,20,0.7306880782635384,0.6818592816072522,0.7809132614957858,105.95
C_301,Gastroenterology,1000,10,19,0.7148424865860272,0.6704536866765751,0.7636495279468785,105.47368421052632
C_301,Gastroenterology,1000,11,18,0.7001762545135275,0.6490557985703617,0.7744273986559298,105.0
C_301,Gastroenterology,1000,12,17,0.6861038605829324,0.601482983036381,0.7753090773722056,104.6470588235294
C_301,Gastroenterology,1000,13,16,0.6728335676730441,0.6103435399551905,0.7702443229687103,104.25
C_301,Gastroenterology,1000,14,15,0.6597229989959826,0.5727716030400212,0.7579008209408492,103.93333333333334
C_301,Gastroenterology,1000,15,14,0.6483118418263121,0.5458549852700861,0.7340552651232264,103.5
C_301,Gastroenterology,1000,16,13,0.6356546745822539,0.5075713453698311,0.7167395711085032,103.07692307692308
C_301,Gastroenterology,1000,17,12,0.6277658407120268,0.49332556785090265,0.6974821295209646,102.75
C_301,Gastroenterology,1000,18,11,0.6231913837135292,0.5043504350435043,0.6923193188402146,102.45454545454545
C_301,Gastroenterology,1000,19,10,0.6219973986785541,0.511095109510951,0.6869889341875363,102.5
C_301,Gastroenterology,1000,20,9,0.6259271552932889,0.5267285095856524,0.6975872344516006,102.33333333333333
C_301,Gastroenterology,1000,21,8,0.6242241846554866,0.5142733457019172,0.6871151421252919,102.25
C_301,Gastroenterology,1000,22,7,0.6177206404303636,0.5409470254831079,0.6839717963361596,101.71428571428571
C_301,Gastroenterology,1000,23,6,0.6165239993225697,0.5618458476344493,0.6685630189342354,101.66666666666667
C_301,Gastroenterology,1000,24,5,0.5989374305967258,0.5531153343775269,0.644391380314502,101.6
C_301,Gastroenterology,1000,25,4,0.5709145975991088,0.5455454026270703,0.6184041933605124,101.5
C_301,Gastroenterology,1000,26,3,0.5381989358273348,0.5197320908561444,0.555761629846594,101.33333333333333
C_301,Gastroenterology,1000,27,2,0.5130163604595753,0.5005241700640651,0.5255085508550855,100.5
C_301,Gastroenterology,1000,28,1,0.5034623462346234,0.5034623462346234,0.5034623462346234,100.0
C_130,Ophthalmology,1000,1,28,0.9771018387837185,0.9399146580555876,0.989251528082113,111.35714285714286
C_130,Ophthalmology,1000,2,27,0.9469469240769196,0.8890212651171155,0.9769222980498574,110.77777777777777
C_130,Ophthalmology,1000,3,26,0.9110878191860737,0.8313185512506905,0.9452780397648785,110.3076923076923
C_130,Ophthalmology,1000,4,25,0.874665121944932,0.7829448573337924,0.9198319471834004,109.68
C_130,Ophthalmology,1000,5,24,0.8424016505858729,0.7640255768696136,0.89618642049406,109.16666666666667
C_130,Ophthalmology,1000,6,23,0.8112771809796853,0.7345714951094552,0.8794941123454613,108.69565217391305
C_130,Ophthalmology,1000,7,22,0.7839358392536728,0.6992004646871903,0.8596367483688945,108.22727272727273
C_130,Ophthalmology,1000,8,21,0.7504101289562337,0.6600951243153078,0.8246920422198151,107.76190476190476
C_130,Ophthalmology,1000,9,20,0.7194840731813745,0.6423542637209789,0.7806282590623977,107.45
C_130,Ophthalmology,1000,10,19,0.6950024629470216,0.6223148920396628,0.7378441695846034,107.15789473684211
C_130,Ophthalmology,1000,11,18,0.6734095086697279,0.6253551205940555,0.7004710683426959,106.77777777777777
C_130,Ophthalmology,1000,12,17,0.6511863080117908,0.6107863010775633,0.6793913897775651,106.52941176470588
C_130,Ophthalmology,1000,13,16,0.6273008033851615,0.5670649738610904,0.6563216363956975,106.1875
C_130,Ophthalmology,1000,14,15,0.598103255378868,0.4846464855898818,0.644125080820549,106.06666666666666
C_130,Ophthalmology,1000,15,14,0.5655295964743428,0.46046300728014716,0.6225533415623348,105.78571428571429
C_130,Ophthalmology,1000,16,13,0.5366618399062069,0.450116577519152,0.6039303277885538,105.61538461538461
C_130,Ophthalmology,1000,17,12,0.513270219351584,0.4445158614969935,0.5796861223770058,105.75
C_130,Ophthalmology,1000,18,11,0.49220599261960735,0.4357054689271229,0.5596241529586619,105.81818181818181
C_130,Ophthalmology,1000,19,10,0.47452539488785045,0.4301318599502341,0.5399232842629069,105.9
C_130,Ophthalmology,1000,20,9,0.4579173160062228,0.42176464312386647,0.5278146381919967,106.11111111111111
C_130,Ophthalmology,1000,21,8,0.44695150675308454,0.41913746630727755,0.5064793696869169,106.25
C_130,Ophthalmology,1000,22,7,0.44049573777498136,0.4093357180643374,0.4648361337128751,106.14285714285714
C_130,Ophthalmology,1000,23,6,0.4445835035149089,0.4041665617049148,0.4719626168224299,106.33333333333333
C_130,Ophthalmology,1000,24,5,0.4485573776915691,0.40764289492908784,0.4773702462822547,106.6
C_130,Ophthalmology,1000,25,4,0.45197277227562893,0.4341738670428496,0.4802210074648798,106.0
C_130,Ophthalmology,1000,26,3,0.46246774444623145,0.44751492556112554,0.4829735244476912,105.66666666666667
C_130,Ophthalmology,1000,27,2,0.4833332202976005,0.4768712419655816,0.4897951986296194,105.5
C_130,Ophthalmology,1000,28,1,0.48783951897159444,0.48783951897159444,0.48783951897159444,105.0
C_120,"Ear, Nose and Throat",1000,1,28,0.9688093548681395,0.9101633393829401,0.9861850422516469,113.17857142857143
C_120,"Ear, Nose and Throat",1000,2,27,0.9273799289175509,0.803779689102817,0.9661238272672833,112.88888888888889
C_120,"Ear, Nose and Throat",1000,3,26,0.8819561573090259,0.7564791403286979,0.9278111866607441,112.6923076923077
C_120,"Ear, Nose and Throat",1000,4,25,0.8389112789446724,0.7011395086616325,0.8930401224299688,112.44
C_120,"Ear, Nose and Throat",1000,5,24,0.8027249699175644,0.6293416062279593,0.869602102601637,112.20833333333333
C_120,"Ear, Nose and Throat",1000,6,23,0.7701143628599887,0.5929975429975429,0.8441762592321513,112.1304347826087
C_120,"Ear, Nose and Throat",1000,7,22,0.7384481652053739,0.5342450541565587,0.814616740967463,112.0909090909091
C_120,"Ear, Nose and Throat",1000,8,21,0.7121590856062022,0.5242679468343185,0.791112857484539,111.95238095238095
C_120,"Ear, Nose and Throat",1000,9,20,0.6905579757815941,0.5110875730344757,0.7676640926640926,111.8
C_120,"Ear, Nose and Throat",1000,10,19,0.6697505294835655,0.5054754501657157,0.750974025974026,111.63157894736842
C_120,"Ear, Nose and Throat",1000,11,18,0.6493406359019461,0.49401202719786785,0.7425061425061426,111.44444444444444
C_120,"Ear, Nose and Throat",1000,12,17,0.6299234559775945,0.48709297160624593,0.7072920322920323,111.3529411764706
C_120,"Ear, Nose and Throat",1000,13,16,0.6078566797861015,0.4827395577395577,0.6783783783783783,111.25
C_120,"Ear, Nose and Throat",1000,14,15,0.5864212951364856,0.4729932601492235,0.6548245464174669,111.13333333333334
C_120,"Ear, Nose and Throat",1000,15,14,0.5654750136942516,0.46369778869778866,0.6446168039088392,111.21428571428571
C_120,"Ear, Nose and Throat",1000,16,13,0.5450858661014285,0.4677456438924329,0.6233032803247057,111.15384615384616
C_120,"Ear, Nose and Throat",1000,17,12,0.521762642251654,0.4365394585578072,0.5975956475956476,111.08333333333333
C_120,"Ear, Nose and Throat",1000,18,11,0.49987808775976633,0.4286679536679536,0.5840280862404755,111.0
C_120,"Ear, Nose and Throat",1000,19,10,0.48272943659299905,0.40318532818532815,0.5642959647384426,110.9
C_120,"Ear, Nose and Throat",1000,20,9,0.4647479321913031,0.39763952263952257,0.526123201123201,110.88888888888889
C_120,"Ear, Nose and Throat",1000,21,8,0.4596662957206311,0.3954241146901697,0.5384433134433133,110.875
C_120,"Ear, Nose and Throat",1000,22,7,0.4619666014651459,0.3965421635146406,0.5347490347490347,110.85714285714286
C_120,"Ear, Nose and Throat",1000,23,6,0.4615803194261829,0.3964339652413047,0.5085380835380835,111.0
C_120,"Ear, Nose and Throat",1000,24,5,0.46346163431086707,0.40451276965038435,0.4914579560597259,111.0
C_120,"Ear, Nose and Throat",1000,25,4,0.4640682369816899,0.42784753059982417,0.49612965759754746,111.0
C_120,"Ear, Nose and Throat",1000,26,3,0.46432749383346117,0.4354819421191103,0.5013952263952264,111.0
C_120,"Ear, Nose and Throat",1000,27,2,0.47439013689013687,0.4647595647595647,0.484020709020709,111.0
C_120,"Ear, Nose and Throat",1000,28,1,0.4446911196911197,0.4446911196911197,0.4446911196911197,111.0
C_110,Trauma and Orthopaedics,1000,1,28,0.984120987116327,0.961998679286815,0.9906383344890948,172.17857142857142
C_110,Trauma and Orthopaedics,1000,2,27,0.9640730019704088,0.9232643298499387,0.9818813320003712,170.85185185185185
C_110,Trauma and Orthopaedics,1000,3,26,0.9423940241661231,0.8775160781372707,0.9663243251451452,170.03846153846155
C_110,Trauma and Orthopaedics,1000,4,25,0.9200149700640361,0.8551899584803323,0.943600735217787,169.28
C_110,Trauma and Orthopaedics,1000,5,24,0.9012614065902668,0.8384781014237435,0.9264332952115759,168.5
C_110,Trauma and Orthopaedics,1000,6,23,0.883854678114378,0.8146689826020103,0.9123122372784302,167.82608695652175
C_110,Trauma and Orthopaedics,1000,7,22,0.8671831884513422,0.8054822497836202,0.8970908022333237,167.1818181818182
C_110,Trauma and Orthopaedics,1000,8,21,0.8500584009437789,0.7752422632073918,0.8818467481941968,166.52380952380952
C_110,Trauma and Orthopaedics,1000,9,20,0.8343538198918716,0.7647132348952769,0.8601390230299402,165.9
C_110,Trauma and Orthopaedics,1000,10,19,0.8201709578463338,0.7483698804965774,0.8484812865653302,165.05263157894737
C_110,Trauma and Orthopaedics,1000,11,18,0.8089638827292731,0.752162530387626,0.837642771758536,164.55555555555554
C_110,Trauma and Orthopaedics,1000,12,17,0.7972543184813016,0.7564208051719072,0.8312410646366367,163.88235294117646
C_110,Trauma and Orthopaedics,1000,13,16,0.7863273619272988,0.7393167918054797,0.8175394076904706,163.1875
C_110,Trauma and Orthopaedics,1000,14,15,0.7736157229315711,0.7277053783569731,0.8089503224265584,162.46666666666667
C_110,Trauma and Orthopaedics,1000,15,14,0.7591530667704942,0.6984063447864354,0.7907536064768261,161.57142857142858
C_110,Trauma and Orthopaedics,1000,16,13,0.7458465121082766,0.6962779807307621,0.7693605206591831,161.0
C_110,Trauma and Orthopaedics,1000,17,12,0.7330698007985674,0.68916689022631,0.7574904466204921,160.33333333333334
C_110,Trauma and Orthopaedics,1000,18,11,0.7203364411431341,0.6769693909005647,0.7476803200382136,159.8181818181818
C_110,Trauma and Orthopaedics,1000,19,10,0.7067394654072473,0.6729422006991961,0.7303439587483885,159.3
C_110,Trauma and Orthopaedics,1000,20,9,0.695100909391156,0.6764815829331959,0.7176414768806074,158.88888888888889
C_110,Trauma and Orthopaedics,1000,21,8,0.6837809675194968,0.6571066951239734,0.7061144966600258,158.375
C_110,Trauma and Orthopaedics,1000,22,7,0.6727564836251559,0.6546940104265705,0.6947292863002461,158.14285714285714
C_110,Trauma and Orthopaedics,1000,23,6,0.6609325514453487,0.6466115357057559,0.6710845391003417,158.0
C_110,Trauma and Orthopaedics,1000,24,5,0.6498767402921514,0.63881412468369,0.6628638232685641,158.4
C_110,Trauma and Orthopaedics,1000,25,4,0.6391228642432076,0.6310166895106022,0.6464722162241501,159.0
C_110,Trauma and Orthopaedics,1000,26,3,0.6314270951823061,0.6298476175118922,0.632803384452027,159.33333333333334
C_110,Trauma and Orthopaedics,1000,27,2,0.622389982110232,0.6115506329113924,0.6332293313090716,158.5
C_110,Trauma and Orthopaedics,1000,28,1,0.6162765703367566,0.6162765703367566,0.6162765703367566,159.0
