period,kind,status,band_count,raw_rows,retained_rows,pooled_rows,certified_blank_zero_cells,unresolved_blank_rows,negative_cells,fractional_cells,duplicate_raw_keys,C999_reconciliation_failures,total_mismatches,total_all_mismatches,national_totals,sha256
2019-02,baseline,ok,53,65503,64689,3873,0,0,0,0,0,0,0,0,"{""Part_2"": 4144110}",8d819bbb4774719e7cabdedb02de11cfcef37029e2f899e9b82df274e3d203f1
2024-01,monthly,ok,105,66516,65423,4109,1027783,0,0,0,0,0,0,0,"{""Part_2"": 7575914}",1e2f71d0404a739634e77a7db6dbbf3d36cae8000016391ab4093a5e718ff865
2024-02,monthly,ok,105,65833,64766,4048,1003647,0,0,0,0,0,0,0,"{""Part_2"": 7536907}",a0931db8f4a3959ecbae56447fff1b85dbf5d35c802b3ccd2c040ef43443d32c
2024-03,monthly,ok,105,65671,64590,4039,1001217,0,0,0,0,0,0,0,"{""Part_2"": 7538830}",34cd3a3a5c2cbc4bd73dd94d9b0568c134d948215e35f6df64e99477afe51633
2024-04,monthly,ok,105,65543,64480,4029,995740,0,0,0,0,0,0,0,"{""Part_2"": 7570371}",b92298fc4f4672ce4d9572275653b4025eeffd58e76ad64f29d7efb9623544c0
2024-05,monthly,ok,105,65376,64324,4041,1063397,0,0,0,0,0,0,0,"{""Part_2"": 7601650}",d6cad83344e2de2fdd8d74d50f00ad8e6fa3ab2da397ebcf8db3b4615fc28203
2024-06,monthly,ok,105,65766,64714,4047,1011216,0,0,0,0,0,0,0,"{""Part_2"": 7621297}",27c5b2096f2a79a08f73e1f639301febf12b61fc87c2335a912f3f266eb5dbcf
2024-07,monthly,ok,105,66005,64931,4053,1048244,0,0,0,0,0,0,0,"{""Part_2"": 7623081}",1307ab332efdeb89b5c1023034e7ddc372c82c36c14e6843db61f44f11b6eab3
2024-08,monthly,ok,105,66497,65407,4067,992935,0,0,0,0,0,0,0,"{""Part_2"": 7641774}",20aa307899d1667f21b37993bf8bf2ac6447660240af5c13603491af7f5dd18e
2024-09,monthly,ok,105,66820,65739,4083,971526,0,0,0,0,0,0,0,"{""Part_2"": 7571549}",010fdebe4b94408a53c83e330cf0b8293617c91883bae0dd27786ad7abae8ef8
2024-10,monthly,ok,105,67206,66130,4086,973236,0,0,0,0,0,0,0,"{""Part_2"": 7541371}",79f2f590eb4ef83656b725b3f57c683012e5a123342cee76e8b5079d67bee62b
2024-11,monthly,ok,105,66975,65887,4091,973325,0,0,0,0,0,0,0,"{""Part_2"": 7479867}",edb7873d184e174ecb2db996d94e393504d4afeae82631f76fd5257b4e421c00
2024-12,monthly,ok,105,67224,66152,4078,1056313,0,0,0,0,0,0,0,"{""Part_2"": 7463085}",e882acc559d2d709a42defa4e0721e6b6dc6765f005aa0bf4d2b656fc83774bc
2025-01,monthly,ok,105,66591,65531,4075,968563,0,0,0,0,0,0,0,"{""Part_2"": 7427669}",3de94fcba764a2f78056ba8410efd86b62f033b957504807dec9285ad06717e1
2025-02,monthly,ok,105,66164,65106,4076,956356,0,0,0,0,0,0,0,"{""Part_2"": 7401153}",9dbe97529088973448ed5d88d9fab939c874555ab65531c06037d037af79cbfe
2025-02,full,ok,105,184340,50407,7144,726993,0,0,0,0,0,0,0,"{""Part_1A"": 310349, ""Part_1B"": 1147295}",6898db6ac0d15238d73704629775e40112818268a23125fd1977e535622b6b81
2025-03,monthly,ok,105,65828,64776,4067,949476,0,0,0,0,0,0,0,"{""Part_2"": 7418598}",be65ed8b280187ac2161a7ee8c7bbdbc491bc41aeebbcde9621d72173b10226a
2025-04,monthly,ok,105,65638,64607,4083,954511,0,0,0,0,0,0,0,"{""Part_2"": 7389065}",55bd4528a8a7af949f51eaacf7c79f07417f259ff1d2cd0ce1d61a901c9a24d7
2025-05,monthly,ok,105,65337,64298,4071,948149,0,0,0,0,0,0,0,"{""Part_2"": 7355950}",51a5dbceeba7bebfe46ac06c773e074a3bcf564197a4272ac9fca298151eda1a
2025-06,monthly,ok,105,65088,64059,4087,954899,0,0,0,0,0,0,0,"{""Part_2"": 7367836}",7607b5c994ec14b85389e847b924b120b4705a8ba7c817b24a73b0f26a13236e
2025-07,monthly,ok,105,64304,63264,4075,864972,0,0,0,0,0,0,0,"{""Part_2"": 7299023}",76cddddd1cbd105b751ff4f3ce9e346e8b9c4ef9cb9c144a31c76d1b67486bb5
2025-08,monthly,ok,105,64465,63438,4070,869475,0,0,0,0,0,0,0,"{""Part_2"": 7312356}",4200f2c1338795882f37a4b5d382793f6171dd43d27218d63f51602c75f84bbe
2025-09,monthly,ok,105,64994,63952,4076,881101,0,0,0,0,0,0,0,"{""Part_2"": 7296893}",99acef049bb363a1118c262f3d5588418a8902790e6a87ec2b4a03d17c561d6d
2025-10,monthly,ok,105,65332,64275,4073,879860,0,0,0,0,0,0,0,"{""Part_2"": 7304189}",64f109e4eac993ee3c9b5fcfc3fe90901c1af8d29f811496a1d232323162a1a2
2025-11,monthly,ok,105,64526,63512,4092,873883,0,0,0,0,0,0,0,"{""Part_2"": 7159010}",2ba4a5de509d2c7cb40e90d96fdf206b895d1c7abd3990d70220088ee08b0cf1
2025-12,monthly,ok,105,65174,64110,4097,858075,0,0,0,0,0,0,0,"{""Part_2"": 7199624}",9a32fc5713e135b68d71f5264fabdb54ebd863491567f3c558e54bdf059ea474
2026-01,monthly,ok,105,64894,63841,4112,851223,0,0,0,0,0,0,0,"{""Part_2"": 7155958}",10b4240db8c533b7708d1cb08c0843b07f1be670b713e13c75197c156ba24e7e
2026-02,monthly,ok,105,64559,63535,4111,858351,0,0,0,0,0,0,0,"{""Part_2"": 7124952}",b9435feea4c3f37874c88bc7b378e6720def169b05ec992fe0b73365288628c6
2026-03,monthly,ok,105,63833,62790,4167,846390,0,0,0,0,0,0,0,"{""Part_2"": 7014835}",89f37a6027957c4a81a68cae59bbb37edf7ba96813c1d84cfc05bfdc25109d38
2026-04,monthly,ok,105,63654,62634,4121,836301,0,0,0,0,0,0,0,"{""Part_2"": 7093502}",bc5e54816022e35193dc1c0f9d9da417787245b5e67fbee6fc796f64669bdaff
2026-04,full,ok,105,180781,49231,7235,657003,0,0,0,0,0,0,0,"{""Part_1A"": 287231, ""Part_1B"": 1159840}",0486aca5891a96af4f15e2f4559795138baef08b0ed580602b8c3a7aec6a56e9
2026-05,monthly,ok,105,63321,62300,4125,867516,0,0,0,0,0,0,0,"{""Part_2"": 7153655}",79887161cc596ff37264aba97c05dbb49b4aa4ee2b5b296f33ee5a18afbf8f1c
