period,code,within18_count_difference,middle_count_difference,total_difference,within18_pp_difference,status
2024-01,C_100,0,0,0,-0.00144192527035,PASS
2024-01,C_110,0,0,0,0.00371457230111,PASS
2024-01,C_120,0,0,0,-0.00348166119043,PASS
2024-01,C_130,0,0,0,-0.00475019652659,PASS
2024-01,C_301,0,0,0,0.00341715183583,PASS
2024-01,C_320,0,0,0,-0.000466808884426,PASS
2024-01,C_400,0,0,0,0.00223332393957,PASS
2024-02,C_100,0,0,0,0.00124828753324,PASS
2024-02,C_110,0,0,0,0.000413626575053,PASS
2024-02,C_120,0,0,0,-0.00386274228742,PASS
2024-02,C_130,0,0,0,-0.0026914925825,PASS
2024-02,C_301,0,0,0,-0.00137533615059,PASS
2024-02,C_320,0,0,0,0.00491197562479,PASS
2024-02,C_400,0,0,0,0.000383299110197,PASS
2024-03,C_100,0,0,0,-0.00484156087047,PASS
2024-03,C_110,0,0,0,-0.00395274876144,PASS
2024-03,C_120,0,0,0,-0.00376005880835,PASS
2024-03,C_130,0,0,0,-0.00362291483326,PASS
2024-03,C_301,0,0,0,0.0031792733587,PASS
2024-03,C_320,0,0,0,0.00317036101298,PASS
2024-03,C_400,0,0,0,-0.0034270280998,PASS
2024-04,C_100,0,0,0,3.84690632771e-05,PASS
2024-04,C_110,0,0,0,0.00232727621997,PASS
2024-04,C_120,0,0,0,-0.00421437376197,PASS
2024-04,C_130,0,0,0,-0.00108193876852,PASS
2024-04,C_301,0,0,0,0.0048385385855,PASS
2024-04,C_320,0,0,0,-0.00432228287768,PASS
2024-04,C_400,0,0,0,0.00330994067119,PASS
2024-05,C_100,0,0,0,0.00376587325025,PASS
2024-05,C_110,0,0,0,-0.00374344509156,PASS
2024-05,C_120,0,0,0,0.00197969017465,PASS
2024-05,C_130,0,0,0,-0.00242413621656,PASS
2024-05,C_301,0,0,0,-0.00297771927982,PASS
2024-05,C_320,0,0,0,0.00481358168093,PASS
2024-05,C_400,0,0,0,-0.00496161957701,PASS
2024-06,C_100,0,0,0,-0.00230298682174,PASS
2024-06,C_110,0,0,0,-0.0035879353795,PASS
2024-06,C_120,0,0,0,-0.00242042898562,PASS
2024-06,C_130,0,0,0,-7.59656286675e-05,PASS
2024-06,C_301,0,0,0,-0.00242578321819,PASS
2024-06,C_320,0,0,0,0.000521432405485,PASS
2024-06,C_400,0,0,0,-0.00365175353183,PASS
2024-07,C_100,0,0,0,-0.00492311467169,PASS
2024-07,C_110,0,0,0,0.000471493354112,PASS
2024-07,C_120,0,0,0,0.00348169645641,PASS
2024-07,C_130,0,0,0,-0.00326466376301,PASS
2024-07,C_301,0,0,0,0.00150006929793,PASS
2024-07,C_320,0,0,0,-0.00175234047441,PASS
2024-07,C_400,0,0,0,-0.00137775795799,PASS
2024-08,C_100,0,0,0,-0.00380590112928,PASS
2024-08,C_110,0,0,0,0.00337542771625,PASS
2024-08,C_120,0,0,0,0.0024945355569,PASS
2024-08,C_130,0,0,0,-0.000476741662453,PASS
2024-08,C_301,0,0,0,0.00149295370896,PASS
2024-08,C_320,0,0,0,0.000930138128211,PASS
2024-08,C_400,0,0,0,0.000670650533976,PASS
2024-09,C_100,0,0,0,-0.00412283563514,PASS
2024-09,C_110,0,0,0,-0.00260758762606,PASS
2024-09,C_120,0,0,0,-0.00405728732888,PASS
2024-09,C_130,0,0,0,0.000931252852396,PASS
2024-09,C_301,0,0,0,-0.00459017401621,PASS
2024-09,C_320,0,0,0,0.00325928513892,PASS
2024-09,C_400,0,0,0,-0.00164280845262,PASS
2024-10,C_100,0,0,0,-0.00398125260515,PASS
2024-10,C_110,0,0,0,-0.00408900731599,PASS
2024-10,C_120,0,0,0,-0.000521338608976,PASS
2024-10,C_130,0,0,0,0.00179670686815,PASS
2024-10,C_301,0,0,0,0.00363954978108,PASS
2024-10,C_320,0,0,0,0.00268670952897,PASS
2024-10,C_400,0,0,0,-0.00128362640457,PASS
2024-11,C_100,0,0,0,-0.00119271706766,PASS
2024-11,C_110,0,0,0,0.000355731225298,PASS
2024-11,C_120,0,0,0,0.00466230833609,PASS
2024-11,C_130,0,0,0,-9.76621062421e-05,PASS
2024-11,C_301,0,0,0,-0.000165577075826,PASS
2024-11,C_320,0,0,0,0.00239545980195,PASS
2024-11,C_400,0,0,0,-0.000244198786689,PASS
2024-12,C_100,0,0,0,-0.00359135251728,PASS
2024-12,C_110,0,0,0,-0.00422254050038,PASS
2024-12,C_120,0,0,0,0.00451223343706,PASS
2024-12,C_130,0,0,0,-0.00232695779658,PASS
2024-12,C_301,0,0,0,-0.0018259790945,PASS
2024-12,C_320,0,0,0,0.00381244354684,PASS
2024-12,C_400,0,0,0,-0.00288732846654,PASS
2025-01,C_100,0,0,0,0.00316791219917,PASS
2025-01,C_110,0,0,0,0.00107636771887,PASS
2025-01,C_120,0,0,0,-0.00118907330415,PASS
2025-01,C_130,0,0,0,1.36577155843e-05,PASS
2025-01,C_301,0,0,0,-0.00292465556178,PASS
2025-01,C_320,0,0,0,0.00359579572057,PASS
2025-01,C_400,0,0,0,-0.00357662510462,PASS
2025-02,C_100,0,0,0,-0.00195074084976,PASS
2025-02,C_110,0,0,0,0.000665320185334,PASS
2025-02,C_120,0,0,0,0.00433153966983,PASS
2025-02,C_130,0,0,0,-0.00252560547395,PASS
2025-02,C_301,0,0,0,0.0028564180619,PASS
2025-02,C_320,0,0,0,0.00475004920052,PASS
2025-02,C_400,0,0,0,-0.000966162550327,PASS
2025-03,C_100,0,0,0,-0.00176877416544,PASS
2025-03,C_110,0,0,0,0.00443044791274,PASS
2025-03,C_120,0,0,0,-0.00388486162792,PASS
2025-03,C_130,0,0,0,0.000900621753885,PASS
2025-03,C_301,0,0,0,-0.00099488362914,PASS
2025-03,C_320,0,0,0,-0.00378237643125,PASS
2025-03,C_400,0,0,0,-0.00374668317708,PASS
2025-04,C_100,0,0,0,-0.0021322707076,PASS
2025-04,C_110,0,0,0,0.00425342368384,PASS
2025-04,C_120,0,0,0,-0.00347871544527,PASS
2025-04,C_130,0,0,0,-0.000864298831715,PASS
2025-04,C_301,0,0,0,0.00282250041989,PASS
2025-04,C_320,0,0,0,0.000905579189286,PASS
2025-04,C_400,0,0,0,0.00378115235204,PASS
2025-05,C_100,0,0,0,-0.00310886086225,PASS
2025-05,C_110,0,0,0,-0.001289877377,PASS
2025-05,C_120,0,0,0,-0.00220917329678,PASS
2025-05,C_130,0,0,0,0.00320409264079,PASS
2025-05,C_301,0,0,0,-0.0011389707814,PASS
2025-05,C_320,0,0,0,0.00466085721857,PASS
2025-05,C_400,0,0,0,0.00262376015036,PASS
2025-06,C_100,0,0,0,0.00220679563228,PASS
2025-06,C_110,0,0,0,-0.000768498130498,PASS
2025-06,C_120,0,0,0,0.00233488489118,PASS
2025-06,C_130,0,0,0,-0.000633870224419,PASS
2025-06,C_301,0,0,0,0.00199664586604,PASS
2025-06,C_320,0,0,0,0.00310492857451,PASS
2025-06,C_400,0,0,0,0.00405508008177,PASS
2025-07,C_100,0,0,0,0.00206722008505,PASS
2025-07,C_110,0,0,0,-0.003638644267,PASS
2025-07,C_120,0,0,0,0.00208476517755,PASS
2025-07,C_130,0,0,0,0.00300130289489,PASS
2025-07,C_301,0,0,0,0.00190700255007,PASS
2025-07,C_320,0,0,0,0.000472423099907,PASS
2025-07,C_400,0,0,0,-0.000396996642067,PASS
2025-08,C_100,0,0,0,0.00206301044274,PASS
2025-08,C_110,0,0,0,0.00441538592667,PASS
2025-08,C_120,0,0,0,-0.00351301079476,PASS
2025-08,C_130,0,0,0,0.0034247680791,PASS
2025-08,C_301,0,0,0,-0.000908628621531,PASS
2025-08,C_320,0,0,0,0.00118163928662,PASS
2025-08,C_400,0,0,0,-0.000273803819567,PASS
2025-09,C_100,0,0,0,9.34650648929e-05,PASS
2025-09,C_110,0,0,0,-0.00273887311019,PASS
2025-09,C_120,0,0,0,-0.00236831835164,PASS
2025-09,C_130,0,0,0,-0.00121388086853,PASS
2025-09,C_301,0,0,0,-0.00314779543676,PASS
2025-09,C_320,0,0,0,0.00422052546762,PASS
2025-09,C_400,0,0,0,0.00335474247449,PASS
2025-10,C_100,0,0,0,-0.00131902741556,PASS
2025-10,C_110,0,0,0,-0.00313925518513,PASS
2025-10,C_120,0,0,0,-0.00414835155886,PASS
2025-10,C_130,0,0,0,0.000569201444065,PASS
2025-10,C_301,0,0,0,-0.00412291344182,PASS
2025-10,C_320,0,0,0,-0.00166176808326,PASS
2025-10,C_400,0,0,0,0.00321329452379,PASS
2025-11,C_100,0,0,0,-0.00437105268679,PASS
2025-11,C_110,0,0,0,-0.000800900390459,PASS
2025-11,C_120,0,0,0,-0.000353483597848,PASS
2025-11,C_130,0,0,0,-0.000853013982734,PASS
2025-11,C_301,0,0,0,-0.00491890624667,PASS
2025-11,C_320,0,0,0,-0.00311388234312,PASS
2025-11,C_400,0,0,0,-0.00066202992916,PASS
2025-12,C_100,0,0,0,-0.00406787222343,PASS
2025-12,C_110,0,0,0,0.00472179980955,PASS
2025-12,C_120,0,0,0,-0.00274917656317,PASS
2025-12,C_130,0,0,0,0.00460416074094,PASS
2025-12,C_301,0,0,0,-0.00396827187144,PASS
2025-12,C_320,0,0,0,0.00325384203626,PASS
2025-12,C_400,0,0,0,-0.00298654635095,PASS
2026-01,C_100,0,0,0,0.00427541262162,PASS
2026-01,C_110,0,0,0,0.00214727211019,PASS
2026-01,C_120,0,0,0,0.000757989562224,PASS
2026-01,C_130,0,0,0,-0.0032842525162,PASS
2026-01,C_301,0,0,0,0.00320129919297,PASS
2026-01,C_320,0,0,0,0.00275854879066,PASS
2026-01,C_400,0,0,0,-0.00338295837319,PASS
2026-02,C_100,0,0,0,-0.00010311715095,PASS
2026-02,C_110,0,0,0,0.000282394469778,PASS
2026-02,C_120,0,0,0,-0.00272628049674,PASS
2026-02,C_130,0,0,0,-0.00220545335874,PASS
2026-02,C_301,0,0,0,0.00175445820533,PASS
2026-02,C_320,0,0,0,4.54892254851e-05,PASS
2026-02,C_400,0,0,0,0.00376991763709,PASS
2026-03,C_100,0,0,0,-0.00456592699705,PASS
2026-03,C_110,0,0,0,-0.00104899370785,PASS
2026-03,C_120,0,0,0,-0.00134105954547,PASS
2026-03,C_130,0,0,0,-0.00176685547233,PASS
2026-03,C_301,0,0,0,0.00207886811721,PASS
2026-03,C_320,0,0,0,-0.000731532744169,PASS
2026-03,C_400,0,0,0,0.00324251898169,PASS
2026-04,C_100,0,0,0,0.00495704647362,PASS
2026-04,C_110,0,0,0,-0.00403381421573,PASS
2026-04,C_120,0,0,0,0.00179874141137,PASS
2026-04,C_130,0,0,0,-0.00110697747532,PASS
2026-04,C_301,0,0,0,-0.00256502044211,PASS
2026-04,C_320,0,0,0,0.0025026566214,PASS
2026-04,C_400,0,0,0,0.00416700942132,PASS
2026-05,C_100,0,0,0,-0.000987871464254,PASS
2026-05,C_110,0,0,0,-0.00342625247597,PASS
2026-05,C_120,0,0,0,0.00447694971321,PASS
2026-05,C_130,0,0,0,-0.00208442815489,PASS
2026-05,C_301,0,0,0,-0.00228316943524,PASS
2026-05,C_320,0,0,0,0.0019705566023,PASS
2026-05,C_400,0,0,0,0.00298008969992,PASS
