period,part,kind,code,name,release,total,within18_count,middle_count,over52_count,open_count,closed_share,within18_share,middle_share,over52_share,p50,p50_band_lower,p75,p75_band_lower,p92,p92_band_lower,p95,p95_band_lower,gap_weeks
2024-01,Part_2,monthly,C_100,General surgery,revised-or-established,424169,233202,168216,22751,10,0.999976424491,0.549785580747,0.39657777914,0.0536366401128,15.7953076019,15,29.8323659254,29,47.3433642195,47,52.7747614264,52,29.3433642195
2024-01,Part_2,monthly,C_110,Trauma and orthopaedics,revised-or-established,849406,462703,339801,46902,63,0.999925830522,0.544737145723,0.400045443522,0.0552174107553,16.1496002681,16,29.8394626298,29,47.4510968715,47,53.1949620039,53,29.4510968715
2024-01,Part_2,monthly,C_120,ENT,revised-or-established,621169,300003,282392,38774,11,0.999982291454,0.482965183388,0.454613800753,0.0624210158588,18.8328610783,18,33.8180106101,33,49.5039317735,49,54.1273131127,54,31.5039317735
2024-01,Part_2,monthly,C_130,Ophthalmology,revised-or-established,605516,384595,206402,14519,8,0.999986788128,0.635152498035,0.340869605427,0.0239778965378,12.6132581258,12,24.5495407888,24,40.2708121711,40,45.5269279393,45,22.2708121711
2024-01,Part_2,monthly,C_301,Gastroenterology,revised-or-established,384402,227656,142204,14542,2,0.999994797113,0.592234171518,0.369935640293,0.0378301881884,14.1336463224,14,27.2497226331,27,44.2008196063,44,49.2507786429,49,26.2008196063
2024-01,Part_2,monthly,C_320,Cardiology,revised-or-established,398450,238590,149861,9999,3,0.999992470824,0.598795331911,0.376109925963,0.0250947421257,14.1139014296,14,26.2023458133,26,41.1285255266,41,46.188727783,46,23.1285255266
2024-01,Part_2,monthly,C_400,Neurology,revised-or-established,234198,125348,101133,7717,0,1,0.535222333239,0.431826915687,0.0329507510739,16.4827223294,16,29.2744168162,29,44.0317814208,44,48.5173657101,48,26.0317814208
2024-01,Part_2,monthly,C_999,"England, all specialties",revised-or-established,7575914,4321271,2933249,321394,376,0.999950369025,0.570395994464,0.387180873489,0.0424231320472,15.0395728511,15,28.5058518566,28,45.2683845915,45,50.3807723533,50,27.2683845915
2024-02,Part_2,monthly,C_100,General surgery,revised-or-established,421906,233699,166491,21716,19,0.999954966272,0.553912482875,0.39461633634,0.0514711807843,15.5613038278,15,29.7243513651,29,47.0085527273,47,52.3013106796,52,29.0085527273
2024-02,Part_2,monthly,C_110,Trauma and orthopaedics,revised-or-established,842354,457149,340503,44702,36,0.999957262624,0.542704136266,0.40422791368,0.0530679500543,16.1578947368,16,29.945572264,29,47.1855942468,47,52.664344473,52,29.1855942468
2024-02,Part_2,monthly,C_120,ENT,revised-or-established,627870,308825,279855,39190,19,0.999969738959,0.491861372577,0.445721248029,0.0624173793938,18.4095207565,18,33.5901839776,33,49.6064617809,49,54.0118263473,54,31.6064617809
2024-02,Part_2,monthly,C_130,Ophthalmology,revised-or-established,607752,389735,203481,14536,3,0.999995063776,0.641273085074,0.334809264305,0.0239176506206,12.3511010862,12,24.0128107697,24,40.2793176783,40,45.2517219388,45,22.2793176783
2024-02,Part_2,monthly,C_301,Gastroenterology,revised-or-established,390450,233718,142865,13867,3,0.999992316558,0.598586246638,0.365898322448,0.035515430913,13.9589605907,13,26.8080797022,26,43.3210202287,43,48.8900851277,48,25.3210202287
2024-02,Part_2,monthly,C_320,Cardiology,revised-or-established,399094,239037,150172,9885,1,0.999997494325,0.598949119756,0.376282279363,0.024768600881,14.1242443382,14,25.9422869471,25,41.0672945892,41,45.9325206992,45,23.0672945892
2024-02,Part_2,monthly,C_400,Neurology,revised-or-established,233760,125156,101105,7499,1,0.999995722108,0.535403832991,0.432516255989,0.0320799110198,16.563042028,16,29.5114822547,29,43.6113977205,43,48.3704797048,48,25.6113977205
2024-02,Part_2,monthly,C_999,"England, all specialties",revised-or-established,7536907,4338109,2893879,304919,252,0.999966564534,0.575582132034,0.383961086424,0.0404567815418,14.7854880885,14,28.1973636615,28,44.6293613659,44,50.0046272809,50,26.6293613659
2024-03,Part_2,monthly,C_100,General surgery,revised-or-established,421329,233438,166896,20995,17,0.999959651484,0.554051584391,0.396117998049,0.0498304175597,15.5867421096,15,29.5042544229,29,46.3215881262,46,51.9596327684,51,28.3215881262
2024-03,Part_2,monthly,C_110,Trauma and orthopaedics,revised-or-established,835449,448436,343897,43116,28,0.999966485088,0.536760472512,0.411631350328,0.0516081771598,16.4293242562,16,29.8023754056,29,46.6356073474,46,52.329462972,52,28.6356073474
2024-03,Part_2,monthly,C_120,ENT,revised-or-established,639365,313073,283224,43068,18,0.999971847067,0.489662399412,0.442977016258,0.0673605843298,18.4812509101,18,33.5773059253,33,49.856855151,49,54.6158890116,54,31.856855151
2024-03,Part_2,monthly,C_130,Ophthalmology,revised-or-established,611342,391359,204546,15437,3,0.999995092763,0.640163770852,0.334585223983,0.0252510051657,11.2310857143,11,24.1449017011,24,40.5795094863,40,45.5673344948,45,22.5795094863
2024-03,Part_2,monthly,C_301,Gastroenterology,revised-or-established,390454,231005,145345,14104,2,0.999994877758,0.591631792734,0.372246154477,0.0361220527898,14.0621964097,14,26.9117852771,26,43.1894101756,43,48.550334608,48,25.1894101756
2024-03,Part_2,monthly,C_320,Cardiology,revised-or-established,405304,240196,154556,10552,1,0.999997532716,0.59263170361,0.381333517557,0.0260347788327,14.273618044,14,26.2309033281,26,41.4666489362,41,46.295607763,46,23.4666489362
2024-03,Part_2,monthly,C_400,Neurology,revised-or-established,231781,122187,102403,7191,1,0.999995685583,0.527165729719,0.441809294118,0.0310249761628,16.8564930432,16,29.6512134002,29,43.931270037,43,48.0279712339,48,25.931270037
2024-03,Part_2,monthly,C_999,"England, all specialties",revised-or-established,7538830,4312728,2916803,309299,232,0.999969225994,0.572068610116,0.386903936022,0.0410274538622,14.8694465445,14,28.0497385388,28,44.6696371692,44,49.7384971987,49,26.6696371692
2024-04,Part_2,monthly,C_100,General surgery,revised-or-established,424237,240288,164022,19927,10,0.99997642827,0.566400384691,0.386628229032,0.046971386277,14.5639393645,14,29.3579771587,29,46.342841455,46,51.3103327966,51,28.342841455
2024-04,Part_2,monthly,C_110,Trauma and orthopaedics,revised-or-established,832905,455785,335781,41339,33,0.999960379635,0.547223272762,0.40314441623,0.0496323110079,15.3390415993,15,29.8895470529,29,46.7264356753,46,51.9164164847,51,28.7264356753
2024-04,Part_2,monthly,C_120,ENT,revised-or-established,652244,327399,280362,44483,17,0.999973936134,0.501957856262,0.429842206291,0.0681999374467,17.8181947608,17,32.9286770561,32,50.1888893352,50,55.2994690265,55,32.1888893352
2024-04,Part_2,monthly,C_130,Ophthalmology,revised-or-established,613214,400974,197181,15059,4,0.999993476992,0.653889180612,0.321553323962,0.0245574954257,11.3272746431,11,23.9911982705,23,40.4624819028,40,45.7140147862,45,22.4624819028
2024-04,Part_2,monthly,C_301,Gastroenterology,revised-or-established,392168,237712,141300,13156,2,0.999994900145,0.606148385386,0.360304767345,0.0335468472695,13.0984123948,13,26.6254722072,26,42.8664835562,42,47.9840038314,47,24.8664835562
2024-04,Part_2,monthly,C_320,Cardiology,revised-or-established,410149,246974,152969,10206,0,1,0.602156777171,0.372959582981,0.024883639848,13.4315445026,13,26.0994740357,26,41.5525876011,41,46.1891807229,46,23.5525876011
2024-04,Part_2,monthly,C_400,Neurology,revised-or-established,234119,124840,102034,7245,2,0.999991457336,0.533233099407,0.435821099526,0.030945801067,15.9544603337,15,29.9981810833,29,44.2689122807,44,48.3349526066,48,26.2689122807
2024-04,Part_2,monthly,C_999,"England, all specialties",revised-or-established,7570371,4408948,2858834,302589,275,0.999963674171,0.582395235319,0.377634596772,0.0399701679085,13.9131996563,13,28.0163241271,28,44.7625742611,44,49.8201718523,49,26.7625742611
2024-05,Part_2,monthly,C_100,General surgery,revised-or-established,423275,241452,161903,19920,8,0.999981099758,0.570437658733,0.382500738291,0.0470616029768,14.9512230216,14,29.5154431896,29,46.4941176471,46,51.4122164461,51,28.4941176471
2024-05,Part_2,monthly,C_110,Trauma and orthopaedics,revised-or-established,837731,469098,326220,42413,28,0.999966576383,0.559962565549,0.389409010768,0.0506284236825,15.4352060117,15,29.9783685876,29,47.1905751133,47,52.1701519069,52,29.1905751133
2024-05,Part_2,monthly,C_120,ENT,revised-or-established,656628,333974,277262,45392,6,0.999990862406,0.508619796902,0.422251259465,0.0691289436332,17.6282674373,17,32.970428354,32,50.4467507189,50,55.4228832952,55,32.4467507189
2024-05,Part_2,monthly,C_130,Ophthalmology,revised-or-established,613435,407490,190517,15428,9,0.999985328519,0.664275758638,0.310574062452,0.0251501789106,11.6539506046,11,23.8826501484,23,40.3164351245,40,45.7364561767,45,22.3164351245
2024-05,Part_2,monthly,C_301,Gastroenterology,revised-or-established,390517,238399,139227,12891,1,0.999997439292,0.610470222807,0.356519690564,0.0330100866288,13.399437345,13,26.8642894462,26,42.9771286425,42,47.9074083251,47,24.9771286425
2024-05,Part_2,monthly,C_320,Cardiology,revised-or-established,412379,250004,151665,10710,1,0.999997575046,0.606248135817,0.367780609585,0.0259712545983,13.8587022702,13,26.456591514,26,41.8229140893,41,46.5967172845,46,23.8229140893
2024-05,Part_2,monthly,C_400,Neurology,revised-or-established,234234,125936,100447,7851,1,0.999995730765,0.537650383804,0.428831851909,0.033517764287,16.4444066065,16,30.5540123457,30,44.9797278912,44,48.9683266932,48,26.9797278912
2024-05,Part_2,monthly,C_999,"England, all specialties",revised-or-established,7601650,4491807,2802343,307500,259,0.99996592845,0.59089894957,0.368649306401,0.0404517440293,14.2035131069,14,28.1169965724,28,44.9509091943,44,49.9985136519,49,26.9509091943
2024-06,Part_2,monthly,C_100,General surgery,revised-or-established,423728,240583,162755,20390,10,0.999976399955,0.567776970132,0.384102537477,0.0481204923913,14.9967133881,14,29.5133614627,29,46.6215764222,46,51.6438282648,51,28.6215764222
2024-06,Part_2,monthly,C_110,Trauma and orthopaedics,revised-or-established,840043,471570,325815,42658,18,0.999978572525,0.561364120646,0.38785514551,0.0507807338434,15.3536100196,15,29.8888242393,29,47.0348819607,47,52.1595353928,52,29.0348819607
2024-06,Part_2,monthly,C_120,ENT,revised-or-established,658437,329861,283743,44833,7,0.999989368763,0.50097579571,0.430934166822,0.0680900374675,17.9578439735,17,32.7583759382,32,50.1441812176,50,55.2525964813,55,32.1441812176
2024-06,Part_2,monthly,C_130,Ophthalmology,revised-or-established,610276,403453,191918,14905,8,0.999986891177,0.661099240344,0.314477384003,0.024423375653,11.4154157531,11,22.787803241,22,39.7820968908,39,45.3201384083,45,21.7820968908
2024-06,Part_2,monthly,C_301,Gastroenterology,revised-or-established,390983,237239,141769,11975,3,0.999992327032,0.606775742168,0.362596327718,0.0306279301146,13.6162751299,13,26.4361720067,26,42.4475795707,42,47.5692255435,47,24.4475795707
2024-06,Part_2,monthly,C_320,Cardiology,revised-or-established,417312,251224,155862,10226,0,1,0.602005214324,0.373490338164,0.0245044475117,14.0574353635,14,25.8750497413,25,41.2816710183,41,46.2446222222,46,23.2816710183
2024-06,Part_2,monthly,C_400,Neurology,revised-or-established,234156,125101,100733,8322,1,0.999995729343,0.534263482465,0.430196108577,0.0355404089581,16.5829952373,16,30.6051401869,30,45.3770212766,45,49.5242564442,49,27.3770212766
2024-06,Part_2,monthly,C_999,"England, all specialties",revised-or-established,7621297,4487082,2831522,302693,120,0.999984254649,0.588755693421,0.371527575949,0.03971673063,14.3422540374,14,27.9248100444,27,44.6961442475,44,49.8097824121,49,26.6961442475
2024-07,Part_2,monthly,C_100,General surgery,revised-or-established,419781,240220,159366,20195,9,0.999978560249,0.572250768853,0.379640812709,0.0481084184372,14.508549027,14,28.3730006664,28,46.3586988458,46,51.6403759058,51,28.3586988458
2024-07,Part_2,monthly,C_110,Trauma and orthopaedics,revised-or-established,850977,485146,324223,41608,17,0.999980022962,0.570104714934,0.381000896616,0.04889438845,14.6075640416,14,28.3567614933,28,46.310726257,46,51.7875225836,51,28.310726257
2024-07,Part_2,monthly,C_120,ENT,revised-or-established,657441,324733,290574,42134,7,0.999989352657,0.493934816965,0.441977302906,0.0640878801292,18.2725750222,18,32.5107115321,32,49.4465953908,49,54.6572161742,54,31.4465953908
2024-07,Part_2,monthly,C_130,Ophthalmology,revised-or-established,606819,398903,194158,13758,1,0.999998352062,0.657367353362,0.319960317657,0.0226723289811,11.5845551062,11,22.8976481252,22,39.4620956156,39,44.5466568819,44,21.4620956156
2024-07,Part_2,monthly,C_301,Gastroenterology,revised-or-established,389622,237948,141189,10485,1,0.99999743341,0.610715000693,0.362374301246,0.0269106980612,13.3175163168,13,25.5157319857,25,41.5359865772,41,46.3415590864,46,23.5359865772
2024-07,Part_2,monthly,C_320,Cardiology,revised-or-established,417864,250335,157725,9804,0,1,0.599082476595,0.377455344323,0.0234621790822,13.8125593918,13,25.6471168758,25,41.1164283403,41,45.6807378807,45,23.1164283403
2024-07,Part_2,monthly,C_400,Neurology,revised-or-established,235455,126389,100759,8307,0,1,0.53678622242,0.427933150708,0.0352806268714,16.0501821494,16,29.3676813041,29,45.0143939394,45,49.4160547397,49,27.0143939394
2024-07,Part_2,monthly,C_999,"England, all specialties",revised-or-established,7623081,4484009,2848746,290326,107,0.999985963681,0.588214791368,0.373700082683,0.0380851259484,13.9832664359,13,26.8600007684,26,44.1081757179,44,49.4181644436,49,26.1081757179
2024-08,Part_2,monthly,C_100,General surgery,revised-or-established,421682,239668,162142,19872,10,0.999976285447,0.568361940989,0.384512499941,0.0471255590706,15.0204921868,15,28.8547686654,28,46.4226936497,46,51.4424563017,51,28.4226936497
2024-08,Part_2,monthly,C_110,Trauma and orthopaedics,revised-or-established,853954,486868,326972,40114,18,0.999978921581,0.570133754277,0.382891818529,0.046974427194,15.0714907319,15,28.5828500768,28,46.406554873,46,51.4003945231,51,28.406554873
2024-08,Part_2,monthly,C_120,ENT,revised-or-established,651027,314918,297425,38684,7,0.999989247758,0.483724945356,0.456855092032,0.0594199626129,18.6823040762,18,32.1936294416,32,48.8712907745,48,53.9859075707,53,30.8712907745
2024-08,Part_2,monthly,C_130,Ophthalmology,revised-or-established,608212,397342,197536,13334,6,0.999990135019,0.653295232583,0.324781490664,0.0219232767522,11.9274411617,11,23.386140577,23,39.6089097651,39,44.7212410501,44,21.6089097651
2024-08,Part_2,monthly,C_301,Gastroenterology,revised-or-established,390702,237748,142910,10044,0,1,0.608514929537,0.36577749794,0.0257075725233,13.5950757138,13,25.7557846687,25,41.7083976261,41,46.4930138827,46,23.7083976261
2024-08,Part_2,monthly,C_320,Cardiology,revised-or-established,418669,246265,162277,10127,1,0.999997611478,0.588209301381,0.38760213916,0.0241885594587,14.5778698613,14,26.5024881004,26,41.7164790047,41,46.2592724979,46,23.7164790047
2024-08,Part_2,monthly,C_400,Neurology,revised-or-established,236621,125671,101924,9026,1,0.999995773832,0.531106706505,0.430747904877,0.0381453886172,16.691972818,16,30.1219153113,30,45.8890455213,45,49.9345340383,49,27.8890455213
2024-08,Part_2,monthly,C_999,"England, all specialties",revised-or-established,7641774,4452245,2906865,282664,124,0.999983773401,0.582619297561,0.38039138556,0.0369893168785,14.5976038858,14,27.4227098156,27,44.3740800315,44,49.2669083177,49,26.3740800315
2024-09,Part_2,monthly,C_100,General surgery,revised-or-established,413805,238376,158368,17061,7,0.99998308382,0.576058771644,0.382711663706,0.04122956465,14.6695109162,14,28.3581081081,28,45.4516853933,45,50.3099956446,50,27.4516853933
2024-09,Part_2,monthly,C_110,Trauma and orthopaedics,revised-or-established,851887,489898,325610,36379,20,0.999976522708,0.575073924124,0.382222055273,0.0427040206037,14.8231431261,14,28.0688071471,28,45.6810778837,45,50.5544402752,50,27.6810778837
2024-09,Part_2,monthly,C_120,ENT,revised-or-established,639967,310934,297472,31561,2,0.999996874839,0.485859427127,0.464823967486,0.0493166053875,18.628786826,18,31.9399285714,31,47.4130583102,47,51.8858093995,51,29.4130583102
2024-09,Part_2,monthly,C_130,Ophthalmology,revised-or-established,600374,392350,195730,12294,4,0.999993337486,0.653509312529,0.326013451615,0.0204772358563,11.9142005535,11,23.1149530902,23,38.1134082397,38,44.3030992417,44,20.1134082397
2024-09,Part_2,monthly,C_301,Gastroenterology,revised-or-established,390251,239284,142245,8722,2,0.999994875093,0.61315409826,0.364496183226,0.0223497185145,13.3477993955,13,25.2158183633,25,40.9133883058,40,45.8010901163,45,22.9133883058
2024-09,Part_2,monthly,C_320,Cardiology,revised-or-established,412164,242201,160822,9141,0,1,0.587632592851,0.390189342107,0.0221780650421,14.4503533873,14,26.4288617886,26,41.4898751201,41,45.9083267248,45,23.4898751201
2024-09,Part_2,monthly,C_400,Neurology,revised-or-established,234720,126698,99519,8503,0,1,0.539783571915,0.423990286299,0.036226141786,16.1826102108,16,29.808481153,29,45.4926853707,45,49.6126429052,49,27.4926853707
2024-09,Part_2,monthly,C_999,"England, all specialties",revised-or-established,7571549,4429902,2892623,249024,113,0.999985075709,0.585072090268,0.382038470596,0.0328894391359,14.4043179513,14,27.2932923096,27,43.6989094947,43,48.4681925538,48,25.6989094947
2024-10,Part_2,monthly,C_100,General surgery,revised-or-established,412644,239771,157044,15829,12,0.999970919243,0.581060187474,0.3805798703,0.0383599422262,14.5067259934,14,27.7481769567,27,44.8167001435,44,49.7778837814,49,26.8167001435
2024-10,Part_2,monthly,C_110,Trauma and orthopaedics,revised-or-established,855660,497788,323243,34629,27,0.999968445411,0.581759109927,0.377770376084,0.0404705139892,14.6327331487,14,27.2572840599,27,44.9661456348,44,50.0918671249,50,26.9661456348
2024-10,Part_2,monthly,C_120,ENT,revised-or-established,637647,310467,298068,29112,2,0.999996863468,0.486894786614,0.467449858621,0.0456553547653,18.6059825961,18,32.2833759968,32,47.1705914826,47,51.2562818792,51,29.1705914826
2024-10,Part_2,monthly,C_130,Ophthalmology,revised-or-established,593842,392659,190267,10916,8,0.999986528403,0.661217967069,0.320400039068,0.0183819938637,11.4865495711,11,23.0093981101,23,37.9020575414,37,42.5020586183,42,19.9020575414
2024-10,Part_2,monthly,C_301,Gastroenterology,revised-or-established,392609,243903,140759,7947,3,0.99999235881,0.621236395498,0.358522091954,0.0202415125481,13.0509099617,13,24.9133118827,24,39.67475,39,45.028658835,45,21.67475
2024-10,Part_2,monthly,C_320,Cardiology,revised-or-established,412017,245532,157291,9194,2,0.999995145831,0.595926867095,0.381758519673,0.022314613232,14.1373289965,14,26.2053162564,26,40.7134971645,40,45.9874338086,45,22.7134971645
2024-10,Part_2,monthly,C_400,Neurology,revised-or-established,234414,127401,98515,8498,1,0.999995734043,0.543487163736,0.42026073528,0.0362521009837,16.1530431706,16,29.4244484739,29,45.2640826365,45,49.5065677966,49,27.2640826365
2024-10,Part_2,monthly,C_999,"England, all specialties",revised-or-established,7541371,4444500,2861957,234914,148,0.999980374921,0.589349071939,0.379500889162,0.0311500388988,14.2277888281,14,26.8616346093,26,42.3644639644,42,48.0690445043,48,24.3644639644
2024-11,Part_2,monthly,C_100,General surgery,revised-or-established,409066,237867,156502,14697,9,0.99997799866,0.581488072829,0.382583739543,0.0359281876274,14.4188913797,14,27.6454604096,27,43.6507138264,43,49.090806293,49,25.6507138264
2024-11,Part_2,monthly,C_110,Trauma and orthopaedics,revised-or-established,853875,497556,324334,31985,27,0.999968379447,0.582703557312,0.379837798273,0.0374586444152,14.4773289561,14,27.2739708561,27,43.4902736564,43,49.2823566879,49,25.4902736564
2024-11,Part_2,monthly,C_120,ENT,revised-or-established,633270,311915,293203,28152,4,0.999993683579,0.492546623083,0.462998405104,0.044454971813,18.3528444345,18,32.0122515253,32,46.0353663214,46,51.0764071541,51,28.0353663214
2024-11,Part_2,monthly,C_130,Ophthalmology,revised-or-established,583645,388707,184994,9944,10,0.999982866297,0.665999023379,0.316963222507,0.0170377541142,11.0174772477,11,22.6867935916,22,37.7664604224,37,42.4522171254,42,19.7664604224
2024-11,Part_2,monthly,C_301,Gastroenterology,revised-or-established,392808,246015,139158,7635,4,0.999989816908,0.626298344229,0.354264678927,0.0194369768436,12.6534262912,12,24.598188194,24,39.2054991597,39,44.0094185488,44,21.2054991597
2024-11,Part_2,monthly,C_320,Cardiology,revised-or-established,411612,244919,157039,9654,5,0.999987852638,0.595023954598,0.3815219187,0.0234541267018,13.9568258562,13,26.1241629998,26,40.9344383728,40,45.4599739244,45,22.9344383728
2024-11,Part_2,monthly,C_400,Neurology,revised-or-established,234563,127977,98503,8083,1,0.999995736753,0.545597558012,0.419942616696,0.0344598252921,15.9974079371,15,29.2458568406,29,43.996778032,43,48.9738167939,48,25.996778032
2024-11,Part_2,monthly,C_999,"England, all specialties",revised-or-established,7479867,4424701,2833599,221567,151,0.999979812475,0.591548085013,0.378830131605,0.029621783382,13.997676016,13,26.8280681326,26,42.2320457238,42,46.6971043524,46,24.2320457238
2024-12,Part_2,monthly,C_100,General surgery,revised-or-established,407980,235553,158689,13738,8,0.999980391196,0.577364086475,0.38896269425,0.0336732192755,14.6730899584,14,28.1158466349,28,44.2119352664,44,48.7325189553,48,26.2119352664
2024-12,Part_2,monthly,C_110,Trauma and orthopaedics,revised-or-established,853202,489190,334808,29204,30,0.999964838338,0.573357774595,0.392413519893,0.0342287055117,14.9994683914,14,27.9327136409,27,43.9893333333,43,48.7452993211,48,25.9893333333
2024-12,Part_2,monthly,C_120,ENT,revised-or-established,633387,311845,295393,26149,5,0.999992105932,0.492345122334,0.466370481238,0.0412843964275,18.4886615602,18,32.7221316819,32,46.7869448685,46,50.5101985981,50,28.7869448685
2024-12,Part_2,monthly,C_130,Ophthalmology,revised-or-established,589336,393427,186423,9486,5,0.999991515875,0.667576730422,0.316327188565,0.0160960810132,11.5153090104,11,22.9859995659,22,38.1889433962,38,43.2676480209,43,20.1889433962
2024-12,Part_2,monthly,C_301,Gastroenterology,revised-or-established,396642,248013,141594,7035,13,0.999967224853,0.625281740209,0.356981862738,0.0177363970533,13.031474175,13,24.8379426397,24,39.2464529473,39,43.9995372318,43,21.2464529473
2024-12,Part_2,monthly,C_320,Cardiology,revised-or-established,412953,247292,156842,8819,2,0.999995156834,0.598838124435,0.379805934332,0.021355941233,13.9320467635,13,26.3982625483,26,41.3074614472,41,45.6573950976,45,23.3074614472
2024-12,Part_2,monthly,C_400,Neurology,revised-or-established,233555,126510,99960,7085,0,1,0.541671126715,0.427993406264,0.0303354670206,16.2060536534,16,29.711447295,29,44.4525587828,44,48.2866987179,48,26.4525587828
2024-12,Part_2,monthly,C_999,"England, all specialties",revised-or-established,7463085,4398544,2864139,200402,155,0.999979231109,0.589373429353,0.383774136299,0.0268524343485,14.2134938307,14,27.2634904844,27,42.7349585289,42,47.1780112238,47,24.7349585289
2025-01,Part_2,monthly,C_100,General surgery,revised-or-established,406921,234847,158945,13129,7,0.999982797644,0.577131679122,0.390604073026,0.0322642478515,14.8109656301,14,28.1887334821,28,43.9290917647,43,48.6525685677,48,25.9290917647
2025-01,Part_2,monthly,C_110,Trauma and orthopaedics,revised-or-established,847963,479617,339895,28451,29,0.999965800395,0.565610763677,0.400837064825,0.033552171498,15.4915169661,15,28.1781492132,28,43.5778284581,43,48.6232374567,48,25.5778284581
2025-01,Part_2,monthly,C_120,ENT,revised-or-established,637631,315556,295431,26644,7,0.999989021864,0.494888109267,0.463325967527,0.0417859232064,18.2418206098,18,32.7543633979,32,47.1157465907,47,50.8320152179,50,29.1157465907
2025-01,Part_2,monthly,C_130,Ophthalmology,revised-or-established,579892,387020,183671,9201,2,0.999996551082,0.667400136577,0.316733115822,0.0158667476013,11.642398176,11,22.6642124638,22,38.3648923247,38,43.0273280299,43,20.3648923247
2025-01,Part_2,monthly,C_301,Gastroenterology,revised-or-established,395862,247323,141442,7097,3,0.999992421601,0.624770753444,0.35730128176,0.0179279647958,13.193898368,13,24.7453616352,24,39.2613079667,39,43.8611187845,43,21.2613079667
2025-01,Part_2,monthly,C_320,Cardiology,revised-or-established,415196,250129,156241,8826,2,0.999995182998,0.602435957957,0.376306611817,0.0212574302257,14.1183926878,14,26.1845339972,26,40.9333899333,40,45.7166938111,45,22.9333899333
2025-01,Part_2,monthly,C_400,Neurology,revised-or-established,232985,125291,100422,7272,0,1,0.537764233749,0.431023456446,0.0312123098054,16.4851907631,16,29.9237181283,29,44.6829051383,44,48.630572189,48,26.6829051383
2025-01,Part_2,monthly,C_999,"England, all specialties",revised-or-established,7427669,4371844,2856997,198828,139,0.999981286188,0.588588963779,0.384642476664,0.0267685595575,14.4354037935,14,27.2986166515,27,42.3969653248,42,47.2728363888,47,24.3969653248
2025-02,Part_2,monthly,C_100,General surgery,revised-or-established,407640,237157,157824,12659,31,0.999923952507,0.581780492592,0.387165145717,0.0310543616917,14.4744842562,14,27.7807459677,27,43.4834793114,43,48.1514271892,48,25.4834793114
2025-02,Part_2,monthly,C_110,Trauma and orthopaedics,revised-or-established,841700,473041,342011,26648,20,0.999976238565,0.562006653202,0.40633361055,0.0316597362481,15.4604670217,15,28.0052460655,28,43.3051337672,43,48.0268150772,48,25.3051337672
2025-02,Part_2,monthly,C_120,ENT,revised-or-established,634084,318084,289610,26390,7,0.999988960453,0.501643315397,0.456737593126,0.0416190914768,17.9256616965,17,32.3535353535,32,46.5254718361,46,50.759825518,50,28.5254718361
2025-02,Part_2,monthly,C_130,Ophthalmology,revised-or-established,582395,392636,180533,9226,2,0.999996565905,0.674174743945,0.309983773899,0.0158414821556,11.2842695363,11,22.0231357655,22,38.0458394161,38,43.0441087155,43,20.0458394161
2025-02,Part_2,monthly,C_301,Gastroenterology,revised-or-established,394200,246268,141490,6442,2,0.999994926433,0.624728564181,0.358929477423,0.0163419583968,13.1822194199,13,24.347648571,24,38.8802194453,38,43.5464654488,43,20.8802194453
2025-02,Part_2,monthly,C_320,Cardiology,revised-or-established,411581,248491,154918,8172,3,0.999992711034,0.603747500492,0.376397355563,0.0198551439449,14.0074438447,14,25.5736596915,25,40.4983709869,40,44.9259355096,44,22.4983709869
2025-02,Part_2,monthly,C_400,Neurology,revised-or-established,229775,123341,99211,7223,0,1,0.536790338374,0.431774562072,0.0314350995539,16.4677390686,16,29.761065211,29,44.1379139891,44,48.4887339056,48,26.1379139891
2025-02,Part_2,monthly,C_999,"England, all specialties",revised-or-established,7401153,4379951,2827677,193525,161,0.999978246633,0.591793062513,0.382058984593,0.0261479528933,14.2078621474,14,26.7975539797,26,42.2183233356,42,46.6089838924,46,24.2183233356
2025-03,Part_2,monthly,C_100,General surgery,revised-or-established,403986,238183,154420,11383,16,0.999960394667,0.589582312258,0.382240968746,0.0281767189952,14.097513358,14,27.1173951049,27,42.7964505979,42,47.4733532934,47,24.7964505979
2025-03,Part_2,monthly,C_110,Trauma and orthopaedics,revised-or-established,843066,478393,341038,23635,21,0.999975090918,0.567444304479,0.404521116971,0.0280345785502,15.2611134682,15,27.4672290468,27,42.7757883969,42,47.4329070929,47,24.7757883969
2025-03,Part_2,monthly,C_120,ENT,revised-or-established,637737,324966,287664,25107,5,0.999992159777,0.509561151384,0.45106995517,0.0393688934467,17.5771791138,17,31.5950511322,31,46.2527509143,46,50.09519082,50,28.2527509143
2025-03,Part_2,monthly,C_130,Ophthalmology,revised-or-established,586084,399949,177650,8485,6,0.99998976256,0.682409006218,0.303113546864,0.0144774469189,9.90406079316,9,21.6743241799,21,37.5505670479,37,42.5430869162,42,19.5505670479
2025-03,Part_2,monthly,C_301,Gastroenterology,revised-or-established,395202,247353,141540,6309,6,0.999984817891,0.625890051164,0.3581459608,0.0159639880365,12.3628643853,12,24.5066229985,24,38.8685194479,38,43.3235530951,43,20.8685194479
2025-03,Part_2,monthly,C_320,Cardiology,revised-or-established,415194,252962,154383,7849,4,0.999990365949,0.609262176236,0.371833407997,0.0189044157671,13.651520328,13,25.2982804233,25,40.156622167,40,44.6794736842,44,22.156622167
2025-03,Part_2,monthly,C_400,Neurology,revised-or-established,226120,122232,97643,6245,1,0.999995577569,0.540562533168,0.431819387936,0.0276180788962,16.3364519611,16,29.0132508834,29,43.7568812758,43,47.7925636008,47,25.7568812758
2025-03,Part_2,monthly,C_999,"England, all specialties",revised-or-established,7418598,4434722,2803633,180243,147,0.999980184935,0.597784379205,0.377919520643,0.0242961001526,13.8204404415,13,26.283037986,26,41.8904778843,41,46.418821115,46,23.8904778843
2025-04,Part_2,monthly,C_100,General surgery,revised-or-established,397004,234740,150529,11735,19,0.99995214154,0.591278677293,0.379162426575,0.029558896132,13.4779785432,13,27.3740379682,27,43.1448314216,43,47.6498030635,47,25.1448314216
2025-04,Part_2,monthly,C_110,Trauma and orthopaedics,revised-or-established,844120,477639,341886,24595,28,0.999966829361,0.565842534237,0.405020613183,0.0291368525802,14.5223099441,14,28.0090302019,28,43.2269553975,43,47.6265835512,47,25.2269553975
2025-04,Part_2,monthly,C_120,ENT,revised-or-established,638914,325185,287060,26669,6,0.999990609065,0.508965212846,0.449293645154,0.0417411420003,17.0938142699,17,31.4070093458,31,46.7241527446,46,50.6241650295,50,28.7241527446
2025-04,Part_2,monthly,C_130,Ophthalmology,revised-or-established,588639,405214,174139,9286,5,0.99999150583,0.688391357012,0.295833269627,0.0157753733613,10.2044228695,10,21.6600322614,21,37.2607055215,37,42.5137691002,42,19.2607055215
2025-04,Part_2,monthly,C_301,Gastroenterology,revised-or-established,387015,241934,138243,6838,10,0.999974161208,0.625128225004,0.357203209178,0.0176685658179,12.5730438521,12,24.8228082624,24,39.3467274503,39,43.8209327549,43,21.3467274503
2025-04,Part_2,monthly,C_320,Cardiology,revised-or-established,409020,247379,153940,7701,1,0.999997555132,0.604809055792,0.376363014034,0.0188279301746,13.2344253947,13,25.5163477475,25,40.3442963926,40,44.7254428341,44,22.3442963926
2025-04,Part_2,monthly,C_400,Neurology,revised-or-established,223699,120448,96629,6622,0,1,0.538437811524,0.431959910415,0.0296022780611,15.6458033141,15,29.2693370166,29,44.0908568497,44,48.1579417293,48,26.0908568497
2025-04,Part_2,monthly,C_999,"England, all specialties",revised-or-established,7389065,4413682,2785360,190023,171,0.999976857694,0.59732618403,0.376957030423,0.0257167855473,13.258164625,13,26.5910745939,26,42.2618071861,42,46.714317912,46,24.2618071861
2025-05,Part_2,monthly,C_100,General surgery,revised-or-established,394228,237313,145447,11468,17,0.999956877746,0.601968911391,0.368941323295,0.0290897653135,13.8415274911,13,27.4243726366,27,43.2146726706,43,47.7619380183,47,25.2146726706
2025-05,Part_2,monthly,C_110,Trauma and orthopaedics,revised-or-established,843398,489666,328571,25161,27,0.999967986645,0.580587101226,0.389580008489,0.0298328902843,14.7098062129,14,28.1639017137,28,43.5733798573,43,48.0651628521,48,25.5733798573
2025-05,Part_2,monthly,C_120,ENT,revised-or-established,636238,328412,279296,28530,4,0.999993713044,0.516177908267,0.438980381555,0.0448417101776,17.3088235294,17,31.768801502,31,47.076945426,47,51.2043878788,51,29.076945426
2025-05,Part_2,monthly,C_130,Ophthalmology,revised-or-established,589546,414116,165881,9549,3,0.999994911339,0.702432040926,0.281370749696,0.0161972093781,10.5848810215,10,20.5588111961,20,36.946696187,36,42.3877129395,42,18.946696187
2025-05,Part_2,monthly,C_301,Gastroenterology,revised-or-established,376849,240350,129956,6543,21,0.999944274763,0.637788610292,0.344848997874,0.0173623918333,12.7138634222,12,24.7680257161,24,39.3395169082,39,43.9901664477,43,21.3395169082
2025-05,Part_2,monthly,C_320,Cardiology,revised-or-established,400038,245882,146501,7655,1,0.999997500237,0.614646608572,0.366217709318,0.0191356821102,13.6904061212,13,25.7992573507,25,40.5933421927,40,45.0463951311,45,22.5933421927
2025-05,Part_2,monthly,C_400,Neurology,revised-or-established,222406,123241,92414,6751,0,1,0.554126237602,0.415519365485,0.0303543969138,15.7862165963,15,29.3374406176,29,44.3782623132,44,48.4536433033,48,26.3782623132
2025-05,Part_2,monthly,C_999,"England, all specialties",revised-or-established,7355950,4482076,2677035,196839,160,0.999978248901,0.609313005118,0.363927840728,0.0267591541541,13.5697948901,13,26.7854906574,26,42.5267293498,42,47.1793781203,47,24.5267293498
2025-06,Part_2,monthly,C_100,General surgery,revised-or-established,394989,241189,142790,11010,15,0.999962024259,0.610622067956,0.361503738079,0.0278741939649,13.4600250144,13,26.4003535541,26,42.5445710364,42,47.3918234767,47,24.5445710364
2025-06,Part_2,monthly,C_110,Trauma and orthopaedics,revised-or-established,848356,499760,323064,25532,26,0.999969352489,0.589092315019,0.380811828996,0.030095855985,14.3790211038,14,27.8695617014,27,43.0459579306,43,47.9289033836,47,25.0459579306
2025-06,Part_2,monthly,C_120,ENT,revised-or-established,635920,329485,278606,27829,7,0.999988992326,0.518123348849,0.438114857215,0.0437617939363,17.2284260561,17,31.4478445157,31,46.6947279629,46,50.9689621726,50,28.6947279629
2025-06,Part_2,monthly,C_130,Ophthalmology,revised-or-established,592361,418677,164878,8806,8,0.999986494722,0.706793661298,0.278340403909,0.0148659347931,10.3338827484,10,20.3042311999,20,36.4551528491,36,41.4500872296,41,18.4551528491
2025-06,Part_2,monthly,C_301,Gastroenterology,revised-or-established,373867,241376,126316,6175,42,0.999887660585,0.645619966459,0.337863464815,0.0165165687263,12.4977249313,12,23.6644017369,23,39.0968500688,39,43.7278856826,43,21.0968500688
2025-06,Part_2,monthly,C_320,Cardiology,revised-or-established,395307,244312,143638,7357,2,0.999994940641,0.618031049286,0.363358098895,0.018610851819,13.6879380462,13,24.7368816185,24,40.0269344609,40,44.7567078755,44,22.0269344609
2025-06,Part_2,monthly,C_400,Neurology,revised-or-established,222585,125636,90231,6718,1,0.999995507334,0.564440550801,0.405377720871,0.0301817283285,15.3528645833,15,28.9051345816,28,43.7399091499,43,48.3018104777,48,25.7399091499
2025-06,Part_2,monthly,C_999,"England, all specialties",revised-or-established,7367836,4533070,2643011,191755,182,0.999975298039,0.615251208089,0.358722832593,0.0260259593183,13.397750439,13,25.6690338096,25,41.8065441402,41,46.80770382,46,23.8065441402
2025-07,Part_2,monthly,C_100,General surgery,revised-or-established,395120,241466,142547,11107,18,0.999954444219,0.611120672201,0.36076888034,0.028110447459,13.0468390805,13,25.7467532468,25,42.4824666667,42,47.0952150797,47,24.4824666667
2025-07,Part_2,monthly,C_110,Trauma and orthopaedics,revised-or-established,847453,498780,322240,26433,43,0.999949259723,0.588563613557,0.380245276139,0.0311911103035,14.0227440283,14,26.8918681061,26,43.3526928281,43,47.8057993407,47,25.3526928281
2025-07,Part_2,monthly,C_120,ENT,revised-or-established,628560,320013,281560,26987,15,0.99997613593,0.509120847652,0.447944508082,0.0429346442663,17.6121896773,17,30.9550537634,30,45.9041441441,45,50.6957526726,50,27.9041441441
2025-07,Part_2,monthly,C_130,Ophthalmology,revised-or-established,585619,410068,167353,8198,5,0.999991462026,0.700230013029,0.285771124229,0.0139988627418,10.2722630618,10,20.5486417199,20,36.0905709955,36,41.1581859174,41,18.0905709955
2025-07,Part_2,monthly,C_301,Gastroenterology,revised-or-established,374892,241775,126655,6462,62,0.999834619037,0.644919070026,0.337843965729,0.0172369642457,11.9295473954,11,23.6613098324,23,39.3253333333,39,43.779380531,43,21.3253333333
2025-07,Part_2,monthly,C_320,Cardiology,revised-or-established,388296,239231,142128,6937,1,0.999997424645,0.616104724231,0.366030038939,0.0178652368296,13.2874366591,13,24.6705621302,24,39.84,39,44.2146319569,44,21.84
2025-07,Part_2,monthly,C_400,Neurology,revised-or-established,218289,122110,89526,6653,0,1,0.559396030034,0.41012602559,0.0304779443765,15.601671565,15,27.9257529281,27,43.5351191827,43,47.8402173913,47,25.5351191827
2025-07,Part_2,monthly,C_999,"England, all specialties",revised-or-established,7299023,4468469,2641138,189416,244,0.999966570868,0.612200975391,0.361848154198,0.025950870411,13.0989688179,13,25.4317197656,25,41.7966761934,41,46.3634806453,46,23.7966761934
2025-08,Part_2,monthly,C_100,General surgery,revised-or-established,395490,241613,142507,11370,20,0.999949429821,0.610920630104,0.360330223267,0.0287491466282,13.4276841171,13,26.1964967624,26,42.7850944717,42,47.4674568966,47,24.7850944717
2025-08,Part_2,monthly,C_110,Trauma and orthopaedics,revised-or-established,856471,504071,325607,26793,32,0.999962637381,0.588544153859,0.380172825466,0.0312830206744,14.410060354,14,27.2248671487,27,43.8581830151,43,48.2907544836,48,25.8581830151
2025-08,Part_2,monthly,C_120,ENT,revised-or-established,623636,312981,284501,26154,13,0.999979154507,0.501864869892,0.45619720478,0.0419379253282,17.9214560681,17,31.0039560874,31,46.3742487338,46,50.5499589828,50,28.3742487338
2025-08,Part_2,monthly,C_130,Ophthalmology,revised-or-established,587377,410068,169210,8099,2,0.999996595032,0.698134247681,0.288077333638,0.0137884186817,10.6058934079,10,21.0080013218,21,36.1388014981,36,41.3407063197,41,18.1388014981
2025-08,Part_2,monthly,C_301,Gastroenterology,revised-or-established,377569,241754,128863,6952,1,0.999997351477,0.640290913714,0.341296557715,0.0184125285709,12.3653449166,12,24.3093894101,24,40.0181978669,40,44.6284953704,44,22.0181978669
2025-08,Part_2,monthly,C_320,Cardiology,revised-or-established,386717,236366,143425,6926,0,1,0.611211816393,0.370878445995,0.0179097376117,13.6042503347,13,25.3846355729,25,40.445819135,40,44.7381290323,44,22.445819135
2025-08,Part_2,monthly,C_400,Neurology,revised-or-established,219135,122715,89720,6700,0,1,0.559997261962,0.409427978187,0.0305747598512,15.4243320933,15,28.2859068975,28,43.8322303922,43,48.1380208333,48,25.8322303922
2025-08,Part_2,monthly,C_999,"England, all specialties",revised-or-established,7312356,4458454,2665200,188702,168,0.999977025189,0.609715117809,0.364478972304,0.0258059098873,13.4515398551,13,25.9277511962,25,42.157048613,42,46.7768515756,46,24.157048613
2025-09,Part_2,monthly,C_100,General surgery,revised-or-established,393730,243483,139321,10926,9,0.999977141696,0.618400934651,0.353849084398,0.0277499809514,13.3526457399,13,25.9806009576,25,42.4357371226,42,47.1605086372,47,24.4357371226
2025-09,Part_2,monthly,C_110,Trauma and orthopaedics,revised-or-established,860865,514085,320190,26590,34,0.999960504841,0.597172611269,0.371939851196,0.0308875375349,14.2083986942,14,26.8866658889,26,43.5644382972,43,48.1480110497,48,25.5644382972
2025-09,Part_2,monthly,C_120,ENT,revised-or-established,617531,316223,277471,23837,13,0.999978948425,0.512076316816,0.449323191872,0.0386004913114,17.4786058869,17,30.957673628,30,45.7681745885,45,50.078144572,50,27.7681745885
2025-09,Part_2,monthly,C_130,Ophthalmology,revised-or-established,589819,416582,166129,7108,3,0.999994913694,0.706287861191,0.281660984132,0.0120511546763,10.4370669174,10,20.3999124666,20,34.7077482045,34,40.4528347631,40,16.7077482045
2025-09,Part_2,monthly,C_301,Gastroenterology,revised-or-established,379599,247107,125878,6614,0,1,0.650968522046,0.331607828261,0.0174236496935,12.2886200017,12,24.1322021484,24,38.9826355047,38,44.1475254731,44,20.9826355047
2025-09,Part_2,monthly,C_320,Cardiology,revised-or-established,388454,242334,139232,6888,0,1,0.623842205255,0.358425965494,0.0177318292513,13.2644295302,13,25.2215415633,25,40.1400464962,40,44.5320392682,44,22.1400464962
2025-09,Part_2,monthly,C_400,Neurology,revised-or-established,219221,125336,88091,5794,1,0.999995438393,0.571733547425,0.40183650289,0.0264299496855,15.1865723765,15,27.8393710191,27,43.1173903002,43,47.1791471049,47,25.1173903002
2025-09,Part_2,monthly,C_999,"England, all specialties",revised-or-established,7296893,4505684,2612677,178532,150,0.999979443306,0.617479795853,0.358053352297,0.0244668518505,13.3579782006,13,25.8475146373,25,41.8140699301,41,46.4143096184,46,23.8140699301
2025-10,Part_2,monthly,C_100,General surgery,first-release,391493,239706,141573,10214,9,0.999977011083,0.612286809726,0.361623324044,0.02608986623,13.5227491343,13,25.6342727097,25,41.3354526889,41,46.8881054131,46,23.3354526889
2025-10,Part_2,monthly,C_110,Trauma and orthopaedics,first-release,858898,509729,322728,26441,30,0.999965071522,0.593468607448,0.37574659622,0.030784796332,14.33586975,14,26.4852600075,26,42.3568454683,42,48.0745127761,48,24.3568454683
2025-10,Part_2,monthly,C_120,ENT,first-release,613974,314759,277179,22036,25,0.999959281663,0.512658516484,0.451450712897,0.035890770619,17.4490287821,17,31.0506412198,31,45.3392466181,45,49.5655045421,49,27.3392466181
2025-10,Part_2,monthly,C_130,Ophthalmology,first-release,598593,424765,167483,6345,5,0.999991647079,0.709605692014,0.279794451322,0.0105998566639,10.1414761831,10,20.1618326731,20,34.5923694293,34,39.1282336791,39,16.5923694293
2025-10,Part_2,monthly,C_301,Gastroenterology,first-release,382448,249914,126253,6281,0,1,0.653458770866,0.330118081412,0.016423147722,12.1655872571,12,23.3513681592,23,38.3198911194,38,42.7839386189,42,20.3198911194
2025-10,Part_2,monthly,C_320,Cardiology,first-release,387527,243128,137874,6525,5,0.999987097673,0.627383382319,0.3557790812,0.0168375364813,13.1530188331,13,24.4349186011,24,38.8916635279,38,43.6271715721,43,20.8916635279
2025-10,Part_2,monthly,C_400,Neurology,first-release,221595,127668,88512,5415,2,0.999990974526,0.576132132945,0.399431395113,0.0244364719421,15.0044132918,15,27.3044513458,27,41.7028829847,41,46.8835641399,46,23.7028829847
2025-10,Part_2,monthly,C_999,"England, all specialties",first-release,7304189,4506981,2626449,170759,172,0.999976451869,0.617040577674,0.359581193751,0.0233782285754,13.3110657894,13,25.2771881407,25,40.551395717,40,46.0841068357,46,22.551395717
2025-11,Part_2,monthly,C_100,General surgery,first-release,381272,232483,139109,9680,15,0.999960658008,0.609756289473,0.364855011645,0.0253886988816,13.2521410579,13,25.6032990364,25,41.3442603153,41,45.795214447,45,23.3442603153
2025-11,Part_2,monthly,C_110,Trauma and orthopaedics,first-release,845411,500392,320045,24974,40,0.999952685735,0.591891990996,0.378567347716,0.0295406612878,14.1505255614,14,26.3017190132,26,42.0790534785,42,46.6165570641,46,24.0790534785
2025-11,Part_2,monthly,C_120,ENT,first-release,588429,305981,264086,18362,24,0.999959213431,0.519996465164,0.448798410683,0.0312051241526,17.0616826156,17,30.3272187822,30,43.8412200913,43,47.9357551487,47,25.8412200913
2025-11,Part_2,monthly,C_130,Ophthalmology,first-release,597880,422995,169249,5636,3,0.999994982271,0.70749146986,0.283081889342,0.00942664079748,9.98463468172,9,20.2793705956,20,34.7515444421,34,39.2216602202,39,16.7515444421
2025-11,Part_2,monthly,C_301,Gastroenterology,first-release,375368,243220,126323,5825,2,0.999994671895,0.647950810938,0.336531084163,0.0155181048997,11.9804831915,11,23.4719881011,23,38.3575182482,38,42.7252134831,42,20.3575182482
2025-11,Part_2,monthly,C_320,Cardiology,first-release,383624,241441,136653,5530,2,0.999994786562,0.629368861177,0.356215982316,0.0144151565074,12.6699150648,12,24.0520186335,24,38.4435987461,38,42.6451178451,42,20.4435987461
2025-11,Part_2,monthly,C_400,Neurology,first-release,216244,124101,87360,4783,0,1,0.573893379701,0.403988087531,0.0221185327685,14.9967760288,14,26.9334949775,26,41.1237901861,41,45.2368115942,45,23.1237901861
2025-11,Part_2,monthly,C_999,"England, all specialties",first-release,7159010,4412862,2592027,154121,177,0.999975275911,0.616406737803,0.362065006195,0.0215282560019,12.8972515877,12,25.1160617835,25,40.3595505188,40,44.6961684683,44,22.3595505188
2025-12,Part_2,monthly,C_100,General surgery,revised-or-established,385548,231583,144745,9220,8,0.999979250314,0.600659321278,0.375426665422,0.0239140133005,14.0126374686,14,26.4889032885,26,41.8043210295,41,46.3197374179,46,23.8043210295
2025-12,Part_2,monthly,C_110,Trauma and orthopaedics,revised-or-established,844356,494157,327253,22946,14,0.999983419316,0.585247217998,0.387577040964,0.0271757410381,14.6488005187,14,27.1016910069,27,42.4821540809,42,47.0679890272,47,24.4821540809
2025-12,Part_2,monthly,C_120,ENT,revised-or-established,589602,309289,264157,16156,73,0.999876187666,0.524572508234,0.448025956493,0.0274015352729,16.9120069354,16,30.3019440444,30,44.2722179617,44,47.9741971958,47,26.2722179617
2025-12,Part_2,monthly,C_130,Ophthalmology,revised-or-established,601191,422184,174041,4966,2,0.99999667327,0.702246041607,0.289493688362,0.00826027003066,10.9360204308,10,20.7511751434,20,35.0358210215,35,39.8432387057,39,17.0358210215
2025-12,Part_2,monthly,C_301,Gastroenterology,revised-or-established,381239,246799,129324,5116,14,0.999963277629,0.647360317281,0.339220279142,0.0134194035762,12.4462361202,12,23.8303116803,23,38.6427120705,38,42.8322807723,42,20.6427120705
2025-12,Part_2,monthly,C_320,Cardiology,revised-or-established,386709,244374,137331,5004,22,0.999943109677,0.63193253842,0.355127498972,0.0129399626075,13.0140461578,13,24.4034262048,24,38.7856230432,38,42.959032634,42,20.7856230432
2025-12,Part_2,monthly,C_400,Neurology,revised-or-established,219866,125405,90319,4142,1,0.999995451775,0.570370134536,0.410791118227,0.018838747237,15.1688023236,15,27.3097332577,27,41.3195286885,41,45.2394230769,45,23.3195286885
2025-12,Part_2,monthly,C_999,"England, all specialties",revised-or-established,7199624,4424207,2636706,138711,223,0.99996902616,0.614505285276,0.366228291922,0.0192664228021,13.4457562768,13,25.7065120275,25,40.7780648501,40,45.0932661808,45,22.7780648501
2026-01,Part_2,monthly,C_100,General surgery,first-release,386068,229920,147206,8942,7,0.999981868479,0.595542754126,0.381295523068,0.0231617228053,14.2429484769,14,26.7209420535,26,41.6891808469,41,46.2577145398,46,23.6891808469
2026-01,Part_2,monthly,C_110,Trauma and orthopaedics,first-release,836764,484588,329908,22268,35,0.999958172197,0.579121472721,0.39426648374,0.0266120435392,15.0561987041,15,27.4056898787,27,42.4867104086,42,46.9790659566,46,24.4867104086
2026-01,Part_2,monthly,C_120,ENT,first-release,587673,313528,258060,16085,50,0.999914918671,0.533507579896,0.439121756487,0.0273706636174,16.5906037945,16,30.0899030695,30,44.1041255035,44,48.0632258924,48,26.1041255035
2026-01,Part_2,monthly,C_130,Ophthalmology,first-release,596635,415835,175605,5195,5,0.999991619667,0.696967157475,0.294325676502,0.00870716602278,11.3373210205,11,20.661736899,20,35.0552828175,35,39.7347277556,39,17.0552828175
2026-01,Part_2,monthly,C_301,Gastroenterology,first-release,383007,248354,129910,4743,7,0.999981723572,0.648432012992,0.339184401329,0.0123835856786,12.6360045606,12,23.6543114648,23,37.8858712121,37,42.70949573,42,19.8858712121
2026-01,Part_2,monthly,C_320,Cardiology,first-release,383680,245067,134041,4572,25,0.999934841535,0.638727585488,0.349356234362,0.0119161801501,12.9002405774,12,23.960345379,23,37.8262936221,37,42.5443412162,42,19.8262936221
2026-01,Part_2,monthly,C_400,Neurology,first-release,216423,123462,89335,3626,0,1,0.570466170416,0.412779602907,0.0167542266765,15.3753731343,15,27.2915891576,27,41.0228427037,41,45.0862819627,45,23.0228427037
2026-01,Part_2,monthly,C_999,"England, all specialties",first-release,7155958,4395958,2626140,133860,200,0.999972051261,0.6143074065,0.366986502716,0.0187060907848,13.6209059592,13,25.6484716552,25,40.347456,40,44.9822154091,44,22.347456
2026-02,Part_2,monthly,C_100,General surgery,first-release,384999,232154,144653,8192,5,0.999987012953,0.602998968828,0.375723053826,0.0212779773454,13.9339024163,13,25.9329268293,25,40.9084289855,40,45.5235644077,45,22.9084289855
2026-02,Part_2,monthly,C_110,Trauma and orthopaedics,first-release,829478,480436,328743,20299,42,0.999949365746,0.579202823945,0.396325158714,0.024472017341,14.9383701969,14,26.996167979,26,41.5998253521,41,46.4445530726,46,23.5998253521
2026-02,Part_2,monthly,C_120,ENT,first-release,586374,323252,247678,15444,33,0.999943721925,0.551272737195,0.422389123665,0.0263381391399,15.8189881072,15,28.8530331807,28,43.102343964,43,47.4736653825,47,25.102343964
2026-02,Part_2,monthly,C_130,Ophthalmology,first-release,600584,423939,171503,5142,2,0.999996669908,0.705877945466,0.285560387889,0.00856166664447,10.8572853296,10,20.1336262127,20,34.5076633112,34,39.1249240122,39,16.5076633112
2026-02,Part_2,monthly,C_301,Gastroenterology,first-release,378852,249708,125169,3975,4,0.999989441787,0.659117544582,0.330390231542,0.0104922238763,12.1857538384,12,22.6457378552,22,36.9171099346,36,41.2892280072,41,18.9171099346
2026-02,Part_2,monthly,C_320,Cardiology,first-release,381409,251158,126112,4139,28,0.999926587993,0.658500454892,0.330647677428,0.0108518676801,12.3465554062,12,22.6859984985,22,36.8457176333,36,41.1250766535,41,18.8457176333
2026-02,Part_2,monthly,C_400,Neurology,first-release,213567,123044,87679,2844,0,1,0.576137699176,0.410545636732,0.0133166640914,14.9804473769,14,26.5205237741,26,39.9005865922,39,43.9016943043,43,21.9005865922
2026-02,Part_2,monthly,C_999,"England, all specialties",first-release,7124952,4456261,2547820,120871,189,0.999973473506,0.625444353871,0.357591180965,0.0169644651641,13.1670783302,13,24.5877061599,24,39.4537529686,39,43.8768024801,43,21.4537529686
2026-03,Part_2,monthly,C_100,General surgery,revised-or-established,376204,236728,133561,5915,7,0.999981393074,0.62925434073,0.355022806775,0.0157228524949,12.0841108857,12,24.9135887305,24,39.8965914012,39,44.0520183955,44,21.8965914012
2026-03,Part_2,monthly,C_110,Trauma and orthopaedics,revised-or-established,818003,485558,316115,16330,34,0.99995843536,0.593589510063,0.386447237969,0.0199632519685,14.4561094058,14,26.0313405372,26,40.9104412183,40,45.1291071429,45,22.9104412183
2026-03,Part_2,monthly,C_120,ENT,revised-or-established,579154,338334,228246,12574,22,0.999962013558,0.584186589405,0.394102432168,0.0217109784272,14.5607317737,14,26.8018101019,26,41.6127972028,41,45.7615504278,45,23.6127972028
2026-03,Part_2,monthly,C_130,Ophthalmology,revised-or-established,602030,438207,159429,4394,4,0.999993355813,0.727882331445,0.264819028952,0.00729863960268,9.08691827588,9,19.1326329906,19,33.3524007387,33,38.1783545841,38,15.3524007387
2026-03,Part_2,monthly,C_301,Gastroenterology,revised-or-established,366257,255655,107701,2901,4,0.999989078707,0.698020788681,0.294058543591,0.00792066772785,10.4294341056,10,20.896253715,20,35.7122958828,35,39.9686381493,39,17.7122958828
2026-03,Part_2,monthly,C_320,Cardiology,revised-or-established,374433,259367,112185,2881,15,0.999959939428,0.692692684673,0.299613014878,0.00769430044895,10.6830913998,10,20.9315551269,20,35.4386876465,35,39.6328118303,39,17.4386876465
2026-03,Part_2,monthly,C_400,Neurology,revised-or-established,205988,124959,79045,1984,0,1,0.60663242519,0.383735945783,0.00963162902693,13.7581503659,13,25.0303867403,25,38.5682476506,38,42.3781593407,42,20.5682476506
2026-03,Part_2,monthly,C_999,"England, all specialties",revised-or-established,7014835,4580320,2341908,92607,154,0.999978046526,0.652947645953,0.333850760567,0.0132015934801,11.3291372209,11,23.329388712,23,38.3399138115,38,42.5306982976,42,20.3399138115
2026-04,Part_2,monthly,C_100,General surgery,first-release,381808,239298,136112,6398,7,0.999981666178,0.626749570465,0.356493316012,0.016757113523,12.6680230587,12,25.2942209731,25,40.4601851217,40,44.6427216495,44,22.4601851217
2026-04,Part_2,monthly,C_110,Trauma and orthopaedics,first-release,819951,483984,319127,16840,42,0.999948777427,0.590259661858,0.389202525517,0.0205378126254,13.8191458454,13,26.5390881484,26,41.5643183561,41,45.6845222452,45,23.5643183561
2026-04,Part_2,monthly,C_120,ENT,first-release,588278,342859,232657,12762,18,0.999969402221,0.582817987414,0.395488187558,0.0216938250283,14.0985608901,14,27.0034450843,27,41.734370434,41,45.9281726544,45,23.734370434
2026-04,Part_2,monthly,C_130,Ophthalmology,first-release,610708,446604,159572,4532,5,0.999991812781,0.731288930225,0.261290174682,0.00742089509225,9.66801235839,9,19.2595258662,19,33.2587080343,33,38.3490525008,38,15.2587080343
2026-04,Part_2,monthly,C_301,Gastroenterology,first-release,371537,256351,112018,3168,3,0.999991925434,0.689974349796,0.301498908588,0.00852674161658,11.114665127,11,21.2511345853,21,35.9878698482,35,40.478762466,40,17.9878698482
2026-04,Part_2,monthly,C_320,Cardiology,first-release,377359,258123,116338,2898,14,0.99996290005,0.684025026566,0.308295283801,0.00767968963242,11.4161514415,11,21.3660816619,21,35.4666115702,35,40.009481982,40,17.4666115702
2026-04,Part_2,monthly,C_400,Neurology,first-release,206659,124314,80396,1949,1,0.999995161111,0.601541670094,0.389027334885,0.00943099502078,13.515149099,13,25.4343946316,25,39.163935213,39,43.0272338772,43,21.163935213
2026-04,Part_2,monthly,C_999,"England, all specialties",first-release,7093502,4607182,2388932,97388,191,0.999973073949,0.649493296823,0.336777518354,0.013729184823,11.8956547032,11,23.5913176097,23,38.7020305382,38,43.0835626618,43,20.7020305382
2026-05,Part_2,monthly,C_100,General surgery,first-release,381497,239233,135174,7090,7,0.999981651232,0.627090121285,0.354325197839,0.0185846808756,13.260616042,13,25.6948445459,25,40.8737657046,40,45.2998877917,45,22.8737657046
2026-05,Part_2,monthly,C_110,Trauma and orthopaedics,first-release,827960,497410,312261,18289,46,0.99994444176,0.600765737475,0.377145031161,0.0220892313638,14.1108450704,14,26.8269870051,26,41.8352372035,41,46.2482182855,46,23.8352372035
2026-05,Part_2,monthly,C_120,ENT,first-release,594331,350147,231502,12682,12,0.999979809231,0.589144769497,0.389516952675,0.0213382778283,14.7580394036,14,27.1176300578,27,41.626389012,41,46.119579288,46,23.626389012
2026-05,Part_2,monthly,C_130,Ophthalmology,first-release,624531,462702,157081,4748,5,0.999991993992,0.740879155718,0.251518339362,0.00760250491969,10.2063224761,10,18.4396950984,18,33.4115369857,33,38.1842937676,38,15.4115369857
2026-05,Part_2,monthly,C_301,Gastroenterology,first-release,370047,255472,111247,3328,4,0.999989190562,0.690377168306,0.300629379511,0.0089934521831,11.7718113292,11,20.9608912321,20,36.1127627302,36,40.7705414013,40,18.1127627302
2026-05,Part_2,monthly,C_320,Cardiology,first-release,378421,258469,117103,2849,0,1,0.683019705566,0.309451642483,0.00752865195113,12.1298895957,12,21.2403892073,21,35.5178858075,35,40.1270585436,40,17.5178858075
2026-05,Part_2,monthly,C_400,Neurology,first-release,207581,127025,78654,1902,0,1,0.611929800897,0.378907510803,0.00916268829999,14.0042365554,14,25.7301219189,25,38.9454504757,38,43.1365729899,43,20.9454504757
2026-05,Part_2,monthly,C_999,"England, all specialties",first-release,7153655,4689601,2361713,102341,177,0.999975257403,0.655553140318,0.330140746234,0.0143061134483,12.4228168014,12,23.9010734215,23,38.5686655224,38,43.4277730493,43,20.5686655224
