period,kind,part,code,p50,p50_lower_shift,p50_midpoint_shift,p75_lower_shift,p75_midpoint_shift,p92,p92_lower_shift,p92_midpoint_shift,p95_lower_shift,p95_midpoint_shift
2019-02,baseline,Part_2,C_999,6.691570182701094,-0.6915701827010938,-0.1915701827010938,-0.4344227488706824,0.0655772511293175,22.064439649285735,-0.0644396492857382,0.4355603507142618,-0.012445533769064,0.4875544662309359
2019-02,baseline,Part_2,C_100,6.83375104427736,-0.8337510442773599,-0.3337510442773599,-0.1511335012594461,0.3488664987405538,24.5884361660846,-0.5884361660846018,-0.0884361660846018,-0.2999410724808484,0.2000589275191515
2019-02,baseline,Part_2,C_110,7.300798061254335,-0.3007980612543353,0.1992019387456647,-0.6844947964695027,-0.1844947964695027,24.79464587394412,-0.7946458739441198,-0.2946458739441198,-0.1893733968486586,0.3106266031513414
2019-02,baseline,Part_2,C_120,6.999876367682512,-0.9998763676825124,-0.4998763676825124,-0.0832939508506616,0.4167060491493384,23.599536516853945,-0.599536516853945,-0.099536516853945,-0.0892367906066446,0.4107632093933553
2019-02,baseline,Part_2,C_130,6.88075429839157,-0.8807542983915697,-0.3807542983915697,-0.8275508762012436,-0.3275508762012435,22.140881294964032,-0.1408812949640321,0.3591187050359679,-0.5173720136518654,-0.0173720136518653
2019-02,baseline,Part_2,C_301,6.544400630914827,-0.5444006309148266,-0.0444006309148266,-0.9309355153883736,-0.4309355153883736,20.858740157480323,-0.8587401574803231,-0.358740157480323,-0.5817862165963348,-0.0817862165963347
2019-02,baseline,Part_2,C_320,6.773747696431563,-0.7737476964315633,-0.2737476964315632,-0.8220854922279788,-0.3220854922279788,19.75513174404016,-0.7551317440401597,-0.2551317440401597,-0.1468796433878019,0.3531203566121981
2019-02,baseline,Part_2,C_400,7.590651135005974,-0.5906511350059738,-0.0906511350059737,-0.0949530516431931,0.4050469483568069,22.130327613104527,-0.1303276131045265,0.3696723868954734,-0.6046223224351621,-0.1046223224351621
2024-01,monthly,Part_2,C_999,15.039572851097873,-0.039572851097871,0.460427148902129,-0.5058518565929404,-0.0058518565929404,45.26838459148804,-0.2683845914880365,0.2316154085119635,-0.3807723533232234,0.1192276466767765
2024-01,monthly,Part_2,C_100,15.79530760188088,-0.7953076018808787,-0.2953076018808787,-0.832365925441465,-0.332365925441465,47.34336421952959,-0.3433642195295903,0.1566357804704097,-0.7747614264188769,-0.2747614264188769
2024-01,monthly,Part_2,C_110,16.14960026808368,-0.149600268083681,0.350399731916319,-0.8394626297852099,-0.3394626297852099,47.45109687146627,-0.4510968714662695,0.0489031285337304,-0.1949620039403186,0.3050379960596814
2024-01,monthly,Part_2,C_120,18.832861078315624,-0.8328610783156236,-0.3328610783156236,-0.8180106100795754,-0.3180106100795754,49.50393177345287,-0.5039317734528694,-0.0039317734528694,-0.1273131127450781,0.3726868872549218
2024-01,monthly,Part_2,C_130,12.6132581257679,-0.6132581257678993,-0.1132581257678992,-0.5495407887628296,-0.0495407887628296,40.27081217112788,-0.2708121711278792,0.2291878288721207,-0.5269279393173036,-0.0269279393173036
2024-01,monthly,Part_2,C_301,14.133646322378716,-0.1336463223787163,0.3663536776212837,-0.2497226331360948,0.2502773668639051,44.200819606267586,-0.2008196062675864,0.2991803937324135,-0.2507786429365737,0.2492213570634263
2024-01,monthly,Part_2,C_320,14.11390142964635,-0.1139014296463507,0.3860985703536492,-0.2023458132670512,0.2976541867329487,41.12852552659764,-0.1285255265976417,0.3714744734023583,-0.1887277829747446,0.3112722170252553
2024-01,monthly,Part_2,C_400,16.482722329415893,-0.4827223294158926,0.0172776705841073,-0.2744168162009757,0.2255831837990243,44.03178142076503,-0.0317814207650286,0.4682185792349713,-0.5173657100809237,-0.0173657100809236
2024-02,monthly,Part_2,C_999,14.785488088545508,-0.7854880885455078,-0.2854880885455078,-0.1973636614596721,0.3026363385403279,44.62936136585008,-0.6293613658500803,-0.1293613658500803,-0.0046272809098937,0.4953727190901063
2024-02,monthly,Part_2,C_100,15.561303827751196,-0.5613038277511961,-0.0613038277511961,-0.7243513651008975,-0.2243513651008974,47.008552727272736,-0.0085527272727361,0.4914472727272638,-0.3013106796116247,0.1986893203883752
2024-02,monthly,Part_2,C_110,16.157894736842106,-0.1578947368421062,0.3421052631578938,-0.9455722639933164,-0.4455722639933164,47.18559424678275,-0.1855942467827489,0.314405753217251,-0.6643444730076951,-0.164344473007695
2024-02,monthly,Part_2,C_120,18.409520756531496,-0.4095207565314958,0.0904792434685042,-0.5901839776432212,-0.0901839776432211,49.60646178092987,-0.6064617809298696,-0.1064617809298695,-0.0118263473053872,0.4881736526946127
2024-02,monthly,Part_2,C_130,12.351101086246809,-0.3511010862468087,0.1488989137531913,-0.0128107697318426,0.4871892302681573,40.27931767833407,-0.2793176783340669,0.220682321665933,-0.2517219387755176,0.2482780612244823
2024-02,monthly,Part_2,C_301,13.958960590660658,-0.9589605906606576,-0.4589605906606575,-0.8080797022115185,-0.3080797022115185,43.32102022867194,-0.3210202286719408,0.1789797713280592,-0.8900851276915347,-0.3900851276915347
2024-02,monthly,Part_2,C_320,14.124244338175584,-0.1242443381755844,0.3757556618244155,-0.9422869471413158,-0.4422869471413158,41.06729458917837,-0.0672945891783669,0.432705410821633,-0.9325206991720308,-0.4325206991720307
2024-02,monthly,Part_2,C_400,16.56304202801868,-0.5630420280186783,-0.0630420280186783,-0.5114822546972846,-0.0114822546972845,43.61139772045592,-0.6113977204559191,-0.1113977204559191,-0.3704797047970487,0.1295202952029512
2024-03,monthly,Part_2,C_999,14.869446544516588,-0.8694465445165882,-0.3694465445165882,-0.0497385388162072,0.4502614611837927,44.66963716924392,-0.66963716924392,-0.16963716924392,-0.7384971986712259,-0.2384971986712258
2024-03,monthly,Part_2,C_100,15.586742109634551,-0.5867421096345513,-0.0867421096345513,-0.5042544229149115,-0.0042544229149115,46.321588126159554,-0.3215881261595541,0.1784118738404458,-0.9596327683615726,-0.4596327683615726
2024-03,monthly,Part_2,C_110,16.42932425617751,-0.4293242561775088,0.0706757438224912,-0.802375405607787,-0.302375405607787,46.63560734742249,-0.6356073474224928,-0.1356073474224928,-0.3294629720450999,0.1705370279549001
2024-03,monthly,Part_2,C_120,18.481250910149992,-0.481250910149992,0.018749089850008,-0.577305925315116,-0.077305925315116,49.85685515104571,-0.856855151045707,-0.356855151045707,-0.6158890115958044,-0.1158890115958044
2024-03,monthly,Part_2,C_130,11.231085714285712,-0.2310857142857134,0.2689142857142865,-0.1449017011306921,0.3550982988693079,40.57950948634892,-0.5795094863489183,-0.0795094863489183,-0.5673344947735259,-0.0673344947735259
2024-03,monthly,Part_2,C_301,14.06219640971489,-0.0621964097148897,0.4378035902851103,-0.911785277146354,-0.4117852771463539,43.18941017559658,-0.1894101755965778,0.3105898244034222,-0.5503346080305889,-0.0503346080305888
2024-03,monthly,Part_2,C_320,14.27361804400074,-0.2736180440007398,0.2263819559992601,-0.2309033280507115,0.2690966719492884,41.46664893617021,-0.4666489361702091,0.0333510638297909,-0.2956077630234901,0.2043922369765098
2024-03,monthly,Part_2,C_400,16.856493043168033,-0.8564930431680331,-0.3564930431680331,-0.6512134001582695,-0.1512134001582694,43.93127003699138,-0.9312700369913784,-0.4312700369913784,-0.0279712339136892,0.4720287660863107
2024-04,monthly,Part_2,C_999,13.913199656343814,-0.9131996563438136,-0.4131996563438136,-0.0163241271014236,0.4836758728985764,44.76257426109516,-0.7625742610951605,-0.2625742610951604,-0.8201718523448278,-0.3201718523448278
2024-04,monthly,Part_2,C_100,14.563939364493246,-0.5639393644932458,-0.0639393644932457,-0.3579771586779721,0.1420228413220279,46.34284145504463,-0.3428414550446277,0.1571585449553723,-0.3103327965646585,0.1896672034353415
2024-04,monthly,Part_2,C_110,15.33904159929443,-0.3390415992944291,0.1609584007055708,-0.8895470529135956,-0.3895470529135956,46.72643567532884,-0.7264356753288368,-0.2264356753288368,-0.9164164847161588,-0.4164164847161586
2024-04,monthly,Part_2,C_120,17.818194760820045,-0.8181947608200453,-0.3181947608200453,-0.9286770560800832,-0.4286770560800832,50.18888933520787,-0.1888893352078682,0.3111106647921318,-0.2994690265486426,0.2005309734513574
2024-04,monthly,Part_2,C_130,11.327274643064117,-0.3272746430641167,0.1727253569358833,-0.9911982705373674,-0.4911982705373674,40.46248190279214,-0.4624819027921418,0.0375180972078581,-0.7140147862423447,-0.2140147862423447
2024-04,monthly,Part_2,C_301,13.098412394797244,-0.0984123947972452,0.4015876052027547,-0.6254722072315175,-0.1254722072315175,42.86648355619805,-0.8664835561980482,-0.3664835561980482,-0.9840038314176098,-0.4840038314176098
2024-04,monthly,Part_2,C_320,13.4315445026178,-0.4315445026178004,0.0684554973821995,-0.0994740357321752,0.4005259642678247,41.55258760107817,-0.552587601078173,-0.0525876010781729,-0.1891807228915638,0.3108192771084361
2024-04,monthly,Part_2,C_400,15.954460333673817,-0.9544603336738168,-0.4544603336738166,-0.9981810832659654,-0.4981810832659654,44.26891228070176,-0.2689122807017625,0.2310877192982374,-0.3349526066350634,0.1650473933649365
2024-05,monthly,Part_2,C_999,14.20351310694919,-0.20351310694919,0.29648689305081,-0.1169965724476824,0.3830034275523175,44.950909194334365,-0.9509091943343648,-0.4509091943343648,-0.9985136519197652,-0.4985136519197652
2024-05,monthly,Part_2,C_100,14.951223021582734,-0.9512230215827344,-0.4512230215827344,-0.5154431895961658,-0.0154431895961657,46.49411764705882,-0.4941176470588218,0.0058823529411782,-0.4122164461247664,0.0877835538752336
2024-05,monthly,Part_2,C_110,15.43520601165525,-0.4352060116552501,0.0647939883447499,-0.9783685876082622,-0.4783685876082622,47.19057511327989,-0.1905751132798911,0.3094248867201088,-0.1701519069166011,0.3298480930833989
2024-05,monthly,Part_2,C_120,17.62826743727834,-0.628267437278339,-0.128267437278339,-0.9704283539899948,-0.4704283539899947,50.446750718867506,-0.4467507188675057,0.0532492811324942,-0.4228832951945023,0.0771167048054977
2024-05,monthly,Part_2,C_130,11.653950604632096,-0.6539506046320973,-0.1539506046320973,-0.8826501484357152,-0.3826501484357152,40.31643512450854,-0.316435124508537,0.1835648754914629,-0.7364561766735704,-0.2364561766735704
2024-05,monthly,Part_2,C_301,13.39943734503147,-0.3994373450314707,0.1005626549685292,-0.8642894461859996,-0.3642894461859995,42.97712864250178,-0.977128642501782,-0.477128642501782,-0.9074083250743143,-0.4074083250743143
2024-05,monthly,Part_2,C_320,13.858702270157432,-0.8587022701574316,-0.3587022701574316,-0.4565915140128389,0.043408485987161,41.82291408934708,-0.8229140893470799,-0.3229140893470799,-0.5967172845020059,-0.0967172845020059
2024-05,monthly,Part_2,C_400,16.44440660650434,-0.4444066065043408,0.0555933934956591,-0.5540123456790127,-0.0540123456790127,44.979727891156465,-0.9797278911564646,-0.4797278911564646,-0.968326693227084,-0.468326693227084
2024-06,monthly,Part_2,C_999,14.342254037421007,-0.3422540374210072,0.1577459625789927,-0.9248100443875876,-0.4248100443875877,44.69614424746598,-0.6961442474659805,-0.1961442474659804,-0.8097824120732753,-0.3097824120732753
2024-06,monthly,Part_2,C_100,14.996713388110198,-0.996713388110198,-0.4967133881101979,-0.5133614627285503,-0.0133614627285503,46.62157642220699,-0.6215764222069922,-0.1215764222069921,-0.6438282647584899,-0.1438282647584898
2024-06,monthly,Part_2,C_110,15.353610019646366,-0.353610019646366,0.1463899803536339,-0.8888242392897148,-0.3888242392897147,47.034881960713655,-0.0348819607136547,0.4651180392863452,-0.1595353928484471,0.3404646071515529
2024-06,monthly,Part_2,C_120,17.957843973492555,-0.9578439734925546,-0.4578439734925545,-0.7583759382138595,-0.2583759382138595,50.144181217555456,-0.144181217555456,0.355818782444544,-0.25259648127129,0.24740351872871
2024-06,monthly,Part_2,C_130,11.41541575307809,-0.41541575307809,0.08458424692191,-0.7878032409626989,-0.2878032409626989,39.78209689081707,-0.7820968908170727,-0.2820968908170727,-0.32013840830448,0.1798615916955199
2024-06,monthly,Part_2,C_301,13.616275129884798,-0.6162751298847979,-0.1162751298847979,-0.4361720067453625,0.0638279932546375,42.4475795706884,-0.4475795706883971,0.0524204293116028,-0.5692255434782538,-0.0692255434782538
2024-06,monthly,Part_2,C_320,14.057435363525942,-0.0574353635259416,0.4425646364740583,-0.8750497413450056,-0.3750497413450055,41.281671018276775,-0.281671018276775,0.218328981723225,-0.2446222222222047,0.2553777777777952
2024-06,monthly,Part_2,C_400,16.582995237255247,-0.5829952372552469,-0.0829952372552469,-0.6051401869158894,-0.1051401869158894,45.377021276595755,-0.3770212765957552,0.1229787234042447,-0.5242564441506801,-0.02425644415068
2024-07,monthly,Part_2,C_999,13.983266435858884,-0.9832664358588854,-0.4832664358588854,-0.8600007683704582,-0.3600007683704582,44.108175717852696,-0.1081757178526956,0.3918242821473043,-0.4181644436128238,0.0818355563871762
2024-07,monthly,Part_2,C_100,14.508549027016814,-0.508549027016814,-0.008549027016814,-0.3730006664445184,0.1269993335554815,46.35869884575027,-0.3586988457502684,0.1413011542497315,-0.6403759057970788,-0.1403759057970788
2024-07,monthly,Part_2,C_110,14.607564041643268,-0.6075640416432684,-0.1075640416432683,-0.3567614933159433,0.1432385066840567,46.31072625698325,-0.3107262569832514,0.1892737430167486,-0.7875225835591451,-0.287522583559145
2024-07,monthly,Part_2,C_120,18.272575022216145,-0.2725750222161451,0.2274249777838548,-0.5107115321070594,-0.0107115321070594,49.44659539082917,-0.4465953908291666,0.0534046091708333,-0.6572161741835032,-0.1572161741835032
2024-07,monthly,Part_2,C_130,11.584555106167846,-0.584555106167846,-0.084555106167846,-0.8976481251788968,-0.3976481251788968,39.4620956155561,-0.4620956155561018,0.0379043844438982,-0.5466568819308293,-0.0466568819308292
2024-07,monthly,Part_2,C_301,13.317516316810725,-0.3175163168107247,0.1824836831892753,-0.5157319856537335,-0.0157319856537334,41.535986577181205,-0.5359865771812053,-0.0359865771812053,-0.3415590863952147,0.1584409136047853
2024-07,monthly,Part_2,C_320,13.812559391827683,-0.8125593918276852,-0.3125593918276852,-0.647116875793035,-0.147116875793035,41.116428340342935,-0.1164283403429351,0.3835716596570648,-0.6807378807378726,-0.1807378807378725
2024-07,monthly,Part_2,C_400,16.050182149362477,-0.0501821493624774,0.4498178506375225,-0.36768130405855,0.1323186959414499,45.01439393939394,-0.0143939393939405,0.4856060606060595,-0.4160547396528713,0.0839452603471286
2024-08,monthly,Part_2,C_999,14.597603885797334,-0.5976038857973336,-0.0976038857973335,-0.4227098156356952,0.0772901843643047,44.37408003153953,-0.3740800315395276,0.1259199684604723,-0.2669083177498237,0.2330916822501763
2024-08,monthly,Part_2,C_100,15.020492186768973,-0.0204921867689709,0.4795078132310291,-0.8547686654417888,-0.3547686654417887,46.422693649685975,-0.422693649685975,0.077306350314025,-0.4424563017479173,0.0575436982520827
2024-08,monthly,Part_2,C_110,15.07149073187712,-0.0714907318771214,0.4285092681228786,-0.5828500767525142,-0.0828500767525142,46.406554872986895,-0.4065548729868951,0.0934451270131049,-0.4003945230911867,0.0996054769088132
2024-08,monthly,Part_2,C_120,18.68230407624445,-0.6823040762444457,-0.1823040762444456,-0.1936294416243669,0.3063705583756331,48.8712907744647,-0.8712907744646969,-0.3712907744646969,-0.9859075706901876,-0.4859075706901876
2024-08,monthly,Part_2,C_130,11.927441161742614,-0.927441161742614,-0.4274411617426139,-0.3861405769802708,0.1138594230197291,39.60890976514216,-0.6089097651421582,-0.1089097651421582,-0.7212410501193389,-0.2212410501193389
2024-08,monthly,Part_2,C_301,13.595075713790314,-0.5950757137903135,-0.0950757137903135,-0.7557846686604748,-0.2557846686604748,41.70839762611277,-0.7083976261127702,-0.2083976261127702,-0.4930138826690395,0.0069861173309604
2024-08,monthly,Part_2,C_320,14.577869861327644,-0.5778698613276436,-0.0778698613276436,-0.5024881003894421,-0.0024881003894421,41.71647900466564,-0.7164790046656435,-0.2164790046656435,-0.2592724978973848,0.2407275021026151
2024-08,monthly,Part_2,C_400,16.691972818008068,-0.6919728180080682,-0.1919728180080682,-0.1219153112731348,0.3780846887268652,45.88904552129222,-0.8890455212922177,-0.3890455212922177,-0.9345340383344264,-0.4345340383344265
2024-09,monthly,Part_2,C_999,14.404317951279683,-0.404317951279685,0.0956820487203149,-0.2932923096034585,0.2067076903965414,43.69890949472516,-0.6989094947251573,-0.1989094947251573,-0.4681925538398985,0.0318074461601014
2024-09,monthly,Part_2,C_100,14.669510916197922,-0.6695109161979218,-0.1695109161979218,-0.3581081081081088,0.1418918918918912,45.45168539325844,-0.4516853932584368,0.0483146067415631,-0.3099956445993044,0.1900043554006956
2024-09,monthly,Part_2,C_110,14.823143126092608,-0.8231431260926083,-0.3231431260926083,-0.0688071470514231,0.4311928529485769,45.68107788366744,-0.6810778836674416,-0.1810778836674416,-0.554440275171963,-0.054440275171963
2024-09,monthly,Part_2,C_120,18.62878682601445,-0.6287868260144513,-0.1287868260144513,-0.9399285714285704,-0.4399285714285703,47.41305831019437,-0.4130583101943728,0.0869416898056272,-0.8858093994778145,-0.3858093994778144
2024-09,monthly,Part_2,C_130,11.914200553544816,-0.9142005535448164,-0.4142005535448163,-0.1149530902408351,0.3850469097591649,38.1134082397004,-0.1134082397003979,0.386591760299602,-0.3030992416748859,0.1969007583251141
2024-09,monthly,Part_2,C_301,13.347799395542124,-0.3477993955421237,0.1522006044578763,-0.2158183632734527,0.2841816367265473,40.91338830584709,-0.9133883058470929,-0.4133883058470928,-0.8010901162790773,-0.3010901162790773
2024-09,monthly,Part_2,C_320,14.45035338734701,-0.4503533873470093,0.0496466126529906,-0.4288617886178869,0.071138211382113,41.48987512007685,-0.4898751200768529,0.010124879923147,-0.9083267248215634,-0.4083267248215634
2024-09,monthly,Part_2,C_400,16.182610210838124,-0.1826102108381242,0.3173897891618757,-0.8084811529933482,-0.3084811529933482,45.4926853707415,-0.4926853707414977,0.0073146292585022,-0.6126429051782125,-0.1126429051782125
2024-10,monthly,Part_2,C_999,14.22778882811205,-0.2277888281120503,0.2722111718879496,-0.8616346092858045,-0.3616346092858045,42.36446396439973,-0.3644639643997323,0.1355360356002677,-0.0690445042642409,0.4309554957357591
2024-10,monthly,Part_2,C_100,14.506725993377485,-0.5067259933774828,-0.0067259933774828,-0.7481769567331078,-0.2481769567331078,44.816700143472055,-0.8167001434720547,-0.3167001434720546,-0.7778837814397193,-0.2778837814397192
2024-10,monthly,Part_2,C_110,14.632733148661126,-0.6327331486611261,-0.132733148661126,-0.2572840598952552,0.2427159401047447,44.966145634769376,-0.9661456347693758,-0.4661456347693757,-0.0918671248568188,0.4081328751431812
2024-10,monthly,Part_2,C_120,18.60598259608412,-0.6059825960841181,-0.105982596084118,-0.2833759968494647,0.2166240031505353,47.17059148264984,-0.17059148264984,0.3294085173501599,-0.2562818791946384,0.2437181208053616
2024-10,monthly,Part_2,C_130,11.48654957110346,-0.4865495711034597,0.0134504288965402,-0.0093981101068187,0.4906018898931812,37.90205754141238,-0.9020575414123826,-0.4020575414123826,-0.5020586182833284,-0.0020586182833284
2024-10,monthly,Part_2,C_301,13.050909961685823,-0.0509099616858232,0.4490900383141767,-0.9133118826698592,-0.4133118826698592,39.67475000000001,-0.6747500000000102,-0.1747500000000101,-0.0286588350464924,0.4713411649535075
2024-10,monthly,Part_2,C_320,14.137328996460344,-0.1373289964603454,0.3626710035396545,-0.2053162564396125,0.2946837435603875,40.71349716446125,-0.713497164461252,-0.213497164461252,-0.9874338085539592,-0.4874338085539591
2024-10,monthly,Part_2,C_400,16.153043170559094,-0.1530431705590942,0.3469568294409058,-0.4244484738591723,0.0755515261408277,45.26408263649779,-0.2640826364977897,0.2359173635022102,-0.5065677966101632,-0.0065677966101631
2024-11,monthly,Part_2,C_999,13.997676015951132,-0.9976760159511322,-0.4976760159511322,-0.8280681325823238,-0.3280681325823238,42.23204572384471,-0.2320457238447133,0.2679542761552866,-0.6971043523610732,-0.1971043523610731
2024-11,monthly,Part_2,C_100,14.418891379661709,-0.4188913796617086,0.0811086203382913,-0.6454604096113528,-0.1454604096113527,43.65071382636657,-0.6507138263665695,-0.1507138263665695,-0.0908062930186588,0.4091937069813411
2024-11,monthly,Part_2,C_110,14.47732895613284,-0.4773289561328386,0.0226710438671613,-0.2739708561020038,0.2260291438979962,43.490273656445765,-0.4902736564457655,0.0097263435542345,-0.282356687898087,0.217643312101913
2024-11,monthly,Part_2,C_120,18.35284443447709,-0.3528444344770882,0.1471555655229117,-0.0122515252902957,0.4877484747097043,46.035366321442275,-0.0353663214422752,0.4646336785577247,-0.0764071541294058,0.4235928458705942
2024-11,monthly,Part_2,C_130,11.017477247695783,-0.0174772476957851,0.4825227523042148,-0.6867935915724779,-0.1867935915724778,37.766460422445064,-0.7664604224450642,-0.2664604224450642,-0.452217125382262,0.047782874617738
2024-11,monthly,Part_2,C_301,12.653426291165948,-0.6534262911659479,-0.1534262911659478,-0.598188194038574,-0.098188194038574,39.20549915966388,-0.20549915966388,0.29450084033612,-0.0094185487746187,0.4905814512253812
2024-11,monthly,Part_2,C_320,13.956825856246985,-0.9568258562469848,-0.4568258562469847,-0.1241629998086857,0.3758370001913143,40.93443837279904,-0.9344383727990432,-0.4344383727990433,-0.4599739243806908,0.0400260756193091
2024-11,monthly,Part_2,C_400,15.99740793707544,-0.9974079370754384,-0.4974079370754385,-0.2458568406205934,0.2541431593794065,43.99677803203662,-0.9967780320366232,-0.4967780320366231,-0.9738167938930928,-0.4738167938930928
2024-12,monthly,Part_2,C_999,14.213493830718049,-0.2134938307180469,0.286506169281953,-0.2634904843904735,0.2365095156095265,42.734958528912,-0.7349585289119958,-0.2349585289119957,-0.1780112238091931,0.3219887761908069
2024-12,monthly,Part_2,C_100,14.673089958361576,-0.6730899583615759,-0.1730899583615759,-0.1158466348527227,0.3841533651472772,44.211935266352,-0.2119352663520004,0.2880647336479995,-0.7325189553496188,-0.2325189553496187
2024-12,monthly,Part_2,C_110,14.999468391441102,-0.999468391441102,-0.499468391441102,-0.9327136408844012,-0.4327136408844012,43.98933333333335,-0.9893333333333488,-0.4893333333333487,-0.7452993211273196,-0.2452993211273195
2024-12,monthly,Part_2,C_120,18.48866156016932,-0.4886615601693194,0.0113384398306806,-0.7221316818774426,-0.2221316818774426,46.786944868532665,-0.7869448685326645,-0.2869448685326645,-0.5101985981308488,-0.0101985981308487
2024-12,monthly,Part_2,C_130,11.515309010446147,-0.5153090104461491,-0.015309010446149,-0.9859995658780109,-0.4859995658780107,38.18894339622641,-0.1889433962264135,0.3110566037735864,-0.2676480209355389,0.232351979064461
2024-12,monthly,Part_2,C_301,13.031474175035868,-0.0314741750358678,0.4685258249641322,-0.8379426397424652,-0.3379426397424652,39.24645294725957,-0.24645294725957,0.25354705274043,-0.99953723180478,-0.4995372318047799
2024-12,monthly,Part_2,C_320,13.93204676351758,-0.9320467635175796,-0.4320467635175795,-0.3982625482625472,0.1017374517374527,41.30746144721234,-0.30746144721234,0.1925385527876599,-0.6573950976318983,-0.1573950976318983
2024-12,monthly,Part_2,C_400,16.206053653370986,-0.2060536533709864,0.2939463466290135,-0.7114472950362511,-0.2114472950362511,44.452558782849245,-0.4525587828492448,0.0474412171507552,-0.2866987179487168,0.2133012820512831
2025-01,monthly,Part_2,C_999,14.435403793538072,-0.4354037935380734,0.0645962064619265,-0.2986166514702546,0.2013833485297453,42.39696532481599,-0.3969653248159872,0.1030346751840127,-0.272836388792804,0.2271636112071959
2025-01,monthly,Part_2,C_100,14.810965630114566,-0.8109656301145662,-0.3109656301145662,-0.1887334820662438,0.3112665179337561,43.92909176470589,-0.9290917647058876,-0.4290917647058876,-0.6525685676969744,-0.1525685676969743
2025-01,monthly,Part_2,C_110,15.491516966067865,-0.4915169660678646,0.0084830339321353,-0.1781492131959439,0.3218507868040561,43.57782845810612,-0.5778284581061186,-0.0778284581061186,-0.6232374567473968,-0.1232374567473968
2025-01,monthly,Part_2,C_120,18.241820609837525,-0.241820609837525,0.2581793901624749,-0.7543633979015354,-0.2543633979015354,47.11574659071293,-0.1157465907129307,0.3842534092870693,-0.8320152178925397,-0.3320152178925397
2025-01,monthly,Part_2,C_130,11.642398175976783,-0.6423981759767852,-0.1423981759767851,-0.6642124638443327,-0.1642124638443327,38.3648923246825,-0.3648923246825006,0.1351076753174993,-0.027328029948535,0.472671970051465
2025-01,monthly,Part_2,C_301,13.193898367952524,-0.1938983679525225,0.3061016320474774,-0.7453616352201244,-0.2453616352201244,39.26130796670631,-0.2613079667063118,0.2386920332936881,-0.8611187845303618,-0.3611187845303618
2025-01,monthly,Part_2,C_320,14.118392687764077,-0.1183926877640768,0.3816073122359231,-0.1845339971993169,0.315466002800683,40.93338993329291,-0.933389933292908,-0.4333899332929078,-0.7166938110748973,-0.2166938110748972
2025-01,monthly,Part_2,C_400,16.48519076305221,-0.4851907630522092,0.0148092369477907,-0.9237181283272626,-0.4237181283272626,44.682905138339926,-0.682905138339926,-0.182905138339926,-0.6305721889554192,-0.1305721889554192
2025-02,monthly,Part_2,C_999,14.207862147378773,-0.2078621473787727,0.2921378526212272,-0.7975539797156408,-0.2975539797156408,42.2183233356486,-0.2183233356485985,0.2816766643514015,-0.6089838924261031,-0.108983892426103
2025-02,monthly,Part_2,C_100,14.474484256243214,-0.4744842562432136,0.0255157437567863,-0.7807459677419359,-0.2807459677419359,43.48347931138628,-0.483479311386283,0.016520688613717,-0.1514271891630372,0.3485728108369628
2025-02,monthly,Part_2,C_110,15.460467021712413,-0.4604670217124127,0.0395329782875872,-0.0052460654509118,0.4947539345490881,43.30513376717281,-0.305133767172812,0.1948662328271879,-0.0268150771565913,0.4731849228434086
2025-02,monthly,Part_2,C_120,17.92566169651138,-0.92566169651138,-0.4256616965113799,-0.3535353535353565,0.1464646464646435,46.525471836137534,-0.5254718361375339,-0.0254718361375339,-0.7598255179934412,-0.2598255179934412
2025-02,monthly,Part_2,C_130,11.284269536311903,-0.2842695363119052,0.2157304636880948,-0.023135765486252,0.4768642345137479,38.0458394160584,-0.0458394160583992,0.4541605839416007,-0.0441087154570283,0.4558912845429717
2025-02,monthly,Part_2,C_301,13.18221941992434,-0.1822194199243387,0.3177805800756612,-0.3476485709965224,0.1523514290034775,38.88021944529107,-0.8802194452910683,-0.3802194452910683,-0.5464654487688634,-0.0464654487688633
2025-02,monthly,Part_2,C_320,14.00744384468048,-0.0074438446804805,0.4925561553195194,-0.5736596914617387,-0.0736596914617386,40.498370986920335,-0.4983709869203352,0.0016290130796647,-0.9259355095541224,-0.4259355095541224
2025-02,monthly,Part_2,C_400,16.467739068610026,-0.467739068610026,0.0322609313899739,-0.7610652109766889,-0.2610652109766889,44.13791398912506,-0.1379139891250602,0.3620860108749397,-0.4887339055794015,0.0112660944205984
2025-03,monthly,Part_2,C_999,13.820440441539898,-0.8204404415398976,-0.3204404415398976,-0.2830379859840199,0.21696201401598,41.890477884267035,-0.8904778842670353,-0.3904778842670353,-0.4188211149789467,0.0811788850210533
2025-03,monthly,Part_2,C_100,14.097513357994243,-0.0975133579942451,0.4024866420057549,-0.117395104895106,0.3826048951048939,42.796450597860286,-0.7964505978602858,-0.2964505978602858,-0.4733532934131546,0.0266467065868454
2025-03,monthly,Part_2,C_110,15.26111346815632,-0.261113468156319,0.238886531843681,-0.4672290468045403,0.0327709531954596,42.77578839690196,-0.7757883969019588,-0.2757883969019588,-0.4329070929070866,0.0670929070929133
2025-03,monthly,Part_2,C_120,17.577179113792386,-0.5771791137923863,-0.0771791137923862,-0.5950511322132961,-0.095051132213296,46.2527509142625,-0.2527509142624993,0.2472490857375007,-0.0951908200103233,0.4048091799896767
2025-03,monthly,Part_2,C_130,9.90406079316077,-0.9040607931607704,-0.4040607931607702,-0.6743241799337554,-0.1743241799337553,37.550567047943545,-0.5505670479435452,-0.0505670479435451,-0.5430869161769039,-0.0430869161769038
2025-03,monthly,Part_2,C_301,12.362864385297843,-0.3628643852978452,0.1371356147021547,-0.5066229985443975,-0.0066229985443975,38.86851944792974,-0.8685194479297422,-0.3685194479297422,-0.3235530951182497,0.1764469048817503
2025-03,monthly,Part_2,C_320,13.651520327980869,-0.651520327980867,-0.151520327980867,-0.2982804232804241,0.2017195767195758,40.156622167028885,-0.1566221670288854,0.3433778329711145,-0.6794736842105209,-0.1794736842105209
2025-03,monthly,Part_2,C_400,16.3364519611371,-0.3364519611371008,0.1635480388628991,-0.0132508833922244,0.4867491166077755,43.756881275841714,-0.7568812758417138,-0.2568812758417138,-0.7925636007827777,-0.2925636007827776
2025-04,monthly,Part_2,C_999,13.258164624994428,-0.2581646249944267,0.2418353750055732,-0.5910745938636417,-0.0910745938636417,42.2618071860548,-0.2618071860547957,0.2381928139452043,-0.7143179119574299,-0.2143179119574298
2025-04,monthly,Part_2,C_100,13.477978543195936,-0.4779785431959347,0.0220214568040653,-0.3740379681888157,0.1259620318111842,43.14483142161974,-0.1448314216197417,0.3551685783802583,-0.6498030634573269,-0.1498030634573268
2025-04,monthly,Part_2,C_110,14.522309944114255,-0.5223099441142551,-0.0223099441142551,-0.0090302018515693,0.4909697981484306,43.226955397543634,-0.2269553975436338,0.2730446024563662,-0.6265835511763527,-0.1265835511763526
2025-04,monthly,Part_2,C_120,17.093814269894004,-0.0938142698940041,0.4061857301059959,-0.4070093457943926,0.0929906542056073,46.724152744630075,-0.7241527446300751,-0.224152744630075,-0.6241650294695305,-0.1241650294695304
2025-04,monthly,Part_2,C_130,10.204422869471411,-0.2044228694714132,0.2955771305285868,-0.6600322614215841,-0.1600322614215841,37.2607055214724,-0.2607055214723957,0.2392944785276043,-0.5137691001697533,-0.0137691001697533
2025-04,monthly,Part_2,C_301,12.57304385210662,-0.5730438521066201,-0.0730438521066201,-0.8228082623777979,-0.3228082623777979,39.3467274503419,-0.346727450341902,0.153272549658098,-0.820932754880694,-0.3209327548806939
2025-04,monthly,Part_2,C_320,13.234425394669834,-0.2344253946698344,0.2655746053301655,-0.5163477474762708,-0.0163477474762707,40.344296392590195,-0.3442963925901949,0.155703607409805,-0.7254428341384838,-0.2254428341384837
2025-04,monthly,Part_2,C_400,15.645803314121038,-0.6458033141210375,-0.1458033141210375,-0.2693370165745854,0.2306629834254145,44.0908568496665,-0.0908568496665012,0.4091431503334988,-0.1579417293232978,0.3420582706767021
2025-05,monthly,Part_2,C_999,13.56979489010553,-0.5697948901055305,-0.0697948901055305,-0.7854906573768261,-0.2854906573768261,42.526729349836934,-0.5267293498369341,-0.026729349836934,-0.1793781203043991,0.3206218796956008
2025-05,monthly,Part_2,C_100,13.841527491086508,-0.8415274910865076,-0.3415274910865076,-0.4243726366448968,0.0756273633551032,43.214672670592314,-0.2146726705923143,0.2853273294076857,-0.761938018332593,-0.261938018332593
2025-05,monthly,Part_2,C_110,14.709806212873698,-0.7098062128736977,-0.2098062128736977,-0.1639017137491194,0.3360982862508805,43.57337985725615,-0.5733798572561497,-0.0733798572561497,-0.065162852112671,0.4348371478873289
2025-05,monthly,Part_2,C_120,17.308823529411764,-0.3088235294117645,0.1911764705882355,-0.7688015020340053,-0.2688015020340053,47.076945425991376,-0.0769454259913757,0.4230545740086242,-0.2043878787878696,0.2956121212121303
2025-05,monthly,Part_2,C_130,10.584881021474173,-0.5848810214741729,-0.0848810214741728,-0.5588111961421518,-0.0588111961421518,36.94669618696189,-0.9466961869618872,-0.446696186961887,-0.3877129394708092,0.1122870605291908
2025-05,monthly,Part_2,C_301,12.713863422157484,-0.713863422157484,-0.213863422157484,-0.7680257161458321,-0.2680257161458321,39.339516908212566,-0.3395169082125662,0.1604830917874338,-0.990166447656584,-0.4901664476565841
2025-05,monthly,Part_2,C_320,13.690406121247792,-0.6904061212477934,-0.1904061212477934,-0.7992573507123382,-0.2992573507123381,40.59334219269104,-0.5933421926910398,-0.0933421926910398,-0.046395131086129,0.453604868913871
2025-05,monthly,Part_2,C_400,15.78621659634318,-0.7862165963431789,-0.2862165963431788,-0.3374406175771973,0.1625593824228026,44.37826231322635,-0.3782623132263509,0.121737686773649,-0.4536433032616145,0.0463566967383854
2025-06,monthly,Part_2,C_999,13.397750439012574,-0.3977504390125741,0.1022495609874258,-0.6690338095911734,-0.1690338095911734,41.80654414023674,-0.8065441402367384,-0.3065441402367383,-0.8077038200151918,-0.3077038200151918
2025-06,monthly,Part_2,C_100,13.460025014431404,-0.4600250144314035,0.0399749855685964,-0.4003535541496106,0.0996464458503894,42.54457103637612,-0.5445710363761194,-0.0445710363761193,-0.3918234767025055,0.1081765232974945
2025-06,monthly,Part_2,C_110,14.379021103823671,-0.379021103823673,0.1209788961763269,-0.8695617014394301,-0.3695617014394301,43.045957930642416,-0.045957930642416,0.4540420693575839,-0.928903383611896,-0.428903383611896
2025-06,monthly,Part_2,C_120,17.228426056102297,-0.2284260561022968,0.2715739438977032,-0.4478445156621511,0.0521554843378488,46.69472796288486,-0.6947279628848619,-0.1947279628848619,-0.9689621726479132,-0.4689621726479132
2025-06,monthly,Part_2,C_130,10.333882748367914,-0.3338827483679143,0.1661172516320856,-0.3042311998507188,0.1957688001492812,36.45515284910736,-0.4551528491073568,0.0448471508926431,-0.4500872295882629,0.049912770411737
2025-06,monthly,Part_2,C_301,12.49772493131868,-0.4977249313186807,0.0022750686813193,-0.6644017368928914,-0.1644017368928914,39.096850068775794,-0.0968500687757938,0.4031499312242061,-0.7278856825749003,-0.2278856825749002
2025-06,monthly,Part_2,C_320,13.687938046205762,-0.6879380462057618,-0.1879380462057618,-0.7368816184605649,-0.2368816184605648,40.02693446088795,-0.0269344608879507,0.4730655391120493,-0.756707875457856,-0.256707875457856
2025-06,monthly,Part_2,C_400,15.352864583333334,-0.3528645833333339,0.147135416666666,-0.9051345816266833,-0.4051345816266831,43.739909149902665,-0.7399091499026653,-0.2399091499026653,-0.3018104776579378,0.1981895223420622
2025-07,monthly,Part_2,C_999,13.098968817940252,-0.0989688179402534,0.4010311820597465,-0.4317197655925859,0.068280234407414,41.79667619335026,-0.7966761933502582,-0.2966761933502582,-0.3634806453199459,0.136519354680054
2025-07,monthly,Part_2,C_100,13.04683908045977,-0.0468390804597707,0.4531609195402293,-0.7467532467532472,-0.2467532467532471,42.482466666666674,-0.4824666666666743,0.0175333333333256,-0.0952150797486695,0.4047849202513305
2025-07,monthly,Part_2,C_110,14.022744028310234,-0.0227440283102335,0.4772559716897664,-0.891868106078384,-0.3918681060783839,43.35269282814615,-0.3526928281461465,0.1473071718538534,-0.8057993407498927,-0.3057993407498927
2025-07,monthly,Part_2,C_120,17.612189677332072,-0.6121896773320721,-0.112189677332072,-0.9550537634408583,-0.4550537634408584,45.904144144144155,-0.9041441441441548,-0.4041441441441549,-0.6957526726379655,-0.1957526726379654
2025-07,monthly,Part_2,C_130,10.27226306181854,-0.2722630618185402,0.2277369381814598,-0.5486417198884581,-0.0486417198884581,36.09057099545225,-0.0905709954522464,0.4094290045477535,-0.1581859174470778,0.3418140825529221
2025-07,monthly,Part_2,C_301,11.929547395388555,-0.9295473953885568,-0.4295473953885569,-0.6613098323829263,-0.1613098323829263,39.32533333333334,-0.3253333333333401,0.1746666666666598,-0.7793805309734338,-0.2793805309734338
2025-07,monthly,Part_2,C_320,13.28743665909488,-0.2874366590948796,0.2125633409051204,-0.6705621301775153,-0.1705621301775153,39.84,-0.8400000000000034,-0.3400000000000034,-0.2146319569120365,0.2853680430879635
2025-07,monthly,Part_2,C_400,15.601671565025717,-0.6016715650257165,-0.1016715650257165,-0.9257529280535408,-0.4257529280535408,43.53511918274688,-0.5351191827468824,-0.0351191827468824,-0.8402173913043356,-0.3402173913043356
2025-08,monthly,Part_2,C_999,13.451539855072465,-0.4515398550724629,0.048460144927537,-0.9277511961722488,-0.4277511961722489,42.15704861304907,-0.1570486130490707,0.3429513869509293,-0.776851575589248,-0.276851575589248
2025-08,monthly,Part_2,C_100,13.42768411712511,-0.4276841171251107,0.0723158828748893,-0.19649676241076,0.3035032375892399,42.785094471658496,-0.7850944716584962,-0.2850944716584962,-0.4674568965517238,0.0325431034482761
2025-08,monthly,Part_2,C_110,14.410060353967866,-0.4100603539678662,0.0899396460321337,-0.224867148706334,0.2751328512936659,43.85818301514155,-0.8581830151415488,-0.3581830151415488,-0.2907544836116145,0.2092455163883855
2025-08,monthly,Part_2,C_120,17.92145606807591,-0.9214560680759084,-0.4214560680759085,-0.0039560874295325,0.4960439125704674,46.37424873382105,-0.374248733821048,0.1257512661789519,-0.5499589827727505,-0.0499589827727504
2025-08,monthly,Part_2,C_130,10.605893407864302,-0.6058934078643023,-0.1058934078643023,-0.008001321752264,0.4919986782477359,36.13880149812733,-0.1388014981273286,0.3611985018726713,-0.3407063197026119,0.1592936802973881
2025-08,monthly,Part_2,C_301,12.365344916566317,-0.3653449165663165,0.1346550834336835,-0.3093894100810956,0.1906105899189043,40.018197866862835,-0.0181978668628346,0.4818021331371653,-0.6284953703703664,-0.1284953703703664
2025-08,monthly,Part_2,C_320,13.604250334672022,-0.604250334672022,-0.104250334672022,-0.384635572885422,0.1153644271145779,40.44581913499345,-0.4458191349934495,0.0541808650065505,-0.7381290322580512,-0.2381290322580511
2025-08,monthly,Part_2,C_400,15.424332093337842,-0.424332093337842,0.0756679066621579,-0.2859068975305128,0.2140931024694872,43.83223039215687,-0.8322303921568732,-0.3322303921568732,-0.1380208333333357,0.3619791666666643
2025-09,monthly,Part_2,C_999,13.357978200639064,-0.3579782006390655,0.1420217993609345,-0.8475146373012912,-0.3475146373012912,41.81406993006994,-0.814069930069941,-0.314069930069941,-0.4143096183941139,0.085690381605886
2025-09,monthly,Part_2,C_100,13.352645739910312,-0.3526457399103133,0.1473542600896866,-0.9806009575697524,-0.4806009575697523,42.43573712255774,-0.4357371225577395,0.0642628774422604,-0.1605086372360844,0.3394913627639155
2025-09,monthly,Part_2,C_110,14.208398694195957,-0.2083986941959548,0.2916013058040452,-0.8866658889407368,-0.3866658889407368,43.56443829721839,-0.5644382972183877,-0.0644382972183876,-0.1480110497237561,0.3519889502762439
2025-09,monthly,Part_2,C_120,17.478605886876878,-0.4786058868768776,0.0213941131231223,-0.9576736279747458,-0.4576736279747457,45.7681745884964,-0.7681745884964002,-0.2681745884964002,-0.0781445720250388,0.4218554279749611
2025-09,monthly,Part_2,C_130,10.43706691744209,-0.43706691744209,0.0629330825579099,-0.3999124665990976,0.1000875334009023,34.707748204478236,-0.7077482044782357,-0.2077482044782357,-0.4528347631480542,0.0471652368519457
2025-09,monthly,Part_2,C_301,12.288620001734756,-0.2886200017347562,0.2113799982652437,-0.1322021484375,0.3677978515625,38.98263550472402,-0.9826355047240228,-0.4826355047240227,-0.1475254730713189,0.3524745269286811
2025-09,monthly,Part_2,C_320,13.264429530201342,-0.2644295302013422,0.2355704697986578,-0.2215415632754336,0.2784584367245664,40.140046496180666,-0.1400464961806662,0.3599535038193338,-0.5320392681838442,-0.0320392681838441
2025-09,monthly,Part_2,C_400,15.18657237646237,-0.1865723764623705,0.3134276235376294,-0.839371019108281,-0.339371019108281,43.11739030023095,-0.1173903002309515,0.3826096997690484,-0.1791471048513173,0.3208528951486826
2025-10,monthly,Part_2,C_999,13.31106578940514,-0.3110657894051396,0.1889342105948603,-0.2771881406718179,0.222811859328182,40.55139571699459,-0.5513957169945911,-0.0513957169945911,-0.08410683574197,0.4158931642580299
2025-10,monthly,Part_2,C_100,13.522749134282416,-0.5227491342824155,-0.0227491342824155,-0.6342727096649234,-0.1342727096649234,41.33545268890401,-0.335452688904013,0.1645473110959869,-0.8881054131054,-0.3881054131054
2025-10,monthly,Part_2,C_110,14.33586975004251,-0.3358697500425105,0.1641302499574894,-0.4852600074822284,0.0147399925177715,42.356845468303355,-0.356845468303355,0.1431545316966449,-0.0745127760935417,0.4254872239064582
2025-10,monthly,Part_2,C_120,17.44902878207855,-0.4490287820785497,0.0509712179214503,-0.0506412198323751,0.4493587801676248,45.33924661810615,-0.3392466181061522,0.1607533818938478,-0.5655045421065381,-0.0655045421065381
2025-10,monthly,Part_2,C_130,10.14147618307158,-0.14147618307158,0.3585238169284199,-0.1618326730805499,0.33816732691945,34.59236942932044,-0.592369429320442,-0.092369429320442,-0.1282336790726006,0.3717663209273993
2025-10,monthly,Part_2,C_301,12.165587257132854,-0.165587257132854,0.3344127428671459,-0.3513681592039788,0.1486318407960212,38.31989111942839,-0.3198911194283909,0.1801088805716091,-0.7839386189258164,-0.2839386189258164
2025-10,monthly,Part_2,C_320,13.153018833087147,-0.1530188330871489,0.3469811669128511,-0.4349186011456147,0.0650813988543852,38.891663527934725,-0.8916635279347247,-0.3916635279347247,-0.6271715721464233,-0.1271715721464232
2025-10,monthly,Part_2,C_400,15.00441329179647,-0.0044132917964692,0.4955867082035308,-0.3044513457556945,0.1955486542443054,41.70288298473715,-0.7028829847371512,-0.2028829847371511,-0.88356413994169,-0.38356413994169
2025-11,monthly,Part_2,C_999,12.897251587718342,-0.8972515877183422,-0.3972515877183422,-0.116061783461685,0.3839382165383149,40.35955051877944,-0.3595505187794359,0.1404494812205641,-0.6961684683034051,-0.196168468303405
2025-11,monthly,Part_2,C_100,13.252141057934509,-0.2521410579345087,0.2478589420654913,-0.6032990364200543,-0.1032990364200543,41.34426031533042,-0.3442603153304233,0.1557396846695766,-0.7952144469525777,-0.2952144469525777
2025-11,monthly,Part_2,C_110,14.150525561395126,-0.1505255613951259,0.349474438604874,-0.3017190131774505,0.1982809868225494,42.07905347846663,-0.0790534784666334,0.4209465215333665,-0.6165570640644802,-0.1165570640644801
2025-11,monthly,Part_2,C_120,17.061682615629984,-0.0616826156299836,0.4383173843700163,-0.3272187822497407,0.1727812177502592,43.84122009132421,-0.8412200913242103,-0.3412200913242103,-0.9357551487413928,-0.4357551487413929
2025-11,monthly,Part_2,C_130,9.984634681718408,-0.9846346817184076,-0.4846346817184077,-0.2793705956173369,0.2206294043826631,34.75154444210968,-0.7515444421096831,-0.2515444421096831,-0.2216602201725663,0.2783397798274336
2025-11,monthly,Part_2,C_301,11.980483191471068,-0.980483191471068,-0.4804831914710679,-0.4719881011403082,0.0280118988596917,38.35751824817518,-0.3575182481751824,0.1424817518248176,-0.7252134831460566,-0.2252134831460566
2025-11,monthly,Part_2,C_320,12.669915064818952,-0.6699150648189534,-0.1699150648189533,-0.0520186335403742,0.4479813664596257,38.44359874608151,-0.4435987460815127,0.0564012539184872,-0.6451178451178379,-0.1451178451178378
2025-11,monthly,Part_2,C_400,14.996776028826096,-0.9967760288260958,-0.4967760288260958,-0.933494977485278,-0.4334949774852781,41.12379018612522,-0.1237901861252197,0.3762098138747802,-0.2368115942028907,0.2631884057971092
2025-12,monthly,Part_2,C_999,13.44575627679118,-0.4457562767911813,0.0542437232088186,-0.7065120274914101,-0.20651202749141,40.77806485012684,-0.7780648501268388,-0.2780648501268388,-0.0932661807791888,0.4067338192208112
2025-12,monthly,Part_2,C_100,14.0126374686475,-0.012637468647501,0.4873625313524989,-0.4889032885144999,0.0110967114855,41.804321029461576,-0.8043210294615761,-0.3043210294615761,-0.3197374179430952,0.1802625820569048
2025-12,monthly,Part_2,C_110,14.64880051869462,-0.6488005186946193,-0.1488005186946193,-0.1016910069177541,0.3983089930822459,42.482154080854315,-0.4821540808543147,0.0178459191456852,-0.0679890272209249,0.4320109727790751
2025-12,monthly,Part_2,C_120,16.912006935413956,-0.912006935413956,-0.4120069354139559,-0.3019440444353023,0.1980559555646976,44.27221796165489,-0.2722179616548885,0.2277820383451114,-0.9741971958389896,-0.4741971958389896
2025-12,monthly,Part_2,C_130,10.936020430823897,-0.9360204308238947,-0.4360204308238948,-0.7511751433674903,-0.2511751433674902,35.035821021528065,-0.0358210215280649,0.464178978471935,-0.8432387057386919,-0.3432387057386918
2025-12,monthly,Part_2,C_301,12.446236120182888,-0.4462361201828866,0.0537638798171133,-0.8303116802962514,-0.3303116802962513,38.64271207053816,-0.6427120705381597,-0.1427120705381597,-0.8322807723250136,-0.3322807723250136
2025-12,monthly,Part_2,C_320,13.014046157835596,-0.0140461578355957,0.4859538421644043,-0.4034262048192758,0.0965737951807241,38.78562304320602,-0.7856230432060229,-0.2856230432060229,-0.9590326340326314,-0.4590326340326314
2025-12,monthly,Part_2,C_400,15.168802323594738,-0.168802323594738,0.331197676405262,-0.3097332576617475,0.1902667423382524,41.31952868852459,-0.319528688524592,0.1804713114754079,-0.2394230769230674,0.2605769230769326
2026-01,monthly,Part_2,C_999,13.620905959175278,-0.6209059591752784,-0.1209059591752783,-0.6484716552466985,-0.1484716552466984,40.34745600000001,-0.3474560000000082,0.1525439999999918,-0.9822154090994104,-0.4822154090994104
2026-01,monthly,Part_2,C_100,14.242948476871003,-0.2429484768710033,0.2570515231289967,-0.7209420535411724,-0.2209420535411723,41.68918084685398,-0.6891808468539793,-0.1891808468539793,-0.257714539795451,0.242285460204549
2026-01,monthly,Part_2,C_110,15.056198704103672,-0.0561987041036715,0.4438012958963284,-0.4056898787277845,0.0943101212722155,42.486710408589325,-0.4867104085893246,0.0132895914106754,-0.9790659565751624,-0.4790659565751625
2026-01,monthly,Part_2,C_120,16.5906037944883,-0.5906037944882989,-0.0906037944882989,-0.0899030694668816,0.4100969305331183,44.10412550349799,-0.1041255034979897,0.3958744965020102,-0.0632258923814532,0.4367741076185467
2026-01,monthly,Part_2,C_130,11.337321020474793,-0.3373210204747909,0.162678979525209,-0.6617368989735262,-0.1617368989735261,35.055282817502686,-0.055282817502686,0.4447171824973139,-0.7347277556440872,-0.2347277556440872
2026-01,monthly,Part_2,C_301,12.636004560631973,-0.6360045606319726,-0.1360045606319726,-0.6543114647612853,-0.1543114647612853,37.885871212121216,-0.8858712121212164,-0.3858712121212164,-0.7094957299715219,-0.2094957299715218
2026-01,monthly,Part_2,C_320,12.900240577385723,-0.9002405773857252,-0.4002405773857251,-0.9603453789574664,-0.4603453789574665,37.82629362214201,-0.8262936221420105,-0.3262936221420105,-0.5443412162162176,-0.0443412162162175
2026-01,monthly,Part_2,C_400,15.375373134328358,-0.3753731343283579,0.124626865671642,-0.2915891575870333,0.2084108424129667,41.0228427037271,-0.0228427037271004,0.4771572962728996,-0.0862819626813902,0.4137180373186098
2026-02,monthly,Part_2,C_999,13.167078330194908,-0.1670783301949079,0.3329216698050921,-0.5877061599064959,-0.0877061599064958,39.45375296859394,-0.453752968593939,0.046247031406061,-0.8768024800708503,-0.3768024800708502
2026-02,monthly,Part_2,C_100,13.933902416270174,-0.9339024162701736,-0.4339024162701737,-0.9329268292682932,-0.4329268292682933,40.90842898550725,-0.9084289855072498,-0.4084289855072498,-0.5235644076564867,-0.0235644076564867
2026-02,monthly,Part_2,C_110,14.938370196931054,-0.9383701969310536,-0.4383701969310536,-0.9961679790026244,-0.4961679790026245,41.599825352112674,-0.5998253521126742,-0.0998253521126741,-0.4445530726256947,0.0554469273743052
2026-02,monthly,Part_2,C_120,15.818988107236445,-0.8189881072364447,-0.3189881072364446,-0.8530331806502076,-0.3530331806502076,43.10234396399923,-0.1023439639992318,0.3976560360007681,-0.4736653824986021,0.0263346175013978
2026-02,monthly,Part_2,C_130,10.857285329610052,-0.8572853296100522,-0.3572853296100522,-0.1336262127036427,0.3663737872963573,34.50766331120155,-0.5076633112015472,-0.0076633112015471,-0.1249240121580257,0.3750759878419742
2026-02,monthly,Part_2,C_301,12.185753838409262,-0.185753838409262,0.3142461615907379,-0.6457378551787336,-0.1457378551787336,36.91710993459982,-0.9171099345998216,-0.4171099345998215,-0.2892280071813147,0.2107719928186853
2026-02,monthly,Part_2,C_320,12.346555406153604,-0.3465554061536036,0.1534445938463964,-0.685998498498499,-0.185998498498499,36.84571763327476,-0.8457176332747594,-0.3457176332747593,-0.1250766535260581,0.3749233464739419
2026-02,monthly,Part_2,C_400,14.980447376890892,-0.9804473768908916,-0.4804473768908917,-0.5205237741456159,-0.0205237741456159,39.90058659217878,-0.900586592178783,-0.400586592178783,-0.9016943042537804,-0.4016943042537804
2026-03,monthly,Part_2,C_999,11.32913722093741,-0.3291372209374099,0.17086277906259,-0.3293887119759304,0.1706112880240695,38.33991381152504,-0.3399138115250437,0.1600861884749562,-0.5306982976040331,-0.030698297604033
2026-03,monthly,Part_2,C_100,12.084110885733605,-0.0841108857336045,0.4158891142663954,-0.9135887304586844,-0.4135887304586845,39.89659140117538,-0.8965914011753782,-0.3965914011753781,-0.0520183955033175,0.4479816044966824
2026-03,monthly,Part_2,C_110,14.45610940578183,-0.4561094057818291,0.0438905942181708,-0.0313405371544917,0.4686594628455083,40.91044121833191,-0.9104412183319112,-0.4104412183319113,-0.1291071428571371,0.3708928571428629
2026-03,monthly,Part_2,C_120,14.56073177366703,-0.5607317736670296,-0.0607317736670296,-0.8018101018859731,-0.3018101018859731,41.61279720279721,-0.6127972027972106,-0.1127972027972106,-0.7615504277936012,-0.2615504277936011
2026-03,monthly,Part_2,C_130,9.086918275876512,-0.0869182758765134,0.4130817241234865,-0.1326329906124286,0.3673670093875714,33.35240073868882,-0.3524007386888215,0.1475992613111785,-0.1783545840922897,0.3216454159077102
2026-03,monthly,Part_2,C_301,10.429434105582985,-0.4294341055829846,0.0705658944170153,-0.8962537150007819,-0.3962537150007819,35.712295882763435,-0.7122958827634349,-0.2122958827634349,-0.9686381492797764,-0.4686381492797764
2026-03,monthly,Part_2,C_320,10.683091399810344,-0.6830913998103441,-0.183091399810344,-0.9315551268734232,-0.4315551268734232,35.438687646468026,-0.4386876464680256,0.0613123535319743,-0.6328118302614527,-0.1328118302614527
2026-03,monthly,Part_2,C_400,13.758150365934798,-0.7581503659347977,-0.2581503659347977,-0.0303867403314903,0.4696132596685096,38.56824765063572,-0.568247650635719,-0.068247650635719,-0.3781593406593231,0.1218406593406769
2026-04,monthly,Part_2,C_999,11.895654703189418,-0.8956547031894182,-0.3956547031894182,-0.5913176096576009,-0.0913176096576009,38.70203053824569,-0.7020305382456868,-0.2020305382456868,-0.0835626618084077,0.4164373381915922
2026-04,monthly,Part_2,C_100,12.668023058663954,-0.6680230586639535,-0.1680230586639535,-0.2942209731248901,0.2057790268751098,40.46018512170039,-0.4601851217003911,0.0398148782996088,-0.6427216494845283,-0.1427216494845282
2026-04,monthly,Part_2,C_110,13.819145845438698,-0.8191458454386975,-0.3191458454386975,-0.5390881483913326,-0.0390881483913325,41.56431835608036,-0.5643183560803635,-0.0643183560803635,-0.6845222451661286,-0.1845222451661285
2026-04,monthly,Part_2,C_120,14.09856089007135,-0.0985608900713508,0.4014391099286492,-0.0034450843274385,0.4965549156725615,41.73437043403524,-0.7343704340352417,-0.2343704340352417,-0.9281726544326644,-0.4281726544326645
2026-04,monthly,Part_2,C_130,9.668012358393408,-0.6680123583934083,-0.1680123583934083,-0.2595258662059692,0.2404741337940308,33.25870803426719,-0.2587080342671868,0.2412919657328132,-0.3490525007766294,0.1509474992233705
2026-04,monthly,Part_2,C_301,11.114665127020784,-0.1146651270207854,0.3853348729792145,-0.2511345852895132,0.2488654147104867,35.9878698481562,-0.9878698481562012,-0.4878698481562011,-0.4787624660017968,0.0212375339982031
2026-04,monthly,Part_2,C_320,11.416151441472731,-0.4161514414727332,0.0838485585272668,-0.3660816618911191,0.1339183381088808,35.46661157024795,-0.4666115702479487,0.0333884297520512,-0.0094819819819775,0.4905180180180224
2026-04,monthly,Part_2,C_400,13.51514909902727,-0.5151490990272691,-0.0151490990272691,-0.4343946316390621,0.0656053683609378,39.163935212957405,-0.1639352129574049,0.336064787042595,-0.0272338772338684,0.4727661227661315
2026-05,monthly,Part_2,C_999,12.42281680139593,-0.4228168013959301,0.0771831986040698,-0.9010734215149334,-0.4010734215149334,38.56866552242009,-0.5686655224200905,-0.0686655224200905,-0.4277730492903089,0.0722269507096911
2026-05,monthly,Part_2,C_100,13.26061604201905,-0.2606160420190502,0.2393839579809498,-0.6948445459336021,-0.1948445459336021,40.87376570458404,-0.8737657045840379,-0.3737657045840379,-0.2998877917414546,0.2001122082585453
2026-05,monthly,Part_2,C_110,14.110845070422537,-0.1108450704225347,0.3891549295774652,-0.8269870051375037,-0.3269870051375037,41.835237203495645,-0.8352372034956446,-0.3352372034956445,-0.2482182854815704,0.2517817145184295
2026-05,monthly,Part_2,C_120,14.7580394035571,-0.758039403557099,-0.258039403557099,-0.117630057803467,0.382369942196533,41.626389011962786,-0.626389011962786,-0.1263890119627859,-0.119579288025875,0.3804207119741249
2026-05,monthly,Part_2,C_130,10.206322476125512,-0.2063224761255124,0.2936775238744875,-0.439695098417598,0.0603049015824019,33.41153698571733,-0.4115369857173334,0.0884630142826665,-0.1842937676166443,0.3157062323833557
2026-05,monthly,Part_2,C_301,11.771811329203672,-0.7718113292036719,-0.2718113292036719,-0.9608912321248012,-0.4608912321248013,36.11276273022752,-0.1127627302275158,0.3872372697724842,-0.7705414012738672,-0.2705414012738671
2026-05,monthly,Part_2,C_320,12.129889595671566,-0.1298895956715657,0.3701104043284342,-0.2403892072588362,0.2596107927411637,35.51788580750408,-0.5178858075040793,-0.0178858075040793,-0.1270585435506959,0.3729414564493041
2026-05,monthly,Part_2,C_400,14.004236555421064,-0.0042365554210626,0.4957634445789374,-0.730121918897428,-0.2301219188974279,38.94545047565754,-0.9454504756575376,-0.4454504756575375,-0.1365729898516647,0.3634270101483352
2025-02,full,Part_1A,C_999,12.244081942336877,-0.2440819423368747,0.2559180576631252,-0.9707726537216814,-0.4707726537216814,55.869875120076856,-0.8698751200768555,-0.3698751200768555,-0.3108162100456582,0.1891837899543418
2025-02,full,Part_1A,C_100,16.413265306122447,-0.4132653061224474,0.0867346938775526,-0.92316017316017,-0.4231601731601699,57.48879581151833,-0.4887958115183295,0.0112041884816704,-0.1512254901960688,0.3487745098039312
2025-02,full,Part_1A,C_110,22.926748057713652,-0.9267480577136524,-0.4267480577136524,-0.8166969147005432,-0.3166969147005432,59.95379537953795,-0.9537953795379508,-0.4537953795379508,-0.743040685224841,-0.243040685224841
2025-02,full,Part_1A,C_120,31.460176991150444,-0.4601769911504441,0.0398230088495559,-0.739690721649481,-0.239690721649481,64.80669683257919,-0.8066968325791919,-0.3066968325791919,-0.8681528662420277,-0.3681528662420277
2025-02,full,Part_1A,C_130,6.821316614420063,-0.8213166144200628,-0.3213166144200627,-0.937639198218264,-0.4376391982182639,38.548171206225696,-0.548171206225696,-0.048171206225696,-0.7368932038834757,-0.2368932038834756
2025-02,full,Part_1A,C_301,4.039410828025478,-0.0394108280254776,0.4605891719745223,-0.4884146341463413,0.0115853658536586,30.96745762711864,-0.967457627118641,-0.467457627118641,-0.2950980392156737,0.2049019607843263
2025-02,full,Part_1A,C_320,11.46341463414634,-0.463414634146341,0.036585365853659,-0.3482142857142847,0.1517857142857153,46.600000000000016,-0.6000000000000156,-0.1000000000000156,-0.8333333333333357,-0.3333333333333357
2025-02,full,Part_1A,C_400,5.26,-0.2599999999999998,0.2400000000000002,-0.958333333333332,-0.4583333333333321,35.18400000000001,-0.1840000000000117,0.3159999999999883,-0.3166666666666415,0.1833333333333584
2025-02,full,Part_1B,C_999,9.771950640721403,-0.7719506407214052,-0.2719506407214052,-0.0893171160609611,0.4106828839390388,48.88371550719007,-0.8837155071900682,-0.3837155071900682,-0.1040994737735516,0.3959005262264483
2025-02,full,Part_1B,C_100,6.982942430703625,-0.9829424307036252,-0.4829424307036252,-0.0012406947890823,0.4987593052109176,49.77228346456694,-0.7722834645669394,-0.2722834645669394,-0.5863157894736801,-0.0863157894736801
2025-02,full,Part_1B,C_110,12.470671521035598,-0.470671521035598,0.0293284789644019,-0.4462828649138721,0.0537171350861278,50.05201680672271,-0.0520168067227118,0.4479831932772882,-0.0323677581863748,0.4676322418136251
2025-02,full,Part_1B,C_120,17.20774021352313,-0.207740213523131,0.292259786476869,-0.0788075560802852,0.4211924439197148,55.78924829157176,-0.7892482915717594,-0.2892482915717593,-0.782059447982995,-0.282059447982995
2025-02,full,Part_1B,C_130,8.261023224503534,-0.2610232245035337,0.2389767754964662,-0.77856648199446,-0.27856648199446,41.1674437627812,-0.1674437627811968,0.3325562372188031,-0.1588435374149384,0.3411564625850616
2025-02,full,Part_1B,C_301,11.553053053053054,-0.5530530530530537,-0.0530530530530537,-0.4605555555555547,0.0394444444444452,49.24401215805471,-0.2440121580547085,0.2559878419452914,-0.71513157894735,-0.21513157894735
2025-02,full,Part_1B,C_320,14.220588235294118,-0.2205882352941177,0.2794117647058822,-0.4381313131313149,0.061868686868685,51.58618784530388,-0.5861878453038827,-0.0861878453038826,-0.5447882736156373,-0.0447882736156373
2025-02,full,Part_1B,C_400,20.03544776119403,-0.0354477611940282,0.4645522388059717,-0.7014925373134346,-0.2014925373134346,55.71975384615385,-0.71975384615385,-0.2197538461538499,-0.3343434343434168,0.1656565656565831
2026-04,full,Part_1A,C_999,13.07933250044619,-0.0793325004461902,0.4206674995538098,-0.2954728370221318,0.2045271629778682,52.06699706005881,-0.0669970600588101,0.4330029399411899,-0.5702618883528672,-0.0702618883528671
2026-04,full,Part_1A,C_100,16.876404494382022,-0.8764044943820224,-0.3764044943820224,-0.1013513513513544,0.3986486486486456,52.817520661157026,-0.817520661157026,-0.317520661157026,-0.4018292682926727,0.0981707317073272
2026-04,full,Part_1A,C_110,24.766375545851528,-0.7663755458515276,-0.2663755458515275,-0.6550255536626892,-0.1550255536626892,55.97793450881613,-0.9779345088161336,-0.4779345088161335,-0.391726618705043,0.108273381294957
2026-04,full,Part_1A,C_120,26.37719298245614,-0.3771929824561404,0.1228070175438595,-0.4457013574660635,0.0542986425339364,61.13889570552148,-0.1388957055214774,0.3611042944785225,-0.5423841059602594,-0.0423841059602594
2026-04,full,Part_1A,C_130,11.675066312997348,-0.6750663129973482,-0.1750663129973482,-0.1224537037037052,0.3775462962962947,39.00365296803654,-0.0036529680365404,0.4963470319634595,-0.2240932642487081,0.2759067357512919
2026-04,full,Part_1A,C_301,4.733002291825821,-0.7330022918258212,-0.2330022918258212,-0.0112068965517249,0.4887931034482751,30.785060240963855,-0.7850602409638547,-0.2850602409638547,-0.6633333333332985,-0.1633333333332984
2026-04,full,Part_1A,C_320,11.274666666666668,-0.2746666666666666,0.2253333333333333,-0.7218309859154921,-0.2218309859154921,46.88474576271188,-0.88474576271188,-0.38474576271188,-0.5104166666666643,-0.0104166666666642
2026-04,full,Part_1A,C_400,5.7,-0.7000000000000002,-0.2000000000000001,-0.53125,-0.03125,31.093333333333344,-0.0933333333333443,0.4066666666666556,-0.2999999999999545,0.2000000000000454
2026-04,full,Part_1B,C_999,8.818650407940856,-0.8186504079408561,-0.3186504079408561,-0.4718173706127295,0.0281826293872704,44.22000777504212,-0.2200077750421201,0.2799922249578799,-0.9847228284591908,-0.4847228284591907
2026-04,full,Part_1B,C_100,7.272649572649573,-0.2726495726495725,0.2273504273504274,-0.1918016194331997,0.3081983805668002,44.265306122448976,-0.2653061224489761,0.2346938775510239,-0.7101851851851819,-0.2101851851851819
2026-04,full,Part_1B,C_110,12.87412739965096,-0.8741273996509591,-0.3741273996509591,-0.6489403453689171,-0.1489403453689171,47.06458394160585,-0.0645839416058464,0.4354160583941535,-0.9809477756286142,-0.4809477756286142
2026-04,full,Part_1B,C_120,13.446428571428571,-0.4464285714285712,0.0535714285714288,-0.703014184397162,-0.203014184397162,50.395518207282926,-0.3955182072829259,0.104481792717074,-0.2992341356673975,0.2007658643326024
2026-04,full,Part_1B,C_130,7.877244112846817,-0.8772441128468174,-0.3772441128468173,-0.6752784653465334,-0.1752784653465333,36.81172541743971,-0.8117254174397104,-0.3117254174397104,-0.0526966292134787,0.4473033707865212
2026-04,full,Part_1B,C_301,10.662020905923344,-0.6620209059233453,-0.1620209059233452,-0.3166089965397916,0.1833910034602084,45.91979899497488,-0.919798994974876,-0.4197989949748759,-0.0609230769230606,0.4390769230769393
2026-04,full,Part_1B,C_320,12.64176245210728,-0.6417624521072796,-0.1417624521072795,-0.1410171730515195,0.3589828269484805,44.588452830188686,-0.588452830188686,-0.088452830188686,-0.6634393063583701,-0.1634393063583701
2026-04,full,Part_1B,C_400,18.336893203883495,-0.3368932038834948,0.1631067961165051,-0.9609788359788354,-0.4609788359788354,49.602742857142864,-0.6027428571428644,-0.1027428571428643,-0.5320960698689916,-0.0320960698689916
